{
"nodeIds":[0,1,2,3,4,5,6,7,8,9,10,11,12,13,14,15,16],
"nodeSymbolList":["Initial","CONTROL_0","predicateArgument_0","predicateArgument_1","2","1","true","guard_0","-","+",">=","*","=","guard_1","FALSE","false","guard_2"],
"falseIndices":[14],
"initialIndices":[0],
"argumentIndices":[2,3],
"argumentBoundList":[[1,0],[1,0]],
"argumentBinaryOccurrenceList":[0,0],
"argumentOccurrence":[0,0],
"templateIndices":[],
"templateRelevanceLabel":[],
"templateCostLabel":[],
"clauseIndices":[],
"guardIndices":[7,13,16],
"clauseBinaryOccurrenceInCounterExampleList":[0,0,0],
"controlLocationIndices":[1],
"binaryAdjacentList":[[2,1],[2,9],[2,12],[3,1],[3,8],[3,11],[4,10],[4,11],[6,7],[8,9],[9,10],[10,13],[11,12],[12,13],[15,16]],
"ternaryAdjacencyList":[[0,7,1],[4,7,2],[5,7,3],[0,13,1],[1,16,14]],
"unknownEdges":[],
"argumentIDList":[0,1],
"argumentNameList":["predh83_10:argument0","predh83_10:argument1"],
"predicateIndices":[1],
"predicateOccurrenceInClause":[3],
"predicateStrongConnectedComponent":[0],
"argumentEdges":[[2,1],[3,1]],
"guardASTEdges":[[6,7],[10,13],[12,13],[15,16]],
"ASTEdges":[],
"AST_1Edges":[[3,8],[8,9],[9,10],[3,11],[11,12]],
"AST_2Edges":[[2,9],[4,10],[4,11],[2,12]],
"templateASTEdges":[],
"templateEdges":[],
"verifHintTplPredEdges":[],
"verifHintTplPredPosNegEdges":[],
"verifHintTplEqTermEdges":[],
"verifHintTplInEqTermEdges":[],
"verifHintTplInEqTermPosNegEdges":[],
"dataFlowASTEdges":[],
"controlFlowHyperEdges":[[0,7,1],[0,13,1],[1,16,14]],
"dataFlowHyperEdges":[[4,7,2],[5,7,3]],
"controlLocationEdgeForSCC":[],
"predicateTransitiveEdges":[],
"dummyFiled":[]
}