{
"nodeIds":[0,1,2,3,4,5,6,7,8,9,10,11,12,13,14,15,16,17,18,19,20,21,22,23,24,25,26,27,28,29,30,31,32,33,34,35,36,37,38,39,40,41,42,43,44,45,46,47,48,49,50,51,52,53,54,55,56,57,58,59,60,61,62,63,64,65,66,67,68,69,70,71,72,73,74,75,76,77,78,79,80,81,82,83,84,85,86,87,88,89,90,91,92,93,94,95,96,97,98,99,100,101,102,103,104,105,106,107,108,109,110,111,112,113,114,115,116,117,118,119,120,121,122,123,124,125,126,127,128,129,130,131,132,133,134,135,136,137,138,139,140,141,142],
"nodeSymbolList":["predicateName_0","predicateArgument_0","predicateArgument_1","predicateName_1","FALSE","clause_0",">=","symbolicConstant_0","1",">=","symbolicConstant_1","clauseHead_0","clauseArgument_0","clauseArgument_1","clause_1","=","symbolicConstant_2","0","!","=","symbolicConstant_3","!",">=","symbolicConstant_4",">=","symbolicConstant_5","clauseHead_1","clause_2","=","symbolicConstant_6","!","=","symbolicConstant_7","!",">=","symbolicConstant_8",">=","symbolicConstant_9","clauseHead_2","clause_3","=","symbolicConstant_10","!","=","symbolicConstant_11","!","=","symbolicConstant_12","!",">=","symbolicConstant_13",">=","symbolicConstant_14","clauseHead_3","clause_4","*","symbolicConstant_15","2","=","symbolicConstant_16","*","symbolicConstant_17","3","=","symbolicConstant_18",">=",">=","clauseHead_4","clauseArgument_2","clauseArgument_3","clauseBody_0","clauseArgument_4","clauseArgument_5","clause_5","*","symbolicConstant_19","=","symbolicConstant_20","*","symbolicConstant_21","=","symbolicConstant_22","=","symbolicConstant_23","!","=","symbolicConstant_24","!",">=",">=","clauseHead_5","clauseBody_1","clauseArgument_6","clauseArgument_7","clause_6","*","symbolicConstant_25","=","symbolicConstant_26","*","symbolicConstant_27","=","symbolicConstant_28","=","symbolicConstant_29","!","=","symbolicConstant_30","!",">=",">=","clauseHead_6","clauseBody_2","clauseArgument_8","clauseArgument_9","clause_7","*","symbolicConstant_31","=","symbolicConstant_32","*","symbolicConstant_33","=","symbolicConstant_34","=","symbolicConstant_35","!","=","symbolicConstant_36","!","=","symbolicConstant_37","!",">=",">=","clauseHead_7","clauseBody_3","clauseArgument_10","clauseArgument_11","clause_8","true","clauseHead_8","clauseBody_4"],
"falseIndices":[4],
"initialIndices":[],
"argumentIndices":[1,2],
"argumentBoundList":[[1,0],[1,0]],
"argumentBinaryOccurrenceList":[0,0],
"argumentOccurrence":[0,0],
"templateIndices":[],
"templateRelevanceLabel":[],
"templateCostLabel":[],
"clauseIndices":[5,14,27,39,54,73,94,115,139],
"guardIndices":[],
"clauseBinaryOccurrenceInCounterExampleList":[0,0,0,0,0,0,0,0,0],
"predictedLabel":[],
"controlLocationIndices":[],
"binaryAdjacentList":[[0,1],[0,2],[0,11],[0,67],[1,12],[1,68],[1,71],[1,92],[1,113],[1,137],[2,13],[2,69],[2,72],[2,93],[2,114],[2,138],[3,26],[3,38],[3,53],[3,90],[3,111],[3,135],[4,141],[5,11],[6,5],[7,6],[8,6],[8,9],[8,22],[8,36],[8,65],[8,66],[8,88],[8,110],[9,5],[10,9],[11,12],[11,13],[12,10],[13,7],[14,26],[15,18],[16,15],[17,15],[17,19],[17,24],[17,28],[17,31],[17,34],[17,40],[17,43],[17,46],[17,49],[17,51],[17,82],[17,85],[17,103],[17,106],[17,109],[17,124],[17,127],[17,130],[17,133],[18,14],[19,21],[20,19],[21,14],[22,14],[23,22],[24,14],[25,24],[27,38],[28,30],[29,28],[30,27],[31,33],[32,31],[33,27],[34,27],[35,34],[36,27],[37,36],[39,53],[40,42],[41,40],[42,39],[43,45],[44,43],[45,39],[46,48],[47,46],[48,39],[49,39],[50,49],[51,39],[52,51],[54,67],[55,58],[56,55],[56,65],[56,71],[57,55],[57,78],[57,99],[57,120],[58,54],[59,58],[60,63],[61,60],[61,66],[61,72],[62,60],[62,74],[62,95],[62,116],[63,54],[64,63],[65,54],[66,54],[67,68],[67,69],[68,59],[69,64],[70,0],[70,54],[71,70],[72,70],[73,90],[74,76],[75,74],[75,88],[75,93],[76,73],[77,76],[78,80],[79,78],[79,89],[79,92],[80,73],[81,80],[81,89],[82,84],[83,82],[84,73],[85,87],[86,85],[87,73],[88,73],[89,73],[91,0],[91,73],[92,91],[93,91],[94,111],[95,97],[96,95],[96,109],[96,114],[97,94],[98,97],[99,101],[100,99],[100,110],[100,113],[101,94],[102,101],[103,105],[104,103],[105,94],[106,108],[107,106],[108,94],[109,94],[110,94],[112,0],[112,94],[113,112],[114,112],[115,135],[116,118],[117,116],[117,133],[117,138],[118,115],[119,118],[120,122],[121,120],[121,134],[121,137],[122,115],[123,122],[123,134],[124,126],[125,124],[126,115],[127,129],[128,127],[129,115],[130,132],[131,130],[132,115],[133,115],[134,115],[136,0],[136,115],[137,136],[138,136],[139,141],[140,139],[142,3],[142,139]],
"ternaryAdjacencyList":[],
"unknownEdges":[],
"argumentIDList":[0,1],
"argumentNameList":["main_1_1:argument0","main_1_1:argument1"],
"predicateIndices":[0,3],
"predicateOccurrenceInClause":[6,7],
"predicateStrongConnectedComponent":[1,0],
"predicateArgumentEdges":[[0,1],[0,2]],
"predicateInstanceEdges":[[0,11],[3,26],[3,38],[3,53],[0,67],[70,0],[3,90],[91,0],[3,111],[112,0],[3,135],[136,0],[4,141],[142,3]],
"argumentInstanceEdges":[[1,12],[2,13],[1,68],[2,69],[1,71],[2,72],[1,92],[2,93],[1,113],[2,114],[1,137],[2,138]],
"controlHeadEdges":[[5,11],[14,26],[27,38],[39,53],[54,67],[73,90],[94,111],[115,135],[139,141]],
"controlBodyEdges":[[70,54],[91,73],[112,94],[136,115],[142,139]],
"controlEdges":[],
"controlArgumentEdges":[[11,12],[11,13],[67,68],[67,69],[71,70],[72,70],[92,91],[93,91],[113,112],[114,112],[137,136],[138,136]],
"subTermEdges":[[7,6],[8,6],[10,9],[8,9],[16,15],[17,15],[15,18],[20,19],[17,19],[19,21],[23,22],[8,22],[17,24],[25,24],[29,28],[17,28],[28,30],[32,31],[17,31],[31,33],[17,34],[35,34],[37,36],[8,36],[41,40],[17,40],[40,42],[44,43],[17,43],[43,45],[47,46],[17,46],[46,48],[17,49],[50,49],[17,51],[52,51],[56,55],[57,55],[59,58],[55,58],[61,60],[62,60],[60,63],[64,63],[56,65],[8,65],[61,66],[8,66],[75,74],[62,74],[77,76],[74,76],[79,78],[57,78],[78,80],[81,80],[83,82],[17,82],[82,84],[86,85],[17,85],[85,87],[75,88],[8,88],[79,89],[81,89],[96,95],[62,95],[98,97],[95,97],[100,99],[57,99],[99,101],[102,101],[104,103],[17,103],[103,105],[107,106],[17,106],[106,108],[17,109],[96,109],[100,110],[8,110],[117,116],[62,116],[119,118],[116,118],[121,120],[57,120],[120,122],[123,122],[125,124],[17,124],[124,126],[128,127],[17,127],[127,129],[131,130],[17,130],[130,132],[17,133],[117,133],[121,134],[123,134]],
"guardEdges":[[6,5],[9,5],[18,14],[21,14],[22,14],[24,14],[30,27],[33,27],[34,27],[36,27],[42,39],[45,39],[48,39],[49,39],[51,39],[58,54],[63,54],[65,54],[66,54],[76,73],[80,73],[84,73],[87,73],[88,73],[89,73],[97,94],[101,94],[105,94],[108,94],[109,94],[110,94],[118,115],[122,115],[126,115],[129,115],[132,115],[133,115],[134,115],[140,139]],
"dataEdges":[[12,10],[13,7],[68,59],[69,64],[56,71],[61,72],[79,92],[75,93],[100,113],[96,114],[121,137],[117,138]],
"predicateInstanceHeadEdges":[],
"predicateInstanceBodyEdges":[],
"controlArgumentHeadEdges":[],
"controlArgumentBodyEdges":[],
"guardConstantEdges":[],
"guardOperatorEdges":[],
"guardScEdges":[],
"dataConstantEdges":[],
"dataOperatorEdges":[],
"dataScEdges":[],
"subTermConstantOperatorEdges":[],
"subTermOperatorOperatorEdges":[],
"subTermScOperatorEdges":[],
"dummyFiled":[]
}