{
"nodeIds":[0,1,2,3,4,5,6,7,8,9,10,11,12,13,14,15,16,17,18,19,20],
"nodeSymbolList":["Initial","CONTROL_0","predicateArgument_0","predicateArgument_1","CONTROL_1","predicateArgument_2","predicateArgument_3","+","1","+","=","0","!","guard_0","true","guard_1","guard_2","FALSE","=","!","guard_3"],
"falseIndices":[17],
"initialIndices":[0],
"argumentIndices":[2,3,5,6],
"argumentBoundList":[[1,0],[1,0],[1,0],[1,0]],
"argumentBinaryOccurrenceList":[0,0,0,0],
"argumentOccurrence":[0,0,0,0],
"templateIndices":[],
"templateRelevanceLabel":[],
"templateCostLabel":[],
"clauseIndices":[],
"guardIndices":[13,15,16,20],
"clauseBinaryOccurrenceInCounterExampleList":[0,0,0,0],
"controlLocationIndices":[1,4],
"binaryAdjacentList":[[2,1],[2,18],[3,1],[3,10],[3,18],[5,4],[5,7],[6,4],[6,9],[8,7],[8,9],[10,12],[11,10],[12,13],[14,15],[14,16],[18,19],[19,20]],
"ternaryAdjacencyList":[[4,13,1],[7,13,2],[9,13,3],[1,15,4],[2,15,5],[3,15,6],[0,16,1],[11,16,2],[11,16,3],[1,20,17]],
"unknownEdges":[],
"argumentIDList":[0,1,2,3],
"argumentNameList":["map$unknown:2:argument0","map$unknown:2:argument1","map$unknown:2_0_1:argument0","map$unknown:2_0_1:argument1"],
"predicateIndices":[1,4],
"predicateOccurrenceInClause":[4,2],
"predicateStrongConnectedComponent":[1,1],
"argumentEdges":[[2,1],[3,1],[5,4],[6,4]],
"guardASTEdges":[[12,13],[14,15],[14,16],[19,20]],
"ASTEdges":[],
"AST_1Edges":[[8,7],[8,9],[3,10],[10,12],[2,18],[18,19]],
"AST_2Edges":[[5,7],[6,9],[11,10],[3,18]],
"templateASTEdges":[],
"templateEdges":[],
"verifHintTplPredEdges":[],
"verifHintTplPredPosNegEdges":[],
"verifHintTplEqTermEdges":[],
"verifHintTplInEqTermEdges":[],
"verifHintTplInEqTermPosNegEdges":[],
"dataFlowASTEdges":[],
"controlFlowHyperEdges":[[4,13,1],[1,15,4],[0,16,1],[1,20,17]],
"dataFlowHyperEdges":[[7,13,2],[9,13,3],[2,15,5],[3,15,6],[11,16,2],[11,16,3]],
"controlLocationEdgeForSCC":[],
"predicateTransitiveEdges":[],
"dummyFiled":[]
}