{
"nodeIds":[0,1,2,3,4,5,6,7,8,9,10,11,12,13,14,15,16,17,18,19,20,21,22,23,24,25,26,27,28,29,30,31,32,33,34,35,36,37,38,39,40,41,42,43,44,45,46,47,48,49,50,51,52,53,54,55,56,57,58,59,60,61,62,63,64,65,66,67,68,69,70,71,72,73,74,75,76,77,78,79,80,81,82,83,84,85,86,87,88,89,90,91,92,93,94,95,96,97,98,99,100,101,102,103,104,105,106,107,108,109,110,111,112,113],
"nodeSymbolList":["predicateName_0","predicateArgument_0","predicateArgument_1","predicateName_1","FALSE","clause_0","+","symbolicConstant_0","symbolicConstant_1","=","symbolicConstant_2","-","+",">=","2",">=","0","clauseHead_0","clauseArgument_0","clauseArgument_1","clause_1","+","symbolicConstant_3","symbolicConstant_4","=","symbolicConstant_5","=","symbolicConstant_6","!","=","symbolicConstant_7","!","-","+",">=",">=","-1","clauseHead_1","clause_2","+","symbolicConstant_8","symbolicConstant_9","=","symbolicConstant_10","=","symbolicConstant_11","!","=","symbolicConstant_12","!","-","+",">=",">=","clauseHead_2","clause_3","+","symbolicConstant_13","symbolicConstant_14","=","symbolicConstant_15","=","symbolicConstant_16","!","=","symbolicConstant_17","!","=","symbolicConstant_18","!","-","+",">=",">=","clauseHead_3","clause_4","+","symbolicConstant_19","1",">=","!","+","symbolicConstant_20","-","+","=","symbolicConstant_21","clauseHead_4","clauseArgument_2","clauseArgument_3","clauseBody_0","clauseArgument_4","clauseArgument_5","clause_5","-","symbolicConstant_22","+","symbolicConstant_23","+","symbolicConstant_24","=","=","symbolicConstant_25","!",">=","-2","clauseHead_5","clauseBody_1","clauseArgument_6","clauseArgument_7","clause_6","true","clauseHead_6","clauseBody_2"],
"falseIndices":[4],
"initialIndices":[],
"argumentIndices":[1,2],
"argumentBoundList":[[0,0],[1,0]],
"argumentBinaryOccurrenceList":[0,0],
"argumentOccurrence":[0,0],
"templateIndices":[],
"templateRelevanceLabel":[],
"templateCostLabel":[],
"clauseIndices":[5,20,38,55,75,93,110],
"guardIndices":[],
"clauseBinaryOccurrenceInCounterExampleList":[0,0,0,0,0,0,0],
"predictedLabel":[],
"controlLocationIndices":[],
"binaryAdjacentList":[[0,1],[0,2],[0,17],[0,87],[1,18],[1,88],[1,91],[1,108],[2,19],[2,89],[2,92],[2,109],[3,37],[3,54],[3,74],[3,106],[4,112],[5,17],[6,9],[7,6],[8,6],[8,11],[9,5],[10,9],[10,12],[10,15],[11,12],[12,13],[13,5],[14,13],[14,34],[15,5],[16,15],[16,26],[16,29],[16,44],[16,47],[16,53],[16,61],[16,64],[16,67],[16,100],[16,101],[17,18],[17,19],[18,8],[19,7],[20,37],[21,24],[22,21],[23,21],[23,32],[24,20],[25,24],[25,33],[25,35],[26,28],[27,26],[28,20],[29,31],[30,29],[31,20],[32,33],[33,34],[34,20],[35,20],[36,35],[36,52],[36,72],[36,73],[36,79],[36,81],[38,54],[39,42],[40,39],[41,39],[41,51],[42,38],[43,42],[43,50],[43,53],[44,46],[45,44],[46,38],[47,49],[48,47],[49,38],[50,51],[51,52],[52,38],[53,38],[55,74],[56,59],[57,56],[58,56],[58,71],[59,55],[60,59],[60,70],[60,73],[61,63],[62,61],[63,55],[64,66],[65,64],[66,55],[67,69],[68,67],[69,55],[70,71],[71,72],[72,55],[73,55],[75,87],[76,79],[77,76],[77,84],[77,91],[78,76],[79,80],[80,75],[81,83],[81,92],[82,81],[83,84],[84,85],[85,75],[86,85],[87,88],[87,89],[88,86],[89,82],[90,0],[90,75],[91,90],[92,90],[93,106],[94,96],[95,94],[95,104],[95,108],[96,98],[97,96],[97,109],[98,100],[99,98],[100,93],[101,103],[102,101],[103,93],[104,93],[105,104],[107,0],[107,93],[108,107],[109,107],[110,112],[111,110],[113,3],[113,110]],
"ternaryAdjacencyList":[],
"unknownEdges":[],
"argumentIDList":[0,1],
"argumentNameList":["main_1_1:argument0","main_1_1:argument1"],
"predicateIndices":[0,3],
"predicateOccurrenceInClause":[4,5],
"predicateStrongConnectedComponent":[1,0],
"predicateArgumentEdges":[[0,1],[0,2]],
"predicateInstanceEdges":[[0,17],[3,37],[3,54],[3,74],[0,87],[90,0],[3,106],[107,0],[4,112],[113,3]],
"argumentInstanceEdges":[[1,18],[2,19],[1,88],[2,89],[1,91],[2,92],[1,108],[2,109]],
"controlHeadEdges":[[5,17],[20,37],[38,54],[55,74],[75,87],[93,106],[110,112]],
"controlBodyEdges":[[90,75],[107,93],[113,110]],
"controlEdges":[],
"controlArgumentEdges":[[17,18],[17,19],[87,88],[87,89],[91,90],[92,90],[108,107],[109,107]],
"subTermEdges":[[7,6],[8,6],[6,9],[10,9],[8,11],[11,12],[10,12],[12,13],[14,13],[10,15],[16,15],[22,21],[23,21],[21,24],[25,24],[27,26],[16,26],[26,28],[30,29],[16,29],[29,31],[23,32],[32,33],[25,33],[33,34],[14,34],[36,35],[25,35],[40,39],[41,39],[39,42],[43,42],[45,44],[16,44],[44,46],[48,47],[16,47],[47,49],[43,50],[41,51],[50,51],[51,52],[36,52],[43,53],[16,53],[57,56],[58,56],[56,59],[60,59],[62,61],[16,61],[61,63],[65,64],[16,64],[64,66],[68,67],[16,67],[67,69],[60,70],[58,71],[70,71],[71,72],[36,72],[36,73],[60,73],[77,76],[78,76],[36,79],[76,79],[79,80],[82,81],[36,81],[81,83],[77,84],[83,84],[86,85],[84,85],[95,94],[97,96],[94,96],[96,98],[99,98],[98,100],[16,100],[102,101],[16,101],[101,103],[105,104],[95,104]],
"guardEdges":[[9,5],[13,5],[15,5],[24,20],[28,20],[31,20],[34,20],[35,20],[42,38],[46,38],[49,38],[52,38],[53,38],[59,55],[63,55],[66,55],[69,55],[72,55],[73,55],[80,75],[85,75],[100,93],[103,93],[104,93],[111,110]],
"dataEdges":[[18,8],[19,7],[88,86],[89,82],[77,91],[81,92],[95,108],[97,109]],
"predicateInstanceHeadEdges":[],
"predicateInstanceBodyEdges":[],
"controlArgumentHeadEdges":[],
"controlArgumentBodyEdges":[],
"guardConstantEdges":[],
"guardOperatorEdges":[],
"guardScEdges":[],
"dataConstantEdges":[],
"dataOperatorEdges":[],
"dataScEdges":[],
"subTermConstantOperatorEdges":[],
"subTermOperatorOperatorEdges":[],
"subTermScOperatorEdges":[],
"dummyFiled":[]
}