{
"nodeIds":[0,1,2,3,4,5,6,7,8,9,10,11,12,13,14,15,16,17,18,19,20,21,22,23,24,25,26,27,28,29,30,31,32,33,34,35,36,37,38,39,40,41,42,43,44,45,46,47,48,49,50,51,52,53,54,55,56,57,58,59,60,61,62,63,64],
"nodeSymbolList":["dummy","Initial","CONTROL_0","predicateArgument_0","predicateArgument_1","predicateArgument_2","predicateArgument_3","predicateArgument_4","0","-","+","=","-1","guard_0","CONTROL_1","predicateArgument_5","predicateArgument_6","predicateArgument_7","predicateArgument_8","predicateArgument_9","+","1","+","+","+","2","*",">=",">=","guard_1","true","guard_2","CONTROL_2","predicateArgument_10","predicateArgument_11","predicateArgument_12","predicateArgument_13","predicateArgument_14","+","+","*",">=",">=","guard_3","guard_4","CONTROL_3","predicateArgument_15","predicateArgument_16","predicateArgument_17","predicateArgument_18","predicateArgument_19","+","+","*",">=",">=","guard_5","guard_6","FALSE","=","!","*",">=",">=","guard_7"],
"falseIndices":[58],
"initialIndices":[1],
"argumentIndices":[3,4,5,6,7,15,16,17,18,19,33,34,35,36,37,46,47,48,49,50],
"argumentBoundList":[["None","None"],["None","None"],["None","None"],["None","None"],["None","None"],["None","None"],["None","None"],["None","None"],["None","None"],["None","None"],["None","None"],["None","None"],["None","None"],["None","None"],["None","None"],["None","None"],["None","None"],["None","None"],["None","None"],["None","None"]],
"argumentBinaryOccurrenceList":[0,0,0,0,0,0,0,0,0,0,0,0,0,0,0,0,0,0,0,0],
"argumentOccurrence":[0,0,0,0,0,0,0,0,0,0,0,0,0,0,0,0,0,0,0,0],
"templateIndices":[],
"templateRelevanceLabel":[],
"templateCostLabel":[],
"clauseIndices":[],
"guardIndices":[13,29,31,43,44,56,57,64],
"clauseBinaryOccurrenceInCounterExampleList":[1,0,0,0,0,0,0,1],
"predictedLabel":[],
"controlLocationIndices":[2,14,32,45],
"binaryAdjacentList":[[2,2],[3,2],[3,27],[3,41],[3,54],[3,62],[4,2],[4,59],[5,2],[5,10],[5,26],[5,40],[5,53],[5,61],[6,2],[6,9],[6,28],[6,42],[6,55],[6,63],[7,2],[7,59],[8,28],[8,42],[8,55],[8,63],[9,10],[10,11],[11,13],[12,11],[12,23],[12,51],[14,14],[15,14],[15,20],[16,14],[16,22],[17,14],[18,14],[18,23],[19,14],[19,24],[21,20],[21,22],[21,38],[21,39],[25,24],[25,26],[25,40],[25,52],[25,53],[25,61],[26,27],[27,29],[28,29],[30,31],[30,44],[30,57],[32,32],[33,32],[33,38],[34,32],[34,39],[35,32],[36,32],[37,32],[40,41],[41,43],[42,43],[45,45],[46,45],[47,45],[48,45],[49,45],[49,51],[50,45],[50,52],[53,54],[54,56],[55,56],[59,60],[60,64],[61,62],[62,64],[63,64]],
"ternaryAdjacencyList":[[1,13,2],[8,13,3],[8,13,4],[8,13,7],[14,29,2],[20,29,3],[22,29,4],[17,29,5],[23,29,6],[24,29,7],[2,31,14],[3,31,15],[4,31,16],[5,31,17],[6,31,18],[7,31,19],[32,43,2],[38,43,3],[39,43,4],[35,43,5],[36,43,6],[37,43,7],[2,44,32],[3,44,33],[4,44,34],[5,44,35],[6,44,36],[7,44,37],[45,56,2],[46,56,3],[47,56,4],[48,56,5],[51,56,6],[52,56,7],[2,57,45],[3,57,46],[4,57,47],[5,57,48],[6,57,49],[7,57,50],[2,64,58]],
"unknownEdges":[],
"argumentIDList":[0,1,2,3,4,5,6,7,8,9,10,11,12,13,14,15,16,17,18,19],
"argumentNameList":["INV_MAIN_42:argument0","INV_MAIN_42:argument1","INV_MAIN_42:argument2","INV_MAIN_42:argument3","INV_MAIN_42:argument4","INV_MAIN_42_1_1:argument0","INV_MAIN_42_1_1:argument1","INV_MAIN_42_1_1:argument2","INV_MAIN_42_1_1:argument3","INV_MAIN_42_1_1:argument4","INV_MAIN_42_2_1:argument0","INV_MAIN_42_2_1:argument1","INV_MAIN_42_2_1:argument2","INV_MAIN_42_2_1:argument3","INV_MAIN_42_2_1:argument4","INV_MAIN_42_3_1:argument0","INV_MAIN_42_3_1:argument1","INV_MAIN_42_3_1:argument2","INV_MAIN_42_3_1:argument3","INV_MAIN_42_3_1:argument4"],
"predicateIndices":[2,14,32,45],
"predicateOccurrenceInClause":[8,2,2,2],
"predicateStrongConnectedComponent":[1,1,1,1],
"argumentEdges":[[3,2],[4,2],[5,2],[6,2],[7,2],[15,14],[16,14],[17,14],[18,14],[19,14],[33,32],[34,32],[35,32],[36,32],[37,32],[46,45],[47,45],[48,45],[49,45],[50,45]],
"guardASTEdges":[[11,13],[27,29],[28,29],[30,31],[41,43],[42,43],[30,44],[54,56],[55,56],[30,57],[60,64],[62,64],[63,64]],
"ASTEdges":[],
"AST_1Edges":[[5,10],[10,11],[21,20],[21,22],[12,23],[25,24],[5,26],[26,27],[6,28],[21,38],[21,39],[5,40],[40,41],[8,42],[12,51],[25,52],[5,53],[3,54],[6,55],[4,59],[59,60],[5,61],[3,62],[8,63]],
"AST_2Edges":[[6,9],[9,10],[12,11],[15,20],[16,22],[18,23],[19,24],[25,26],[3,27],[8,28],[33,38],[34,39],[25,40],[3,41],[6,42],[49,51],[50,52],[25,53],[53,54],[8,55],[7,59],[25,61],[61,62],[6,63]],
"templateASTEdges":[],
"templateEdges":[],
"verifHintTplPredEdges":[],
"verifHintTplPredPosNegEdges":[],
"verifHintTplEqTermEdges":[],
"verifHintTplInEqTermEdges":[],
"verifHintTplInEqTermPosNegEdges":[],
"dataFlowASTEdges":[],
"controlFlowHyperEdges":[[1,13,2],[14,29,2],[2,31,14],[32,43,2],[2,44,32],[45,56,2],[2,57,45],[2,64,58]],
"dataFlowHyperEdges":[[8,13,3],[8,13,4],[8,13,7],[20,29,3],[22,29,4],[17,29,5],[23,29,6],[24,29,7],[3,31,15],[4,31,16],[5,31,17],[6,31,18],[7,31,19],[38,43,3],[39,43,4],[35,43,5],[36,43,6],[37,43,7],[3,44,33],[4,44,34],[5,44,35],[6,44,36],[7,44,37],[46,56,3],[47,56,4],[48,56,5],[51,56,6],[52,56,7],[3,57,46],[4,57,47],[5,57,48],[6,57,49],[7,57,50]],
"controlLocationEdgeForSCC":[],
"predicateTransitiveEdges":[[32,32],[45,45],[14,14],[2,2]],
"dummyFiled":[]
}