{
"nodeIds":[0,1,2,3,4,5,6,7,8,9,10,11,12,13,14,15,16,17,18,19,20,21,22,23,24,25,26,27,28,29,30,31,32,33,34,35,36,37,38,39,40,41,42,43,44,45,46,47,48,49,50,51,52,53,54,55,56,57,58,59,60,61,62,63,64,65,66,67,68,69,70,71,72,73,74,75,76,77,78,79,80,81,82,83,84,85,86,87,88,89,90,91,92,93,94,95,96,97,98,99,100,101,102,103,104,105,106,107,108,109,110,111,112,113,114,115,116,117,118,119,120,121,122,123,124,125,126,127,128,129,130,131,132,133,134,135,136,137,138,139,140,141,142,143,144,145,146,147,148,149,150,151,152,153,154,155,156,157,158,159,160,161,162,163,164,165,166,167,168,169,170,171,172,173,174,175,176,177,178,179,180,181,182,183,184,185,186,187,188,189,190,191,192,193,194,195,196,197,198,199,200,201,202,203,204,205,206,207,208,209,210,211,212,213,214,215,216,217,218,219,220,221,222,223,224,225,226,227,228,229,230,231,232,233,234,235,236,237,238,239,240,241,242,243,244,245,246,247,248,249,250,251,252,253,254,255,256,257,258,259,260,261,262,263,264,265,266,267,268,269,270,271,272,273,274,275,276,277,278,279,280,281,282,283,284,285,286,287,288,289,290,291,292,293,294,295,296,297,298,299,300,301,302,303,304,305,306,307,308,309,310,311,312,313,314,315,316,317,318,319,320,321,322,323,324,325,326,327,328,329,330,331,332,333,334,335,336,337,338,339,340],
"nodeSymbolList":["dummy","Initial","CONTROL_0","predicateArgument_0","predicateArgument_1","predicateArgument_2","CONTROL_1","predicateArgument_3","predicateArgument_4","predicateArgument_5","CONTROL_2","predicateArgument_6","predicateArgument_7","predicateArgument_8","=","!","=","=","=","guard_0","=","=","guard_1","CONTROL_3","predicateArgument_9","predicateArgument_10","predicateArgument_11","CONTROL_4","predicateArgument_12","predicateArgument_13","CONTROL_5","predicateArgument_14","predicateArgument_15","predicateArgument_16","=","!","=","=","guard_2","CONTROL_6","predicateArgument_17","predicateArgument_18","predicateArgument_19","predicateArgument_20","predicateArgument_21","predicateArgument_22","predicateArgument_23","predicateArgument_24","true","guard_3","=","!","=","=","=","guard_4","CONTROL_7","predicateArgument_25","predicateArgument_26","predicateArgument_27","predicateArgument_28","predicateArgument_29","predicateArgument_30","predicateArgument_31","predicateArgument_32","guard_5","CONTROL_8","predicateArgument_33","predicateArgument_34","predicateArgument_35","CONTROL_9","predicateArgument_36","predicateArgument_37","predicateArgument_38","=","=","=","guard_6","CONTROL_10","predicateArgument_39","predicateArgument_40","CONTROL_11","predicateArgument_41","predicateArgument_42","CONTROL_12","predicateArgument_43","predicateArgument_44","CONTROL_13","predicateArgument_45","predicateArgument_46","-","+",">=","1","=","guard_7","guard_8","CONTROL_14","predicateArgument_47","predicateArgument_48","predicateArgument_49","predicateArgument_50","predicateArgument_51","predicateArgument_52","CONTROL_15","predicateArgument_53","predicateArgument_54","guard_9","guard_10","-","+",">=","=","=","guard_11","CONTROL_16","predicateArgument_55","predicateArgument_56","-","+",">=","=","=","guard_12","CONTROL_17","predicateArgument_57","predicateArgument_58","predicateArgument_59","predicateArgument_60","predicateArgument_61","predicateArgument_62","predicateArgument_63","guard_13","CONTROL_18","predicateArgument_64","predicateArgument_65","-","+",">=","=","=","guard_14","CONTROL_19","predicateArgument_66","predicateArgument_67","predicateArgument_68","predicateArgument_69","predicateArgument_70","predicateArgument_71","guard_15","-","+",">=","=","=","=","guard_16","CONTROL_20","predicateArgument_72","predicateArgument_73","predicateArgument_74","CONTROL_21","predicateArgument_75","predicateArgument_76","predicateArgument_77","+","+","+",">=","=","guard_17","guard_18","CONTROL_22","predicateArgument_78","predicateArgument_79","predicateArgument_80","predicateArgument_81","predicateArgument_82","predicateArgument_83","predicateArgument_84","CONTROL_23","predicateArgument_85","predicateArgument_86","predicateArgument_87","guard_19","+","-1","-","+",">=","=","=","=","guard_20","-","+",">=","=","guard_21","-","+",">=","=","=","guard_22","CONTROL_24","predicateArgument_88","predicateArgument_89","+","+",">=","=","guard_23","guard_24",">=","=","=","=","guard_25",">=","=","guard_26","-","+",">=","guard_27","CONTROL_25","predicateArgument_90","predicateArgument_91",">=","=","=","guard_28","CONTROL_26","predicateArgument_92","predicateArgument_93",">=","=","=","guard_29","CONTROL_27","predicateArgument_94","predicateArgument_95","CONTROL_28","predicateArgument_96","predicateArgument_97",">=","=","=","=","0","guard_30","CONTROL_29","predicateArgument_98","predicateArgument_99","CONTROL_30","predicateArgument_100","predicateArgument_101","-","+",">=","=","guard_31","guard_32","CONTROL_31","predicateArgument_102","predicateArgument_103","predicateArgument_104","predicateArgument_105","predicateArgument_106","predicateArgument_107","CONTROL_32","predicateArgument_108","predicateArgument_109","guard_33","guard_34","-","+",">=","=","=","guard_35","CONTROL_33","predicateArgument_110","predicateArgument_111","+","+",">=","=","guard_36","guard_37","-","+",">=","guard_38",">=","guard_39",">=","guard_40",">=","guard_41","CONTROL_34","predicateArgument_112","predicateArgument_113",">=","guard_42","-","+",">=",">=","=","=","guard_43",">=","guard_44","-","+",">=",">=","=","=","guard_45","=","=","guard_46","=","guard_47","FALSE",">=",">=","guard_48","FALSE",">=",">=","guard_49","FALSE","-","+",">=",">=","guard_50"],
"falseIndices":[327,331,335],
"initialIndices":[1],
"argumentIndices":[3,4,5,7,8,9,11,12,13,24,25,26,28,29,31,32,33,40,41,42,43,44,45,46,47,57,58,59,60,61,62,63,64,67,68,69,71,72,73,79,80,82,83,85,86,88,89,98,99,100,101,102,103,105,106,116,117,125,126,127,128,129,130,131,134,135,143,144,145,146,147,148,158,159,160,162,163,164,173,174,175,176,177,178,179,181,182,183,206,207,227,228,234,235,241,242,244,245,253,254,256,257,265,266,267,268,269,270,272,273,283,284,302,303],
"argumentBoundList":[[1,0],[1,0],[1,0],[1,0],[1,0],[1,0],[0,0],[1,0],[1,0],[0,0],[1,0],[1,0],[1,0],[1,0],[1,0],[1,0],[1,0],[0,0],[1,0],[1,0],[1,0],[1,0],[1,0],[1,0],[1,0],[1,0],[1,0],[1,0],[1,0],[1,0],[1,0],[1,0],[1,0],[1,0],[1,0],[1,0],[0,0],[1,0],[1,0],[1,0],[1,0],[1,0],[1,0],[1,0],[1,0],[1,0],[1,0],[1,0],[1,0],[0,0],[0,0],[1,0],[1,0],[0,0],[0,0],[0,0],[1,0],[1,0],[1,0],[1,0],[1,0],[1,0],[1,0],[1,0],[1,0],[1,0],[1,0],[1,0],[1,0],[1,0],[1,0],[1,0],[0,0],[1,0],[1,0],[0,0],[1,0],[1,0],[1,0],[1,0],[1,0],[1,0],[1,0],[1,0],[1,0],[1,0],[1,0],[1,0],[1,0],[1,0],[1,0],[1,0],[1,0],[1,0],[1,0],[1,0],[1,0],[1,0],[1,0],[1,0],[1,0],[1,0],[1,0],[1,0],[0,0],[0,0],[1,0],[1,0],[0,0],[0,0],[1,0],[1,0],[0,0],[1,0]],
"argumentBinaryOccurrenceList":[0,0,0,0,0,0,0,0,0,0,0,0,0,0,0,0,0,0,0,0,0,0,0,0,0,0,0,0,0,0,0,0,0,0,0,0,0,0,0,0,0,0,0,0,0,0,0,0,0,0,0,0,0,0,0,0,0,0,0,0,0,0,0,0,0,0,0,0,0,0,0,0,0,0,0,0,0,0,0,0,0,0,0,0,0,0,0,0,0,0,0,0,0,0,0,0,0,0,0,0,0,0,0,0,0,0,0,0,0,0,0,0,0,0],
"argumentOccurrence":[0,0,0,0,0,0,0,0,0,0,0,0,0,0,0,0,0,0,0,0,0,0,0,0,0,0,0,0,0,0,0,0,0,0,0,0,0,0,0,0,0,0,0,0,0,0,0,0,0,0,0,0,0,0,0,0,0,0,0,0,0,0,0,0,0,0,0,0,0,0,0,0,0,0,0,0,0,0,0,0,0,0,0,0,0,0,0,0,0,0,0,0,0,0,0,0,0,0,0,0,0,0,0,0,0,0,0,0,0,0,0,0,0,0],
"templateIndices":[],
"templateRelevanceLabel":[],
"templateCostLabel":[],
"clauseIndices":[],
"guardIndices":[19,22,38,49,55,65,77,95,96,107,108,114,123,132,141,149,156,170,171,184,193,198,204,212,213,218,221,225,232,239,251,262,263,274,275,281,289,290,294,296,298,300,305,312,314,321,324,326,330,334,340],
"clauseBinaryOccurrenceInCounterExampleList":[0,0,0,0,0,0,0,0,0,0,0,0,0,0,0,0,0,0,0,0,0,0,0,0,0,0,0,0,0,0,0,0,0,0,0,0,0,0,0,0,0,0,0,0,0,0,0,0,0,0,0],
"predictedLabel":[],
"controlLocationIndices":[2,6,10,23,27,30,39,56,66,70,78,81,84,87,97,104,115,124,133,142,157,161,172,180,205,226,233,240,243,252,255,264,271,282,301],
"binaryAdjacentList":[[2,2],[3,2],[3,14],[3,16],[3,20],[3,21],[4,2],[4,17],[5,2],[5,14],[5,18],[5,20],[6,6],[7,6],[7,50],[7,52],[8,6],[8,53],[9,6],[9,50],[9,54],[10,10],[11,10],[11,16],[12,10],[12,17],[12,322],[13,10],[13,18],[13,21],[13,323],[14,15],[15,19],[16,19],[17,19],[18,19],[20,22],[21,22],[23,23],[24,23],[24,34],[24,325],[25,23],[25,36],[26,23],[26,34],[26,37],[26,325],[27,27],[28,27],[28,200],[28,203],[28,322],[29,27],[29,199],[29,202],[29,323],[30,30],[31,30],[31,154],[32,30],[32,36],[32,151],[32,155],[33,30],[33,37],[33,150],[33,153],[34,35],[35,38],[36,38],[36,38],[37,38],[37,38],[37,38],[39,39],[40,39],[40,52],[41,39],[42,39],[43,39],[44,39],[45,39],[46,39],[46,53],[47,39],[47,54],[48,49],[48,65],[48,96],[48,107],[48,108],[48,132],[48,149],[48,171],[48,184],[48,213],[48,263],[48,274],[48,275],[48,290],[50,51],[51,55],[52,55],[53,55],[53,55],[53,55],[54,55],[54,55],[54,55],[54,55],[56,56],[57,56],[58,56],[59,56],[60,56],[61,56],[62,56],[62,76],[63,56],[63,74],[64,56],[64,75],[66,66],[67,66],[67,76],[68,66],[68,74],[69,66],[69,75],[70,70],[71,70],[72,70],[72,119],[72,122],[73,70],[73,118],[73,121],[74,77],[74,77],[74,77],[75,77],[75,77],[75,77],[75,77],[76,77],[78,78],[79,78],[79,222],[80,78],[80,91],[80,94],[80,223],[81,81],[82,81],[83,81],[84,84],[85,84],[85,112],[85,165],[85,208],[85,230],[86,84],[86,110],[86,113],[86,229],[86,231],[87,87],[88,87],[88,90],[88,121],[88,166],[88,194],[88,202],[88,210],[89,87],[89,94],[89,122],[89,197],[89,203],[89,210],[89,211],[89,299],[90,91],[91,92],[92,95],[93,92],[93,111],[93,120],[93,138],[93,152],[93,165],[93,166],[93,167],[93,189],[93,196],[93,201],[93,208],[93,209],[93,224],[93,229],[93,236],[93,246],[93,260],[93,278],[93,285],[93,286],[93,293],[93,295],[93,297],[93,299],[93,304],[93,308],[93,313],[93,317],[93,338],[94,95],[94,95],[97,97],[98,97],[99,97],[100,97],[100,109],[101,97],[102,97],[102,112],[103,97],[103,113],[104,104],[105,104],[106,104],[109,110],[110,111],[111,114],[112,114],[113,114],[113,114],[113,114],[115,115],[116,115],[117,115],[117,195],[117,197],[117,219],[117,220],[118,119],[119,120],[120,123],[121,123],[122,123],[122,123],[124,124],[125,124],[125,139],[126,124],[127,124],[128,124],[129,124],[130,124],[130,136],[131,124],[131,140],[133,133],[134,133],[134,139],[134,237],[135,133],[135,137],[135,140],[135,236],[135,238],[136,137],[137,138],[138,141],[139,141],[140,141],[140,141],[140,141],[142,142],[143,142],[144,142],[145,142],[145,153],[146,142],[147,142],[147,154],[148,142],[148,155],[150,151],[151,152],[152,156],[153,156],[153,156],[154,156],[155,156],[155,156],[155,156],[157,157],[158,157],[158,217],[159,157],[159,168],[159,215],[159,219],[160,157],[160,168],[160,169],[160,216],[160,220],[160,295],[161,161],[162,161],[163,161],[163,167],[164,161],[164,169],[168,170],[169,170],[169,170],[172,172],[173,172],[174,172],[175,172],[175,190],[176,172],[177,172],[177,192],[178,172],[178,185],[179,172],[179,191],[180,180],[181,180],[181,192],[181,217],[182,180],[182,187],[182,190],[182,214],[182,215],[182,249],[183,180],[183,188],[183,191],[183,214],[183,216],[186,185],[186,333],[186,339],[187,188],[188,189],[189,193],[190,193],[190,193],[191,193],[191,193],[191,193],[192,193],[194,195],[195,196],[196,198],[197,198],[197,198],[199,200],[200,201],[201,204],[202,204],[203,204],[205,205],[206,205],[206,209],[207,205],[207,211],[210,212],[211,212],[214,218],[215,218],[216,218],[216,218],[217,218],[219,221],[220,221],[222,223],[223,224],[224,225],[226,226],[227,226],[227,230],[227,306],[227,309],[227,310],[228,226],[228,231],[228,307],[228,311],[229,232],[230,232],[231,232],[233,233],[234,233],[234,237],[234,315],[234,318],[234,319],[235,233],[235,238],[235,316],[235,320],[236,239],[237,239],[238,239],[240,240],[241,240],[241,247],[241,258],[241,279],[241,285],[242,240],[242,246],[242,248],[242,261],[242,277],[242,280],[243,243],[244,243],[244,247],[244,291],[245,243],[245,248],[245,259],[245,261],[245,292],[246,251],[247,251],[248,251],[249,251],[250,249],[250,309],[250,318],[250,329],[252,252],[253,252],[254,252],[255,255],[256,255],[256,287],[257,255],[257,287],[257,288],[257,297],[258,259],[259,260],[260,262],[261,262],[261,262],[264,264],[265,264],[265,276],[266,264],[267,264],[268,264],[269,264],[269,279],[270,264],[270,280],[271,271],[272,271],[273,271],[276,277],[277,278],[278,281],[279,281],[280,281],[280,281],[280,281],[282,282],[283,282],[283,286],[284,282],[284,288],[287,289],[288,289],[291,292],[292,293],[293,294],[295,296],[297,298],[299,300],[301,301],[302,301],[302,310],[302,319],[302,328],[302,329],[302,332],[302,333],[302,336],[302,339],[303,301],[303,304],[303,311],[303,313],[303,320],[303,328],[303,332],[303,337],[304,305],[306,307],[307,308],[308,312],[309,312],[310,312],[311,312],[313,314],[315,316],[316,317],[317,321],[318,321],[319,321],[320,321],[322,324],[322,324],[323,324],[323,324],[323,324],[325,326],[328,330],[329,330],[332,334],[333,334],[336,337],[337,338],[338,340],[339,340]],
"ternaryAdjacencyList":[[6,19,2],[10,19,2],[11,19,3],[12,19,4],[13,19,5],[10,22,2],[13,22,3],[12,22,4],[10,38,23],[27,38,23],[30,38,23],[11,38,24],[32,38,25],[33,38,26],[10,49,39],[27,49,39],[30,49,39],[11,49,40],[12,49,41],[13,49,42],[28,49,43],[29,49,44],[31,49,45],[32,49,46],[33,49,47],[30,55,6],[39,55,6],[40,55,7],[46,55,8],[47,55,9],[27,65,56],[30,65,56],[2,65,56],[28,65,57],[29,65,58],[31,65,59],[32,65,60],[33,65,61],[3,65,62],[4,65,63],[5,65,64],[70,77,66],[56,77,66],[62,77,67],[63,77,68],[64,77,69],[81,95,78],[84,95,78],[87,95,78],[82,95,79],[89,95,80],[78,96,81],[79,96,82],[80,96,83],[84,107,97],[104,107,97],[78,107,97],[85,107,98],[86,107,99],[105,107,100],[106,107,101],[79,107,102],[80,107,103],[84,108,104],[87,114,84],[97,114,84],[102,114,85],[103,114,86],[84,123,70],[115,123,70],[87,123,70],[116,123,71],[89,123,72],[88,123,73],[66,132,124],[84,132,124],[87,132,124],[67,132,125],[68,132,126],[69,132,127],[85,132,128],[86,132,129],[88,132,130],[89,132,131],[115,141,133],[124,141,133],[125,141,134],[131,141,135],[84,149,142],[87,149,142],[133,149,142],[85,149,143],[86,149,144],[88,149,145],[89,149,146],[134,149,147],[135,149,148],[23,156,30],[142,156,30],[147,156,31],[148,156,32],[145,156,33],[84,170,157],[87,170,157],[161,170,157],[162,170,158],[165,170,159],[166,170,159],[167,170,159],[164,170,160],[84,171,161],[85,171,163],[86,171,164],[84,184,172],[87,184,172],[180,184,172],[85,184,173],[86,184,174],[88,184,175],[89,184,176],[181,184,177],[182,184,178],[183,184,179],[157,193,180],[172,193,180],[177,193,181],[185,193,182],[175,193,182],[179,193,183],[84,198,115],[23,198,115],[87,198,115],[24,198,116],[89,198,117],[84,204,27],[87,204,27],[89,204,28],[88,204,29],[84,212,87],[205,212,87],[208,212,88],[209,212,88],[207,212,89],[84,213,205],[85,213,206],[86,213,207],[133,218,180],[87,218,180],[157,218,180],[158,218,181],[159,218,182],[160,218,183],[87,221,115],[157,221,115],[158,221,116],[160,221,117],[87,225,78],[88,225,79],[89,225,80],[78,232,84],[226,232,84],[227,232,85],[228,232,86],[115,239,133],[233,239,133],[234,239,134],[235,239,135],[180,251,240],[243,251,240],[244,251,241],[245,251,242],[252,262,243],[255,262,243],[240,262,243],[253,262,244],[242,262,245],[243,263,252],[244,263,253],[245,263,254],[240,274,264],[271,274,264],[243,274,264],[241,274,265],[242,274,266],[272,274,267],[273,274,268],[244,274,269],[245,274,270],[240,275,271],[255,281,240],[264,281,240],[269,281,241],[270,281,242],[240,289,255],[282,289,255],[285,289,256],[286,289,256],[284,289,257],[240,290,282],[241,290,283],[242,290,284],[255,294,243],[256,294,244],[257,294,245],[243,296,157],[244,296,158],[250,296,159],[245,296,160],[1,298,255],[250,298,256],[1,300,87],[250,300,88],[78,305,301],[79,305,302],[80,305,303],[78,312,226],[301,312,226],[302,312,227],[303,312,228],[115,314,301],[116,314,302],[117,314,303],[115,321,233],[301,321,233],[302,321,234],[303,321,235],[30,324,10],[70,324,10],[27,324,10],[71,324,11],[28,324,12],[29,324,13],[27,326,23],[28,326,25],[29,326,26],[301,330,327],[301,334,331],[301,340,335]],
"unknownEdges":[],
"argumentIDList":[14,15,16,0,1,2,3,4,5,85,86,87,91,92,88,89,90,6,7,8,9,10,11,12,13,93,94,95,96,97,98,99,100,104,105,106,101,102,103,17,18,19,20,21,22,48,49,23,24,25,26,27,28,42,43,44,45,107,108,109,110,111,112,113,46,47,29,30,31,32,33,34,52,53,54,55,56,57,35,36,37,38,39,40,41,58,59,60,50,51,79,80,81,82,65,66,61,62,63,64,75,76,67,68,69,70,71,72,73,74,77,78,83,84],
"argumentNameList":["$innerFunc:1-a$unknown:8:argument0","$innerFunc:1-a$unknown:8:argument1","$innerFunc:1-a$unknown:8:argument2","$innerFunc:1-a$unknown:4:argument0","$innerFunc:1-a$unknown:4:argument1","$innerFunc:1-a$unknown:4:argument2","$innerFunc:1-a$unknown:7:argument0","$innerFunc:1-a$unknown:7:argument1","$innerFunc:1-a$unknown:7:argument2","update$unknown:45:argument0","update$unknown:45:argument1","update$unknown:45:argument2","update$unknown:47:argument0","update$unknown:47:argument1","update$unknown:46:argument0","update$unknown:46:argument1","update$unknown:46:argument2","$innerFunc:1-a$unknown:7_update$unknown:47_update$unknown:46:argument0","$innerFunc:1-a$unknown:7_update$unknown:47_update$unknown:46:argument1","$innerFunc:1-a$unknown:7_update$unknown:47_update$unknown:46:argument2","$innerFunc:1-a$unknown:7_update$unknown:47_update$unknown:46:argument3","$innerFunc:1-a$unknown:7_update$unknown:47_update$unknown:46:argument4","$innerFunc:1-a$unknown:7_update$unknown:47_update$unknown:46:argument5","$innerFunc:1-a$unknown:7_update$unknown:47_update$unknown:46:argument6","$innerFunc:1-a$unknown:7_update$unknown:47_update$unknown:46:argument7","update$unknown:47_update$unknown:46_$innerFunc:1-a$unknown:8:argument0","update$unknown:47_update$unknown:46_$innerFunc:1-a$unknown:8:argument1","update$unknown:47_update$unknown:46_$innerFunc:1-a$unknown:8:argument2","update$unknown:47_update$unknown:46_$innerFunc:1-a$unknown:8:argument3","update$unknown:47_update$unknown:46_$innerFunc:1-a$unknown:8:argument4","update$unknown:47_update$unknown:46_$innerFunc:1-a$unknown:8:argument5","update$unknown:47_update$unknown:46_$innerFunc:1-a$unknown:8:argument6","update$unknown:47_update$unknown:46_$innerFunc:1-a$unknown:8:argument7","update$unknown:49:argument0","update$unknown:49:argument1","update$unknown:49:argument2","update$unknown:48:argument0","update$unknown:48:argument1","update$unknown:48:argument2","$innerFunc:2-bcopy$unknown:15:argument0","$innerFunc:2-bcopy$unknown:15:argument1","$innerFunc:2-bcopy$unknown:15_7_1:argument0","$innerFunc:2-bcopy$unknown:15_7_1:argument1","$innerFunc:2-bcopy$unknown:16:argument0","$innerFunc:2-bcopy$unknown:16:argument1","$innerFunc:2-bcopy$unknown:19:argument0","$innerFunc:2-bcopy$unknown:19:argument1","$innerFunc:2-bcopy$unknown:16_$innerFunc:2-bcopy$unknown:16_$innerFunc:2-bcopy$unknown:15:argument0","$innerFunc:2-bcopy$unknown:16_$innerFunc:2-bcopy$unknown:16_$innerFunc:2-bcopy$unknown:15:argument1","$innerFunc:2-bcopy$unknown:16_$innerFunc:2-bcopy$unknown:16_$innerFunc:2-bcopy$unknown:15:argument2","$innerFunc:2-bcopy$unknown:16_$innerFunc:2-bcopy$unknown:16_$innerFunc:2-bcopy$unknown:15:argument3","$innerFunc:2-bcopy$unknown:16_$innerFunc:2-bcopy$unknown:16_$innerFunc:2-bcopy$unknown:15:argument4","$innerFunc:2-bcopy$unknown:16_$innerFunc:2-bcopy$unknown:16_$innerFunc:2-bcopy$unknown:15:argument5","$innerFunc:2-bcopy$unknown:16_8_1:argument0","$innerFunc:2-bcopy$unknown:16_8_1:argument1","$innerFunc:2-bcopy$unknown:17:argument0","$innerFunc:2-bcopy$unknown:17:argument1","update$unknown:49_$innerFunc:2-bcopy$unknown:16_$innerFunc:2-bcopy$unknown:19:argument0","update$unknown:49_$innerFunc:2-bcopy$unknown:16_$innerFunc:2-bcopy$unknown:19:argument1","update$unknown:49_$innerFunc:2-bcopy$unknown:16_$innerFunc:2-bcopy$unknown:19:argument2","update$unknown:49_$innerFunc:2-bcopy$unknown:16_$innerFunc:2-bcopy$unknown:19:argument3","update$unknown:49_$innerFunc:2-bcopy$unknown:16_$innerFunc:2-bcopy$unknown:19:argument4","update$unknown:49_$innerFunc:2-bcopy$unknown:16_$innerFunc:2-bcopy$unknown:19:argument5","update$unknown:49_$innerFunc:2-bcopy$unknown:16_$innerFunc:2-bcopy$unknown:19:argument6","$innerFunc:2-bcopy$unknown:18:argument0","$innerFunc:2-bcopy$unknown:18:argument1","$innerFunc:2-bcopy$unknown:16_$innerFunc:2-bcopy$unknown:19_$innerFunc:2-bcopy$unknown:18:argument0","$innerFunc:2-bcopy$unknown:16_$innerFunc:2-bcopy$unknown:19_$innerFunc:2-bcopy$unknown:18:argument1","$innerFunc:2-bcopy$unknown:16_$innerFunc:2-bcopy$unknown:19_$innerFunc:2-bcopy$unknown:18:argument2","$innerFunc:2-bcopy$unknown:16_$innerFunc:2-bcopy$unknown:19_$innerFunc:2-bcopy$unknown:18:argument3","$innerFunc:2-bcopy$unknown:16_$innerFunc:2-bcopy$unknown:19_$innerFunc:2-bcopy$unknown:18:argument4","$innerFunc:2-bcopy$unknown:16_$innerFunc:2-bcopy$unknown:19_$innerFunc:2-bcopy$unknown:18:argument5","$innerFunc:2-bcopy$unknown:20:argument0","$innerFunc:2-bcopy$unknown:20:argument1","$innerFunc:2-bcopy$unknown:20:argument2","$innerFunc:2-bcopy$unknown:20_15_1:argument0","$innerFunc:2-bcopy$unknown:20_15_1:argument1","$innerFunc:2-bcopy$unknown:20_15_1:argument2","$innerFunc:2-bcopy$unknown:16_$innerFunc:2-bcopy$unknown:19_$innerFunc:2-bcopy$unknown:21:argument0","$innerFunc:2-bcopy$unknown:16_$innerFunc:2-bcopy$unknown:19_$innerFunc:2-bcopy$unknown:21:argument1","$innerFunc:2-bcopy$unknown:16_$innerFunc:2-bcopy$unknown:19_$innerFunc:2-bcopy$unknown:21:argument2","$innerFunc:2-bcopy$unknown:16_$innerFunc:2-bcopy$unknown:19_$innerFunc:2-bcopy$unknown:21:argument3","$innerFunc:2-bcopy$unknown:16_$innerFunc:2-bcopy$unknown:19_$innerFunc:2-bcopy$unknown:21:argument4","$innerFunc:2-bcopy$unknown:16_$innerFunc:2-bcopy$unknown:19_$innerFunc:2-bcopy$unknown:21:argument5","$innerFunc:2-bcopy$unknown:16_$innerFunc:2-bcopy$unknown:19_$innerFunc:2-bcopy$unknown:21:argument6","$innerFunc:2-bcopy$unknown:21:argument0","$innerFunc:2-bcopy$unknown:21:argument1","$innerFunc:2-bcopy$unknown:21:argument2","$innerFunc:2-bcopy$unknown:19_20_1:argument0","$innerFunc:2-bcopy$unknown:19_20_1:argument1","f$unknown:34:argument0","f$unknown:34:argument1","f$unknown:36:argument0","f$unknown:36:argument1","$innerFunc:3-print_array$unknown:29:argument0","$innerFunc:3-print_array$unknown:29:argument1","$innerFunc:3-print_array$unknown:28:argument0","$innerFunc:3-print_array$unknown:28:argument1","$innerFunc:3-print_array$unknown:28_27_1:argument0","$innerFunc:3-print_array$unknown:28_27_1:argument1","$innerFunc:3-print_array$unknown:30:argument0","$innerFunc:3-print_array$unknown:30:argument1","$innerFunc:3-print_array$unknown:29_$innerFunc:3-print_array$unknown:29_$innerFunc:3-print_array$unknown:28:argument0","$innerFunc:3-print_array$unknown:29_$innerFunc:3-print_array$unknown:29_$innerFunc:3-print_array$unknown:28:argument1","$innerFunc:3-print_array$unknown:29_$innerFunc:3-print_array$unknown:29_$innerFunc:3-print_array$unknown:28:argument2","$innerFunc:3-print_array$unknown:29_$innerFunc:3-print_array$unknown:29_$innerFunc:3-print_array$unknown:28:argument3","$innerFunc:3-print_array$unknown:29_$innerFunc:3-print_array$unknown:29_$innerFunc:3-print_array$unknown:28:argument4","$innerFunc:3-print_array$unknown:29_$innerFunc:3-print_array$unknown:29_$innerFunc:3-print_array$unknown:28:argument5","$innerFunc:3-print_array$unknown:29_28_1:argument0","$innerFunc:3-print_array$unknown:29_28_1:argument1","$innerFunc:3-print_array$unknown:30_30_1:argument0","$innerFunc:3-print_array$unknown:30_30_1:argument1","make_array$unknown:39:argument0","make_array$unknown:39:argument1"],
"predicateIndices":[2,6,10,23,27,30,39,56,66,70,78,81,84,87,97,104,115,124,133,142,157,161,172,180,205,226,233,240,243,252,255,264,271,282,301],
"predicateOccurrenceInClause":[3,2,5,4,6,6,2,2,2,3,7,2,15,14,2,2,7,2,4,2,5,2,2,4,2,2,2,7,6,2,5,2,2,2,7],
"predicateStrongConnectedComponent":[1,1,1,1,1,1,1,1,1,1,1,1,1,1,1,1,1,1,1,1,1,1,1,1,1,1,1,1,1,1,1,1,1,1,1],
"argumentEdges":[[3,2],[4,2],[5,2],[7,6],[8,6],[9,6],[11,10],[12,10],[13,10],[24,23],[25,23],[26,23],[28,27],[29,27],[31,30],[32,30],[33,30],[40,39],[41,39],[42,39],[43,39],[44,39],[45,39],[46,39],[47,39],[57,56],[58,56],[59,56],[60,56],[61,56],[62,56],[63,56],[64,56],[67,66],[68,66],[69,66],[71,70],[72,70],[73,70],[79,78],[80,78],[82,81],[83,81],[85,84],[86,84],[88,87],[89,87],[98,97],[99,97],[100,97],[101,97],[102,97],[103,97],[105,104],[106,104],[116,115],[117,115],[125,124],[126,124],[127,124],[128,124],[129,124],[130,124],[131,124],[134,133],[135,133],[143,142],[144,142],[145,142],[146,142],[147,142],[148,142],[158,157],[159,157],[160,157],[162,161],[163,161],[164,161],[173,172],[174,172],[175,172],[176,172],[177,172],[178,172],[179,172],[181,180],[182,180],[183,180],[206,205],[207,205],[227,226],[228,226],[234,233],[235,233],[241,240],[242,240],[244,243],[245,243],[253,252],[254,252],[256,255],[257,255],[265,264],[266,264],[267,264],[268,264],[269,264],[270,264],[272,271],[273,271],[283,282],[284,282],[302,301],[303,301]],
"guardASTEdges":[[15,19],[16,19],[17,19],[18,19],[20,22],[21,22],[35,38],[36,38],[36,38],[37,38],[37,38],[37,38],[48,49],[51,55],[52,55],[53,55],[53,55],[53,55],[54,55],[54,55],[54,55],[54,55],[48,65],[74,77],[74,77],[74,77],[75,77],[75,77],[75,77],[75,77],[76,77],[92,95],[94,95],[94,95],[48,96],[48,107],[48,108],[111,114],[112,114],[113,114],[113,114],[113,114],[120,123],[121,123],[122,123],[122,123],[48,132],[138,141],[139,141],[140,141],[140,141],[140,141],[48,149],[152,156],[153,156],[153,156],[154,156],[155,156],[155,156],[155,156],[168,170],[169,170],[169,170],[48,171],[48,184],[189,193],[190,193],[190,193],[191,193],[191,193],[191,193],[192,193],[196,198],[197,198],[197,198],[201,204],[202,204],[203,204],[210,212],[211,212],[48,213],[214,218],[215,218],[216,218],[216,218],[217,218],[219,221],[220,221],[224,225],[229,232],[230,232],[231,232],[236,239],[237,239],[238,239],[246,251],[247,251],[248,251],[249,251],[260,262],[261,262],[261,262],[48,263],[48,274],[48,275],[278,281],[279,281],[280,281],[280,281],[280,281],[287,289],[288,289],[48,290],[293,294],[295,296],[297,298],[299,300],[304,305],[308,312],[309,312],[310,312],[311,312],[313,314],[317,321],[318,321],[319,321],[320,321],[322,324],[322,324],[323,324],[323,324],[323,324],[325,326],[328,330],[329,330],[332,334],[333,334],[338,340],[339,340]],
"ASTEdges":[],
"AST_1Edges":[[5,14],[14,15],[11,16],[12,17],[13,18],[5,20],[13,21],[24,34],[34,35],[32,36],[33,37],[9,50],[50,51],[40,52],[46,53],[47,54],[63,74],[64,75],[62,76],[80,91],[91,92],[89,94],[86,110],[110,111],[102,112],[103,113],[72,119],[119,120],[88,121],[89,122],[135,137],[137,138],[125,139],[131,140],[32,151],[151,152],[145,153],[147,154],[148,155],[93,165],[93,166],[93,167],[160,168],[164,169],[186,185],[183,188],[188,189],[175,190],[179,191],[177,192],[117,195],[195,196],[89,197],[28,200],[200,201],[88,202],[89,203],[93,208],[93,209],[89,210],[207,211],[182,214],[159,215],[160,216],[158,217],[159,219],[160,220],[80,223],[223,224],[86,229],[227,230],[228,231],[135,236],[234,237],[235,238],[242,246],[244,247],[245,248],[182,249],[245,259],[259,260],[242,261],[242,277],[277,278],[269,279],[270,280],[93,285],[93,286],[257,287],[284,288],[245,292],[292,293],[160,295],[257,297],[89,299],[303,304],[228,307],[307,308],[227,309],[302,310],[303,311],[303,313],[235,316],[316,317],[234,318],[302,319],[303,320],[28,322],[29,323],[24,325],[302,328],[302,329],[302,332],[186,333],[303,337],[337,338],[186,339]],
"AST_2Edges":[[3,14],[3,16],[4,17],[5,18],[3,20],[3,21],[26,34],[25,36],[26,37],[7,50],[7,52],[8,53],[9,54],[68,74],[69,75],[67,76],[88,90],[90,91],[93,92],[80,94],[100,109],[109,110],[93,111],[85,112],[86,113],[73,118],[118,119],[93,120],[73,121],[72,122],[130,136],[136,137],[93,138],[134,139],[135,140],[33,150],[150,151],[93,152],[33,153],[31,154],[32,155],[85,165],[88,166],[163,167],[159,168],[160,169],[178,185],[182,187],[187,188],[93,189],[182,190],[183,191],[181,192],[88,194],[194,195],[93,196],[117,197],[29,199],[199,200],[93,201],[29,202],[28,203],[85,208],[206,209],[88,210],[89,211],[183,214],[182,215],[183,216],[181,217],[117,219],[117,220],[79,222],[222,223],[93,224],[93,229],[85,230],[86,231],[93,236],[134,237],[135,238],[93,246],[241,247],[242,248],[250,249],[241,258],[258,259],[93,260],[245,261],[265,276],[276,277],[93,278],[241,279],[242,280],[241,285],[283,286],[256,287],[257,288],[244,291],[291,292],[93,293],[93,295],[93,297],[93,299],[93,304],[227,306],[306,307],[93,308],[250,309],[227,310],[228,311],[93,313],[234,315],[315,316],[93,317],[250,318],[234,319],[235,320],[12,322],[13,323],[26,325],[303,328],[250,329],[303,332],[302,333],[302,336],[336,337],[93,338],[302,339]],
"templateASTEdges":[],
"templateEdges":[],
"verifHintTplPredEdges":[],
"verifHintTplPredPosNegEdges":[],
"verifHintTplEqTermEdges":[],
"verifHintTplInEqTermEdges":[],
"verifHintTplInEqTermPosNegEdges":[],
"dataFlowASTEdges":[],
"controlFlowHyperEdges":[[6,19,2],[10,19,2],[10,22,2],[10,38,23],[27,38,23],[30,38,23],[10,49,39],[27,49,39],[30,49,39],[30,55,6],[39,55,6],[27,65,56],[30,65,56],[2,65,56],[70,77,66],[56,77,66],[81,95,78],[84,95,78],[87,95,78],[78,96,81],[84,107,97],[104,107,97],[78,107,97],[84,108,104],[87,114,84],[97,114,84],[84,123,70],[115,123,70],[87,123,70],[66,132,124],[84,132,124],[87,132,124],[115,141,133],[124,141,133],[84,149,142],[87,149,142],[133,149,142],[23,156,30],[142,156,30],[84,170,157],[87,170,157],[161,170,157],[84,171,161],[84,184,172],[87,184,172],[180,184,172],[157,193,180],[172,193,180],[84,198,115],[23,198,115],[87,198,115],[84,204,27],[87,204,27],[84,212,87],[205,212,87],[84,213,205],[133,218,180],[87,218,180],[157,218,180],[87,221,115],[157,221,115],[87,225,78],[78,232,84],[226,232,84],[115,239,133],[233,239,133],[180,251,240],[243,251,240],[252,262,243],[255,262,243],[240,262,243],[243,263,252],[240,274,264],[271,274,264],[243,274,264],[240,275,271],[255,281,240],[264,281,240],[240,289,255],[282,289,255],[240,290,282],[255,294,243],[243,296,157],[1,298,255],[1,300,87],[78,305,301],[78,312,226],[301,312,226],[115,314,301],[115,321,233],[301,321,233],[30,324,10],[70,324,10],[27,324,10],[27,326,23],[301,330,327],[301,334,331],[301,340,335]],
"dataFlowHyperEdges":[[11,19,3],[12,19,4],[13,19,5],[13,22,3],[12,22,4],[11,38,24],[32,38,25],[33,38,26],[11,49,40],[12,49,41],[13,49,42],[28,49,43],[29,49,44],[31,49,45],[32,49,46],[33,49,47],[40,55,7],[46,55,8],[47,55,9],[28,65,57],[29,65,58],[31,65,59],[32,65,60],[33,65,61],[3,65,62],[4,65,63],[5,65,64],[62,77,67],[63,77,68],[64,77,69],[82,95,79],[89,95,80],[79,96,82],[80,96,83],[85,107,98],[86,107,99],[105,107,100],[106,107,101],[79,107,102],[80,107,103],[102,114,85],[103,114,86],[116,123,71],[89,123,72],[88,123,73],[67,132,125],[68,132,126],[69,132,127],[85,132,128],[86,132,129],[88,132,130],[89,132,131],[125,141,134],[131,141,135],[85,149,143],[86,149,144],[88,149,145],[89,149,146],[134,149,147],[135,149,148],[147,156,31],[148,156,32],[145,156,33],[162,170,158],[165,170,159],[166,170,159],[167,170,159],[164,170,160],[85,171,163],[86,171,164],[85,184,173],[86,184,174],[88,184,175],[89,184,176],[181,184,177],[182,184,178],[183,184,179],[177,193,181],[185,193,182],[175,193,182],[179,193,183],[24,198,116],[89,198,117],[89,204,28],[88,204,29],[208,212,88],[209,212,88],[207,212,89],[85,213,206],[86,213,207],[158,218,181],[159,218,182],[160,218,183],[158,221,116],[160,221,117],[88,225,79],[89,225,80],[227,232,85],[228,232,86],[234,239,134],[235,239,135],[244,251,241],[245,251,242],[253,262,244],[242,262,245],[244,263,253],[245,263,254],[241,274,265],[242,274,266],[272,274,267],[273,274,268],[244,274,269],[245,274,270],[269,281,241],[270,281,242],[285,289,256],[286,289,256],[284,289,257],[241,290,283],[242,290,284],[256,294,244],[257,294,245],[244,296,158],[250,296,159],[245,296,160],[250,298,256],[250,300,88],[79,305,302],[80,305,303],[302,312,227],[303,312,228],[116,314,302],[117,314,303],[302,321,234],[303,321,235],[71,324,11],[28,324,12],[29,324,13],[28,326,25],[29,326,26]],
"controlLocationEdgeForSCC":[],
"predicateTransitiveEdges":[[172,172],[264,264],[70,70],[104,104],[81,81],[84,84],[240,240],[180,180],[56,56],[30,30],[124,124],[255,255],[6,6],[87,87],[142,142],[301,301],[66,66],[78,78],[2,2],[97,97],[252,252],[39,39],[226,226],[133,133],[23,23],[282,282],[271,271],[27,27],[205,205],[10,10],[115,115],[157,157],[161,161],[233,233],[243,243]],
"dummyFiled":[]
}