{
"nodeIds":[0,1,2,3,4,5,6,7,8,9,10,11,12,13,14,15,16,17,18,19,20,21,22,23,24,25,26,27,28,29,30,31,32,33,34,35,36,37,38,39,40,41,42,43,44,45,46,47,48,49,50,51,52,53,54,55,56,57,58,59,60,61,62,63,64,65,66,67,68,69,70,71,72,73,74,75,76,77,78,79,80,81,82,83,84,85,86,87,88,89,90,91,92,93,94,95,96,97,98,99,100,101,102,103,104,105,106,107,108,109,110,111,112,113,114,115,116,117,118,119,120,121,122,123,124,125,126,127,128,129,130,131,132,133,134,135,136,137,138,139,140,141,142,143,144,145,146,147,148,149,150,151,152,153,154,155,156,157,158,159,160,161,162,163,164,165,166,167,168,169,170,171,172,173,174,175,176,177,178,179,180,181,182,183,184,185,186,187,188,189,190],
"nodeSymbolList":["dummy","Initial","CONTROL_0","predicateArgument_0","predicateArgument_1","predicateArgument_2","predicateArgument_3","CONTROL_1","predicateArgument_4","predicateArgument_5","predicateArgument_6","CONTROL_2","predicateArgument_7","predicateArgument_8","predicateArgument_9","+","1","-","+","=","-1","+","=","guard_0","true","guard_1","CONTROL_3","predicateArgument_10","predicateArgument_11","predicateArgument_12","predicateArgument_13","guard_2","CONTROL_4","predicateArgument_14","predicateArgument_15","predicateArgument_16","predicateArgument_17","predicateArgument_18","predicateArgument_19","predicateArgument_20","predicateArgument_21","predicateArgument_22","predicateArgument_23","predicateArgument_24","predicateArgument_25","predicateArgument_26","predicateArgument_27","2",">=","2147483647",">=","-2147483648",">=","*","3","=",">=","99","+","=","0","guard_3",">=","100",">=",">=",">=","*","=","+","=","guard_4","CONTROL_5","predicateArgument_28","predicateArgument_29","predicateArgument_30","predicateArgument_31","predicateArgument_32","predicateArgument_33","predicateArgument_34","CONTROL_6","predicateArgument_35","predicateArgument_36","predicateArgument_37","predicateArgument_38","predicateArgument_39","predicateArgument_40","predicateArgument_41","predicateArgument_42","predicateArgument_43","predicateArgument_44","predicateArgument_45","predicateArgument_46","predicateArgument_47","predicateArgument_48","=","!","=","!",">=","guard_5","guard_6","=","guard_7","CONTROL_7","predicateArgument_49","predicateArgument_50","predicateArgument_51","predicateArgument_52","predicateArgument_53","predicateArgument_54","predicateArgument_55","CONTROL_8","predicateArgument_56","predicateArgument_57","predicateArgument_58","predicateArgument_59","predicateArgument_60","predicateArgument_61","predicateArgument_62","predicateArgument_63","predicateArgument_64","predicateArgument_65","predicateArgument_66","predicateArgument_67","predicateArgument_68","predicateArgument_69","=","!","=","!","-","+",">=","guard_8","guard_9","=","guard_10","CONTROL_9","predicateArgument_70","predicateArgument_71","predicateArgument_72","CONTROL_10","predicateArgument_73","predicateArgument_74","predicateArgument_75","predicateArgument_76","predicateArgument_77","predicateArgument_78","predicateArgument_79","=","!","=","guard_11","guard_12","CONTROL_11","predicateArgument_80","predicateArgument_81","predicateArgument_82","guard_13","CONTROL_12","predicateArgument_83","predicateArgument_84","predicateArgument_85","CONTROL_13","predicateArgument_86","predicateArgument_87","predicateArgument_88","predicateArgument_89","predicateArgument_90","predicateArgument_91","predicateArgument_92","=","!","=","guard_14","guard_15","guard_16","guard_17","CONTROL_14","=","!","=",">=",">=",">=",">=","guard_18","guard_19","FALSE","guard_20"],
"falseIndices":[189],
"initialIndices":[1],
"argumentIndices":[3,4,5,6,8,9,10,12,13,14,27,28,29,30,33,34,35,36,37,38,39,40,41,42,43,44,45,46,73,74,75,76,77,78,79,81,82,83,84,85,86,87,88,89,90,91,92,93,94,105,106,107,108,109,110,111,113,114,115,116,117,118,119,120,121,122,123,124,125,126,139,140,141,143,144,145,146,147,148,149,156,157,158,161,162,163,165,166,167,168,169,170,171],
"argumentBoundList":[[1,1],[1,1],[1,1],[1,1],[1,1],[1,1],[1,1],[1,1],[1,1],[1,1],[1,1],[1,1],[1,1],[1,1],[1,1],[1,1],[1,1],[0,0],[0,0],[0,0],[1,1],[1,1],[0,0],[0,0],[0,0],[0,0],[0,0],[0,0],[1,1],[1,1],[1,1],[0,0],[0,0],[0,0],[0,0],[0,0],[0,0],[0,0],[0,0],[0,0],[0,0],[0,0],[0,0],[0,0],[0,0],[0,0],[0,0],[0,0],[0,0],[1,1],[1,1],[1,1],[0,0],[0,0],[0,0],[0,0],[0,0],[0,0],[0,0],[0,0],[0,0],[0,0],[0,0],[0,0],[0,0],[0,0],[0,0],[0,0],[0,0],[0,0],[1,1],[1,1],[1,1],[1,1],[0,0],[0,0],[0,0],[0,0],[0,0],[0,0],[1,1],[1,1],[1,1],[1,1],[1,1],[1,1],[1,1],[0,0],[0,0],[0,0],[0,0],[0,0],[0,0]],
"argumentBinaryOccurrenceList":[0,0,0,0,0,0,0,0,0,0,0,0,0,0,0,0,0,0,0,0,0,0,0,0,0,0,0,0,0,0,0,0,0,0,0,0,0,0,0,0,0,0,0,0,0,0,0,0,0,0,0,0,0,0,0,0,0,0,0,0,0,0,0,0,0,0,0,0,0,0,0,0,0,0,0,0,0,0,0,0,0,0,0,0,0,0,0,0,0,0,0,0,0],
"argumentOccurrence":[0,0,0,0,0,0,0,0,0,0,0,0,0,0,0,0,0,0,0,0,0,0,0,0,0,0,0,0,0,0,0,0,0,0,0,0,0,0,0,0,0,0,0,0,0,0,0,0,0,0,0,0,0,0,0,0,0,0,0,0,0,0,0,0,0,0,0,0,0,0,0,0,0,0,0,0,0,0,0,0,0,0,0,0,0,0,0,0,0,0,0,0,0],
"templateIndices":[],
"templateRelevanceLabel":[],
"templateCostLabel":[],
"clauseIndices":[],
"guardIndices":[23,25,31,61,71,100,101,103,134,135,137,153,154,159,175,176,177,178,187,188,190],
"clauseBinaryOccurrenceInCounterExampleList":[0,0,0,0,0,0,0,0,0,0,0,0,0,0,0,0,0,0,0,0,0],
"predictedLabel":[],
"controlLocationIndices":[2,7,11,26,32,72,80,104,112,138,142,155,160,164,179],
"binaryAdjacentList":[[3,2],[3,18],[4,2],[5,2],[6,2],[6,17],[8,7],[9,7],[10,7],[12,11],[12,15],[12,21],[13,11],[14,11],[16,15],[16,133],[17,18],[17,21],[18,19],[19,23],[20,19],[20,22],[21,22],[22,23],[24,25],[24,31],[24,101],[24,135],[24,154],[24,159],[24,176],[24,177],[24,178],[24,188],[24,190],[27,26],[27,182],[28,26],[28,183],[28,185],[29,26],[29,184],[29,186],[30,26],[30,180],[33,32],[34,32],[34,48],[34,50],[34,64],[34,66],[35,32],[35,52],[35,53],[35,56],[35,62],[35,65],[35,67],[36,32],[37,32],[38,32],[39,32],[39,55],[39,58],[39,68],[39,69],[40,32],[40,58],[40,69],[41,32],[41,97],[42,32],[43,32],[44,32],[45,32],[46,32],[47,182],[48,61],[49,48],[49,64],[49,65],[49,183],[49,184],[50,61],[51,50],[51,52],[51,66],[51,185],[51,186],[52,61],[53,55],[54,53],[54,67],[55,61],[56,61],[57,56],[58,59],[59,61],[60,59],[60,70],[60,95],[60,97],[60,102],[60,127],[60,129],[60,136],[60,150],[60,172],[60,180],[62,71],[63,62],[64,71],[65,71],[66,71],[67,68],[68,71],[69,70],[70,71],[73,72],[74,72],[75,72],[76,72],[77,72],[77,95],[77,102],[78,72],[79,72],[81,80],[82,80],[83,80],[84,80],[85,80],[86,80],[87,80],[88,80],[88,99],[89,80],[90,80],[91,80],[92,80],[92,99],[93,80],[94,80],[95,96],[96,100],[97,98],[98,100],[99,100],[99,100],[102,103],[105,104],[106,104],[107,104],[108,104],[109,104],[109,127],[109,136],[110,104],[111,104],[113,112],[113,129],[114,112],[115,112],[116,112],[117,112],[118,112],[119,112],[119,131],[120,112],[120,132],[121,112],[122,112],[123,112],[124,112],[125,112],[126,112],[127,128],[128,134],[129,130],[130,134],[131,132],[132,133],[133,134],[133,134],[136,137],[139,138],[139,152],[140,138],[141,138],[143,142],[143,152],[144,142],[145,142],[146,142],[147,142],[147,150],[148,142],[149,142],[150,151],[151,153],[152,153],[156,155],[157,155],[158,155],[161,160],[161,174],[162,160],[163,160],[165,164],[165,174],[166,164],[167,164],[168,164],[169,164],[169,172],[170,164],[171,164],[172,173],[173,175],[174,175],[180,181],[181,187],[182,187],[183,187],[184,187],[185,187],[186,187]],
"ternaryAdjacencyList":[[7,23,2],[11,23,2],[9,23,4],[10,23,5],[15,23,6],[7,25,11],[8,25,12],[2,31,26],[3,31,27],[4,31,28],[5,31,29],[6,31,30],[1,61,32],[47,61,33],[1,71,32],[47,71,33],[32,100,72],[80,100,72],[92,100,73],[34,100,74],[35,100,75],[38,100,76],[89,100,77],[90,100,78],[91,100,79],[32,101,80],[43,101,84],[72,103,7],[73,103,8],[74,103,9],[75,103,10],[32,134,104],[112,134,104],[33,134,105],[34,134,106],[114,134,107],[37,134,108],[124,134,109],[125,134,110],[126,134,111],[32,135,112],[40,135,120],[104,137,7],[105,137,8],[106,137,9],[107,137,10],[72,153,138],[142,153,138],[143,153,139],[74,153,140],[75,153,141],[72,154,142],[73,154,143],[76,154,146],[77,154,147],[78,154,148],[79,154,149],[138,159,155],[139,159,156],[140,159,157],[141,159,158],[104,175,160],[164,175,160],[165,175,161],[106,175,162],[107,175,163],[104,176,164],[105,176,165],[108,176,168],[109,176,169],[110,176,170],[111,176,171],[155,177,26],[156,177,27],[157,177,28],[158,177,29],[60,177,30],[160,178,155],[161,178,156],[162,178,157],[163,178,158],[26,187,179],[1,188,179],[179,190,189]],
"unknownEdges":[],
"argumentIDList":[89,90,91,92,80,81,82,86,87,88,0,1,2,3,4,5,6,7,8,9,10,11,12,13,14,15,16,17,46,47,48,49,50,51,52,18,19,20,21,22,23,24,25,26,27,28,29,30,31,60,61,62,63,64,65,66,32,33,34,35,36,37,38,39,40,41,42,43,44,45,83,84,85,53,54,55,56,57,58,59,77,78,79,74,75,76,67,68,69,70,71,72,73],
"argumentNameList":["<Main: void test(int,int,int)>_Block2_3:argument0","<Main: void test(int,int,int)>_Block2_3:argument1","<Main: void test(int,int,int)>_Block2_3:argument2","<Main: void test(int,int,int)>_Block2_3:argument3","<Main: void test(int,int,int)>_Block2:argument0","<Main: void test(int,int,int)>_Block2:argument1","<Main: void test(int,int,int)>_Block2:argument2","<Main: void test(int,int,int)>_Block2_0_1:argument0","<Main: void test(int,int,int)>_Block2_0_1:argument1","<Main: void test(int,int,int)>_Block2_0_1:argument2","<Main: void test(int,int,int)>_Block0:argument0","<Main: void test(int,int,int)>_Block0:argument1","<Main: void test(int,int,int)>_Block0:argument2","<Main: void test(int,int,int)>_Block0:argument3","<Main: void test(int,int,int)>_Block11:argument0","<Main: void test(int,int,int)>_Block11:argument1","<Main: void test(int,int,int)>_Block11:argument2","<Main: void test(int,int,int)>_Block11:argument3","<Main: void test(int,int,int)>_Block11:argument4","<Main: void test(int,int,int)>_Block11:argument5","<Main: void test(int,int,int)>_Block11:argument6","<Main: void test(int,int,int)>_Block11:argument7","<Main: void test(int,int,int)>_Block11:argument8","<Main: void test(int,int,int)>_Block11:argument9","<Main: void test(int,int,int)>_Block11:argument10","<Main: void test(int,int,int)>_Block11:argument11","<Main: void test(int,int,int)>_Block11:argument12","<Main: void test(int,int,int)>_Block11:argument13","<Main: void test(int,int,int)>_Block14_3:argument0","<Main: void test(int,int,int)>_Block14_3:argument1","<Main: void test(int,int,int)>_Block14_3:argument2","<Main: void test(int,int,int)>_Block14_3:argument3","<Main: void test(int,int,int)>_Block14_3:argument4","<Main: void test(int,int,int)>_Block14_3:argument5","<Main: void test(int,int,int)>_Block14_3:argument6","<Main: void test(int,int,int)>_Block11_4_1:argument0","<Main: void test(int,int,int)>_Block11_4_1:argument1","<Main: void test(int,int,int)>_Block11_4_1:argument2","<Main: void test(int,int,int)>_Block11_4_1:argument3","<Main: void test(int,int,int)>_Block11_4_1:argument4","<Main: void test(int,int,int)>_Block11_4_1:argument5","<Main: void test(int,int,int)>_Block11_4_1:argument6","<Main: void test(int,int,int)>_Block11_4_1:argument7","<Main: void test(int,int,int)>_Block11_4_1:argument8","<Main: void test(int,int,int)>_Block11_4_1:argument9","<Main: void test(int,int,int)>_Block11_4_1:argument10","<Main: void test(int,int,int)>_Block11_4_1:argument11","<Main: void test(int,int,int)>_Block11_4_1:argument12","<Main: void test(int,int,int)>_Block11_4_1:argument13","<Main: void test(int,int,int)>_Block15_3:argument0","<Main: void test(int,int,int)>_Block15_3:argument1","<Main: void test(int,int,int)>_Block15_3:argument2","<Main: void test(int,int,int)>_Block15_3:argument3","<Main: void test(int,int,int)>_Block15_3:argument4","<Main: void test(int,int,int)>_Block15_3:argument5","<Main: void test(int,int,int)>_Block15_3:argument6","<Main: void test(int,int,int)>_Block11_6_1:argument0","<Main: void test(int,int,int)>_Block11_6_1:argument1","<Main: void test(int,int,int)>_Block11_6_1:argument2","<Main: void test(int,int,int)>_Block11_6_1:argument3","<Main: void test(int,int,int)>_Block11_6_1:argument4","<Main: void test(int,int,int)>_Block11_6_1:argument5","<Main: void test(int,int,int)>_Block11_6_1:argument6","<Main: void test(int,int,int)>_Block11_6_1:argument7","<Main: void test(int,int,int)>_Block11_6_1:argument8","<Main: void test(int,int,int)>_Block11_6_1:argument9","<Main: void test(int,int,int)>_Block11_6_1:argument10","<Main: void test(int,int,int)>_Block11_6_1:argument11","<Main: void test(int,int,int)>_Block11_6_1:argument12","<Main: void test(int,int,int)>_Block11_6_1:argument13","<Main: void test(int,int,int)>_Block20_1:argument0","<Main: void test(int,int,int)>_Block20_1:argument1","<Main: void test(int,int,int)>_Block20_1:argument2","<Main: void test(int,int,int)>_Block14_3_8_1:argument0","<Main: void test(int,int,int)>_Block14_3_8_1:argument1","<Main: void test(int,int,int)>_Block14_3_8_1:argument2","<Main: void test(int,int,int)>_Block14_3_8_1:argument3","<Main: void test(int,int,int)>_Block14_3_8_1:argument4","<Main: void test(int,int,int)>_Block14_3_8_1:argument5","<Main: void test(int,int,int)>_Block14_3_8_1:argument6","<Main: void test(int,int,int)>_Block19:argument0","<Main: void test(int,int,int)>_Block19:argument1","<Main: void test(int,int,int)>_Block19:argument2","<Main: void test(int,int,int)>_Block16_1:argument0","<Main: void test(int,int,int)>_Block16_1:argument1","<Main: void test(int,int,int)>_Block16_1:argument2","<Main: void test(int,int,int)>_Block15_3_10_1:argument0","<Main: void test(int,int,int)>_Block15_3_10_1:argument1","<Main: void test(int,int,int)>_Block15_3_10_1:argument2","<Main: void test(int,int,int)>_Block15_3_10_1:argument3","<Main: void test(int,int,int)>_Block15_3_10_1:argument4","<Main: void test(int,int,int)>_Block15_3_10_1:argument5","<Main: void test(int,int,int)>_Block15_3_10_1:argument6"],
"predicateIndices":[2,7,11,26,32,72,80,104,112,138,142,155,160,164,179],
"predicateOccurrenceInClause":[2,4,2,3,6,4,2,4,2,2,2,3,2,2,3],
"predicateStrongConnectedComponent":[0,0,0,0,0,0,0,0,0,0,0,0,0,0,0],
"argumentEdges":[[3,2],[4,2],[5,2],[6,2],[8,7],[9,7],[10,7],[12,11],[13,11],[14,11],[27,26],[28,26],[29,26],[30,26],[33,32],[34,32],[35,32],[36,32],[37,32],[38,32],[39,32],[40,32],[41,32],[42,32],[43,32],[44,32],[45,32],[46,32],[73,72],[74,72],[75,72],[76,72],[77,72],[78,72],[79,72],[81,80],[82,80],[83,80],[84,80],[85,80],[86,80],[87,80],[88,80],[89,80],[90,80],[91,80],[92,80],[93,80],[94,80],[105,104],[106,104],[107,104],[108,104],[109,104],[110,104],[111,104],[113,112],[114,112],[115,112],[116,112],[117,112],[118,112],[119,112],[120,112],[121,112],[122,112],[123,112],[124,112],[125,112],[126,112],[139,138],[140,138],[141,138],[143,142],[144,142],[145,142],[146,142],[147,142],[148,142],[149,142],[156,155],[157,155],[158,155],[161,160],[162,160],[163,160],[165,164],[166,164],[167,164],[168,164],[169,164],[170,164],[171,164]],
"guardASTEdges":[[19,23],[22,23],[24,25],[24,31],[48,61],[50,61],[52,61],[55,61],[56,61],[59,61],[62,71],[64,71],[65,71],[66,71],[68,71],[70,71],[96,100],[98,100],[99,100],[99,100],[24,101],[102,103],[128,134],[130,134],[133,134],[133,134],[24,135],[136,137],[151,153],[152,153],[24,154],[24,159],[173,175],[174,175],[24,176],[24,177],[24,178],[181,187],[182,187],[183,187],[184,187],[185,187],[186,187],[24,188],[24,190]],
"ASTEdges":[],
"AST_1Edges":[[16,15],[3,18],[18,19],[12,21],[21,22],[49,48],[34,50],[35,52],[35,53],[53,55],[57,56],[40,58],[58,59],[35,62],[49,64],[49,65],[34,66],[35,67],[67,68],[40,69],[69,70],[77,95],[95,96],[41,97],[97,98],[92,99],[77,102],[109,127],[127,128],[113,129],[129,130],[119,131],[131,132],[132,133],[109,136],[147,150],[150,151],[143,152],[169,172],[172,173],[165,174],[30,180],[180,181],[27,182],[49,183],[49,184],[28,185],[29,186]],
"AST_2Edges":[[12,15],[6,17],[17,18],[20,19],[17,21],[20,22],[34,48],[51,50],[51,52],[54,53],[39,55],[35,56],[39,58],[60,59],[63,62],[34,64],[35,65],[51,66],[54,67],[39,68],[39,69],[60,70],[60,95],[60,97],[88,99],[60,102],[60,127],[60,129],[120,132],[16,133],[60,136],[60,150],[139,152],[60,172],[161,174],[60,180],[47,182],[28,183],[29,184],[51,185],[51,186]],
"templateASTEdges":[],
"templateEdges":[],
"verifHintTplPredEdges":[],
"verifHintTplPredPosNegEdges":[],
"verifHintTplEqTermEdges":[],
"verifHintTplInEqTermEdges":[],
"verifHintTplInEqTermPosNegEdges":[],
"dataFlowASTEdges":[],
"controlFlowHyperEdges":[[7,23,2],[11,23,2],[7,25,11],[2,31,26],[1,61,32],[1,71,32],[32,100,72],[80,100,72],[32,101,80],[72,103,7],[32,134,104],[112,134,104],[32,135,112],[104,137,7],[72,153,138],[142,153,138],[72,154,142],[138,159,155],[104,175,160],[164,175,160],[104,176,164],[155,177,26],[160,178,155],[26,187,179],[1,188,179],[179,190,189]],
"dataFlowHyperEdges":[[9,23,4],[10,23,5],[15,23,6],[8,25,12],[3,31,27],[4,31,28],[5,31,29],[6,31,30],[47,61,33],[47,71,33],[92,100,73],[34,100,74],[35,100,75],[38,100,76],[89,100,77],[90,100,78],[91,100,79],[43,101,84],[73,103,8],[74,103,9],[75,103,10],[33,134,105],[34,134,106],[114,134,107],[37,134,108],[124,134,109],[125,134,110],[126,134,111],[40,135,120],[105,137,8],[106,137,9],[107,137,10],[143,153,139],[74,153,140],[75,153,141],[73,154,143],[76,154,146],[77,154,147],[78,154,148],[79,154,149],[139,159,156],[140,159,157],[141,159,158],[165,175,161],[106,175,162],[107,175,163],[105,176,165],[108,176,168],[109,176,169],[110,176,170],[111,176,171],[156,177,27],[157,177,28],[158,177,29],[60,177,30],[161,178,156],[162,178,157],[163,178,158]],
"controlLocationEdgeForSCC":[],
"predicateTransitiveEdges":[],
"dummyFiled":[]
}