{
"nodeIds":[0,1,2,3,4,5,6,7,8,9,10,11,12,13,14,15,16,17,18,19,20,21,22,23,24,25,26,27,28,29,30,31,32,33,34,35,36,37,38,39,40,41,42,43,44,45,46,47,48,49,50,51,52,53,54,55,56,57,58,59,60,61,62,63,64,65,66,67,68,69,70,71,72,73,74,75,76,77,78,79,80,81,82,83,84,85,86,87,88,89,90,91,92,93,94,95,96,97,98,99,100,101,102],
"nodeSymbolList":["dummy","Initial","CONTROL_0","predicateArgument_0","predicateArgument_1","predicateArgument_2","predicateArgument_3","CONTROL_1","predicateArgument_4","predicateArgument_5","predicateArgument_6","predicateArgument_7","predicateArgument_8","0","=","guard_0","=","!","guard_1","CONTROL_2","predicateArgument_9","predicateArgument_10","predicateArgument_11","predicateArgument_12","=","=","=","guard_2","=","!","=","guard_3","CONTROL_3","predicateArgument_13","predicateArgument_14","predicateArgument_15","=","guard_4","CONTROL_4","predicateArgument_16","predicateArgument_17","predicateArgument_18","predicateArgument_19","predicateArgument_20","CONTROL_5","predicateArgument_21","predicateArgument_22","predicateArgument_23","predicateArgument_24","predicateArgument_25","predicateArgument_26","true","guard_5","CONTROL_6","predicateArgument_27","predicateArgument_28","predicateArgument_29","predicateArgument_30","predicateArgument_31","=","guard_6","=","!","guard_7","CONTROL_7","predicateArgument_32","=","=","guard_8","=","!","guard_9","=","!","guard_10","1","guard_11","2","3","420","guard_12","=","guard_13","528","-","+","=","+","=","guard_14","CONTROL_8","=","guard_15","=","guard_16","=","!","guard_17","=","!","guard_18","FALSE","guard_19"],
"falseIndices":[101],
"initialIndices":[1],
"argumentIndices":[3,4,5,6,8,9,10,11,12,20,21,22,23,33,34,35,39,40,41,42,43,45,46,47,48,49,50,54,55,56,57,58,65],
"argumentBoundList":[["None","None"],["None","None"],["None","None"],["None","None"],["None","None"],["None","None"],["None","None"],["None","None"],["None","None"],["None","None"],["None","None"],["None","None"],["None","None"],["None","None"],["None","None"],["None","None"],["None","None"],["None","None"],["None","None"],["None","None"],["None","None"],["None","None"],["None","None"],["None","None"],["None","None"],["None","None"],["None","None"],["None","None"],["None","None"],["None","None"],["None","None"],["None","None"],["None","None"]],
"argumentBinaryOccurrenceList":[0,0,0,0,0,0,0,0,0,0,0,0,0,0,0,0,0,0,0,0,0,0,0,0,0,0,0,0,0,0,0,0,0],
"argumentOccurrence":[0,0,0,0,0,0,0,0,0,0,0,0,0,0,0,0,0,0,0,0,0,0,0,0,0,0,0,0,0,0,0,0,0],
"templateIndices":[],
"templateRelevanceLabel":[],
"templateCostLabel":[],
"clauseIndices":[],
"guardIndices":[15,18,27,31,37,52,60,63,68,71,74,76,80,82,89,92,94,97,100,102],
"clauseBinaryOccurrenceInCounterExampleList":[1,1,1,1,1,1,1,1,1,1,1,1,1,1,1,1,1,1,1,1],
"predictedLabel":[],
"controlLocationIndices":[2,7,19,32,38,44,53,64,90],
"binaryAdjacentList":[[3,2],[3,16],[3,26],[3,28],[4,2],[5,2],[6,2],[6,24],[6,30],[8,7],[9,7],[9,14],[9,25],[9,91],[10,7],[11,7],[12,7],[13,14],[13,16],[13,25],[13,26],[13,28],[13,36],[13,59],[13,61],[13,66],[13,67],[13,69],[13,72],[13,91],[13,93],[13,95],[13,98],[14,15],[16,17],[17,18],[20,19],[21,19],[22,19],[22,36],[22,72],[22,95],[23,19],[23,24],[23,30],[24,27],[25,27],[26,27],[28,29],[29,31],[30,31],[33,32],[34,32],[35,32],[36,37],[39,38],[40,38],[41,38],[41,59],[41,66],[41,93],[42,38],[43,38],[45,44],[46,44],[46,81],[46,84],[47,44],[47,87],[48,44],[49,44],[50,44],[50,81],[50,85],[51,52],[51,76],[51,80],[51,102],[54,53],[54,61],[54,67],[54,69],[55,53],[56,53],[57,53],[58,53],[59,60],[61,62],[62,63],[65,64],[65,98],[66,68],[67,68],[69,70],[70,71],[72,73],[73,74],[75,86],[75,88],[81,82],[84,85],[84,87],[85,86],[86,89],[87,88],[88,89],[91,92],[93,94],[95,96],[96,97],[98,99],[99,100]],
"ternaryAdjacencyList":[[7,15,2],[13,15,3],[10,15,4],[11,15,5],[12,15,6],[7,18,2],[9,18,3],[10,18,4],[11,18,5],[12,18,6],[7,27,19],[2,27,19],[8,27,20],[6,27,23],[7,31,19],[2,31,19],[8,31,20],[6,31,23],[19,37,32],[20,37,33],[21,37,34],[23,37,35],[44,52,38],[32,52,38],[34,52,39],[50,52,40],[47,52,41],[48,52,42],[49,52,43],[38,60,53],[13,60,54],[42,60,55],[43,60,56],[39,60,57],[40,60,58],[38,63,53],[41,63,54],[42,63,55],[43,63,56],[39,63,57],[40,63,58],[38,68,64],[53,68,64],[38,71,64],[53,71,64],[19,74,32],[20,74,33],[21,74,34],[23,74,35],[1,76,7],[13,76,9],[13,76,10],[13,76,11],[75,76,12],[1,80,7],[77,80,9],[78,80,10],[79,80,11],[77,80,12],[32,82,44],[33,82,45],[13,82,47],[13,82,48],[13,82,49],[35,82,50],[32,89,44],[33,89,45],[35,89,46],[78,89,48],[83,89,49],[7,92,90],[38,94,90],[19,97,90],[64,100,90],[90,102,101]],
"unknownEdges":[],
"argumentIDList":[13,14,15,16,22,23,24,25,26,0,1,2,3,4,5,6,7,8,9,10,11,27,28,29,30,31,32,17,18,19,20,21,12],
"argumentNameList":["<java.lang.String: boolean equals(java.lang.Object)>_pre_0:argument0","<java.lang.String: boolean equals(java.lang.Object)>_pre_0:argument1","<java.lang.String: boolean equals(java.lang.Object)>_pre_0:argument2","<java.lang.String: boolean equals(java.lang.Object)>_pre_0:argument3","<java.lang.String: java.lang.String substring(int)>_Block3:argument0","<java.lang.String: java.lang.String substring(int)>_Block3:argument1","<java.lang.String: java.lang.String substring(int)>_Block3:argument2","<java.lang.String: java.lang.String substring(int)>_Block3:argument3","<java.lang.String: java.lang.String substring(int)>_Block3:argument4","<Main: void main(JayArray_java_lang_String)>_Block1_11:argument0","<Main: void main(JayArray_java_lang_String)>_Block1_11:argument1","<Main: void main(JayArray_java_lang_String)>_Block1_11:argument2","<Main: void main(JayArray_java_lang_String)>_Block1_11:argument3","<Main: void main(JayArray_java_lang_String)>_Block2:argument0","<Main: void main(JayArray_java_lang_String)>_Block2:argument1","<Main: void main(JayArray_java_lang_String)>_Block2:argument2","<Main: void main(JayArray_java_lang_String)>_Block2_1:argument0","<Main: void main(JayArray_java_lang_String)>_Block2_1:argument1","<Main: void main(JayArray_java_lang_String)>_Block2_1:argument2","<Main: void main(JayArray_java_lang_String)>_Block2_1:argument3","<Main: void main(JayArray_java_lang_String)>_Block2_1:argument4","<java.lang.String: java.lang.String substring(int,int)>_Block3:argument0","<java.lang.String: java.lang.String substring(int,int)>_Block3:argument1","<java.lang.String: java.lang.String substring(int,int)>_Block3:argument2","<java.lang.String: java.lang.String substring(int,int)>_Block3:argument3","<java.lang.String: java.lang.String substring(int,int)>_Block3:argument4","<java.lang.String: java.lang.String substring(int,int)>_Block3:argument5","<java.lang.String: boolean equals(java.lang.Object)>_pre_1:argument0","<java.lang.String: boolean equals(java.lang.Object)>_pre_1:argument1","<java.lang.String: boolean equals(java.lang.Object)>_pre_1:argument2","<java.lang.String: boolean equals(java.lang.Object)>_pre_1:argument3","<java.lang.String: boolean equals(java.lang.Object)>_pre_1:argument4","<Main: void main(JayArray_java_lang_String)>_Block2_6:argument0"],
"predicateIndices":[2,7,19,32,38,44,53,64,90],
"predicateOccurrenceInClause":[4,7,5,5,6,3,4,3,5],
"predicateStrongConnectedComponent":[0,0,0,0,0,0,0,0,0],
"argumentEdges":[[3,2],[4,2],[5,2],[6,2],[8,7],[9,7],[10,7],[11,7],[12,7],[20,19],[21,19],[22,19],[23,19],[33,32],[34,32],[35,32],[39,38],[40,38],[41,38],[42,38],[43,38],[45,44],[46,44],[47,44],[48,44],[49,44],[50,44],[54,53],[55,53],[56,53],[57,53],[58,53],[65,64]],
"guardASTEdges":[[14,15],[17,18],[24,27],[25,27],[26,27],[29,31],[30,31],[36,37],[51,52],[59,60],[62,63],[66,68],[67,68],[70,71],[73,74],[51,76],[51,80],[81,82],[86,89],[88,89],[91,92],[93,94],[96,97],[99,100],[51,102]],
"ASTEdges":[],
"AST_1Edges":[[9,14],[3,16],[16,17],[6,24],[9,25],[3,26],[3,28],[28,29],[6,30],[22,36],[41,59],[54,61],[61,62],[41,66],[54,67],[54,69],[69,70],[22,72],[72,73],[46,81],[50,85],[85,86],[47,87],[87,88],[9,91],[41,93],[22,95],[95,96],[65,98],[98,99]],
"AST_2Edges":[[13,14],[13,16],[23,24],[13,25],[13,26],[13,28],[23,30],[13,36],[13,59],[13,61],[13,66],[13,67],[13,69],[13,72],[50,81],[46,84],[84,85],[75,86],[84,87],[75,88],[13,91],[13,93],[13,95],[13,98]],
"templateASTEdges":[],
"templateEdges":[],
"verifHintTplPredEdges":[],
"verifHintTplPredPosNegEdges":[],
"verifHintTplEqTermEdges":[],
"verifHintTplInEqTermEdges":[],
"verifHintTplInEqTermPosNegEdges":[],
"dataFlowASTEdges":[],
"controlFlowHyperEdges":[[7,15,2],[7,18,2],[7,27,19],[2,27,19],[7,31,19],[2,31,19],[19,37,32],[44,52,38],[32,52,38],[38,60,53],[38,63,53],[38,68,64],[53,68,64],[38,71,64],[53,71,64],[19,74,32],[1,76,7],[1,80,7],[32,82,44],[32,89,44],[7,92,90],[38,94,90],[19,97,90],[64,100,90],[90,102,101]],
"dataFlowHyperEdges":[[13,15,3],[10,15,4],[11,15,5],[12,15,6],[9,18,3],[10,18,4],[11,18,5],[12,18,6],[8,27,20],[6,27,23],[8,31,20],[6,31,23],[20,37,33],[21,37,34],[23,37,35],[34,52,39],[50,52,40],[47,52,41],[48,52,42],[49,52,43],[13,60,54],[42,60,55],[43,60,56],[39,60,57],[40,60,58],[41,63,54],[42,63,55],[43,63,56],[39,63,57],[40,63,58],[20,74,33],[21,74,34],[23,74,35],[13,76,9],[13,76,10],[13,76,11],[75,76,12],[77,80,9],[78,80,10],[79,80,11],[77,80,12],[33,82,45],[13,82,47],[13,82,48],[13,82,49],[35,82,50],[33,89,45],[35,89,46],[78,89,48],[83,89,49]],
"controlLocationEdgeForSCC":[],
"predicateTransitiveEdges":[],
"dummyFiled":[]
}