{
"nodeIds":[0,1,2,3,4,5,6,7,8,9,10,11,12,13,14,15,16,17,18,19,20,21,22,23,24,25,26,27,28,29,30,31,32,33,34,35,36,37,38,39,40,41,42,43,44,45,46,47,48,49,50,51,52,53,54,55,56,57,58,59,60,61,62,63,64,65,66,67,68,69,70,71,72,73,74,75,76,77,78,79,80,81,82,83,84,85,86,87,88,89],
"nodeSymbolList":["predicateName_0","predicateArgument_0","predicateArgument_1","predicateArgument_2","FALSE","clause_0","-","symbolicConstant_0","=","symbolicConstant_1","-","symbolicConstant_2","+","2",">=","1",">=","+","3",">=",">=","symbolicConstant_3",">=",">=","0","+","-1",">=","+","symbolicConstant_4","+","=","clauseHead_0","clauseArgument_0","clauseArgument_1","clauseArgument_2","clause_1","-","symbolicConstant_5","+",">=",">=","+",">=",">=","symbolicConstant_6",">=",">=","+",">=","+","symbolicConstant_7","+","=","clauseHead_1","clauseArgument_3","clauseArgument_4","clauseArgument_5","clause_2","+","symbolicConstant_8","-2","-","+",">=","-","symbolicConstant_9","+",">=","+",">=",">=",">=",">=","+",">=",">=","-","+",">=","+",">=","+",">=",">=","clauseHead_2","clauseBody_0","clauseArgument_6","clauseArgument_7","clauseArgument_8"],
"falseIndices":[4],
"initialIndices":[],
"argumentIndices":[1,2,3],
"argumentBoundList":[[1,1],[1,1],[1,1]],
"argumentBinaryOccurrenceList":[0,0,0],
"argumentOccurrence":[0,0,0],
"templateIndices":[],
"templateRelevanceLabel":[],
"templateCostLabel":[],
"clauseIndices":[5,36,58],
"guardIndices":[],
"clauseBinaryOccurrenceInCounterExampleList":[0,0,0],
"predictedLabel":[],
"controlLocationIndices":[],
"binaryAdjacentList":[[0,1],[0,2],[0,3],[0,32],[0,54],[1,33],[1,55],[1,87],[2,34],[2,56],[2,88],[3,35],[3,57],[3,89],[4,85],[5,32],[6,8],[7,6],[8,5],[9,8],[10,12],[10,17],[11,10],[11,16],[11,22],[11,25],[12,14],[13,12],[13,22],[13,39],[13,46],[14,5],[14,5],[15,14],[15,16],[15,19],[15,20],[15,27],[15,28],[15,31],[15,40],[15,41],[15,43],[15,44],[15,49],[15,50],[15,53],[15,63],[15,64],[15,68],[15,71],[15,72],[15,76],[15,79],[15,81],[15,83],[16,5],[16,5],[16,5],[16,5],[16,5],[16,5],[16,5],[16,5],[16,5],[16,5],[17,19],[18,17],[18,42],[19,5],[20,5],[21,20],[21,23],[22,5],[22,5],[22,5],[23,5],[24,23],[24,47],[24,88],[25,27],[26,25],[26,30],[26,48],[26,52],[26,69],[26,74],[26,82],[27,5],[28,30],[29,28],[30,31],[31,5],[32,33],[32,34],[32,35],[33,11],[34,21],[35,29],[36,54],[37,39],[37,42],[38,37],[38,41],[38,46],[38,48],[39,40],[40,36],[40,36],[41,36],[41,36],[41,36],[41,36],[41,36],[41,36],[41,36],[41,36],[41,36],[41,36],[42,43],[43,36],[44,36],[45,44],[45,47],[46,36],[46,36],[46,36],[47,36],[48,49],[49,36],[50,52],[51,50],[52,53],[53,36],[54,55],[54,56],[54,57],[55,38],[56,45],[57,51],[58,85],[59,62],[59,72],[59,73],[59,80],[60,59],[60,67],[60,69],[61,59],[62,63],[63,64],[64,58],[65,67],[65,80],[66,65],[66,70],[66,73],[66,75],[66,78],[66,84],[66,87],[67,68],[68,58],[69,70],[69,71],[69,74],[70,58],[70,58],[71,58],[72,58],[72,58],[73,58],[73,58],[74,75],[74,76],[74,77],[74,82],[75,58],[75,58],[76,58],[77,78],[78,79],[79,58],[80,81],[81,58],[82,83],[82,84],[82,89],[83,58],[83,58],[83,58],[83,58],[84,58],[84,58],[84,58],[84,58],[86,0],[86,58],[87,86],[88,86],[89,86]],
"ternaryAdjacencyList":[],
"unknownEdges":[],
"argumentIDList":[0,1,2],
"argumentNameList":["predh136_9:argument0","predh136_9:argument1","predh136_9:argument2"],
"predicateIndices":[0],
"predicateOccurrenceInClause":[3],
"predicateStrongConnectedComponent":[0],
"predicateArgumentEdges":[[0,1],[0,2],[0,3]],
"predicateInstanceEdges":[[0,32],[0,54],[4,85],[86,0]],
"argumentInstanceEdges":[[1,33],[2,34],[3,35],[1,55],[2,56],[3,57],[1,87],[2,88],[3,89]],
"controlHeadEdges":[[5,32],[36,54],[58,85]],
"controlBodyEdges":[[86,58]],
"controlEdges":[],
"controlArgumentEdges":[[32,33],[32,34],[32,35],[54,55],[54,56],[54,57],[87,86],[88,86],[89,86]],
"subTermEdges":[[7,6],[9,8],[6,8],[11,10],[13,12],[10,12],[12,14],[15,14],[11,16],[15,16],[18,17],[10,17],[17,19],[15,19],[21,20],[15,20],[11,22],[13,22],[21,23],[24,23],[11,25],[26,25],[25,27],[15,27],[29,28],[15,28],[28,30],[26,30],[30,31],[15,31],[38,37],[13,39],[37,39],[39,40],[15,40],[38,41],[15,41],[18,42],[37,42],[42,43],[15,43],[45,44],[15,44],[38,46],[13,46],[45,47],[24,47],[38,48],[26,48],[48,49],[15,49],[51,50],[15,50],[50,52],[26,52],[52,53],[15,53],[60,59],[61,59],[59,62],[15,63],[62,63],[63,64],[15,64],[66,65],[60,67],[65,67],[67,68],[15,68],[60,69],[26,69],[66,70],[69,70],[69,71],[15,71],[59,72],[15,72],[66,73],[59,73],[69,74],[26,74],[66,75],[74,75],[74,76],[15,76],[74,77],[66,78],[77,78],[78,79],[15,79],[59,80],[65,80],[80,81],[15,81],[74,82],[26,82],[82,83],[15,83],[66,84],[82,84]],
"guardEdges":[[8,5],[14,5],[16,5],[16,5],[16,5],[14,5],[16,5],[16,5],[16,5],[19,5],[20,5],[22,5],[22,5],[16,5],[16,5],[16,5],[16,5],[23,5],[27,5],[22,5],[31,5],[40,36],[41,36],[41,36],[41,36],[40,36],[41,36],[41,36],[41,36],[43,36],[44,36],[46,36],[46,36],[41,36],[41,36],[41,36],[41,36],[47,36],[49,36],[46,36],[53,36],[64,58],[68,58],[70,58],[71,58],[72,58],[70,58],[73,58],[75,58],[76,58],[72,58],[75,58],[73,58],[79,58],[81,58],[83,58],[83,58],[83,58],[83,58],[84,58],[84,58],[84,58],[84,58]],
"dataEdges":[[33,11],[34,21],[35,29],[55,38],[56,45],[57,51],[66,87],[24,88],[82,89]],
"predicateInstanceHeadEdges":[],
"predicateInstanceBodyEdges":[],
"controlArgumentHeadEdges":[],
"controlArgumentBodyEdges":[],
"guardConstantEdges":[],
"guardOperatorEdges":[],
"guardScEdges":[],
"dataConstantEdges":[],
"dataOperatorEdges":[],
"dataScEdges":[],
"subTermConstantOperatorEdges":[],
"subTermOperatorOperatorEdges":[],
"subTermScOperatorEdges":[],
"dummyFiled":[]
}