{
"nodeIds":[0,1,2,3,4,5,6,7,8,9,10,11,12,13,14,15,16,17,18,19,20,21,22,23,24,25,26,27,28,29,30,31,32,33,34,35,36,37,38,39,40,41,42,43,44,45,46,47,48,49,50,51,52,53,54,55,56,57,58,59,60,61,62],
"nodeSymbolList":["dummy","Initial","CONTROL_0","predicateArgument_0","predicateArgument_1","CONTROL_1","predicateArgument_2","predicateArgument_3",">=","100",">=","-100","guard_0","CONTROL_2","predicateArgument_4","predicateArgument_5","predicateArgument_6","+","-10","-","+",">=","1","guard_1","-","+",">=","guard_2","CONTROL_3","predicateArgument_7","predicateArgument_8","predicateArgument_9","+","10","-","+",">=","+","=","guard_3","-","+",">=","guard_4","0","true","guard_5","CONTROL_4","predicateArgument_10","predicateArgument_11",">=",">=","guard_6","guard_7","CONTROL_5",">=","101","guard_8",">=","-101","guard_9","FALSE","guard_10"],
"falseIndices":[61],
"initialIndices":[1],
"argumentIndices":[3,4,6,7,14,15,16,29,30,31,48,49],
"argumentBoundList":[[0,0],[1,1],[0,0],[0,0],[0,0],[0,0],[0,1],[0,0],[0,0],[1,1],[0,0],[0,0]],
"argumentBinaryOccurrenceList":[0,0,0,0,0,0,0,0,0,0,0,0],
"argumentOccurrence":[0,0,0,0,0,0,0,0,0,0,0,0],
"templateIndices":[],
"templateRelevanceLabel":[],
"templateCostLabel":[],
"clauseIndices":[],
"guardIndices":[12,23,27,39,43,46,52,53,57,60,62],
"clauseBinaryOccurrenceInCounterExampleList":[0,0,0,0,0,0,0,0,0,0,0],
"predictedLabel":[],
"controlLocationIndices":[2,5,13,28,47,54],
"binaryAdjacentList":[[2,2],[3,2],[4,2],[4,8],[4,10],[5,5],[6,5],[7,5],[7,20],[7,25],[7,55],[7,58],[8,12],[9,8],[9,50],[10,12],[11,10],[11,51],[13,13],[14,13],[15,13],[15,17],[15,24],[15,37],[15,41],[16,13],[16,19],[16,34],[16,40],[18,17],[18,26],[18,38],[18,42],[19,20],[20,21],[21,23],[22,21],[22,36],[24,25],[25,26],[26,27],[28,28],[29,28],[30,28],[30,32],[31,28],[31,35],[31,50],[31,51],[33,32],[34,35],[34,37],[35,36],[36,39],[37,38],[38,39],[40,41],[41,42],[42,43],[45,46],[45,53],[45,62],[47,47],[48,47],[49,47],[50,52],[51,52],[55,57],[56,55],[58,60],[59,58]],
"ternaryAdjacencyList":[[5,12,2],[6,12,3],[7,12,4],[13,23,5],[14,23,6],[17,23,7],[13,27,5],[14,27,6],[16,27,7],[28,39,13],[29,39,14],[32,39,16],[28,43,13],[29,43,14],[30,43,15],[31,43,16],[1,46,2],[44,46,4],[2,52,28],[47,52,28],[48,52,29],[49,52,30],[2,53,47],[5,57,54],[5,60,54],[54,62,61]],
"unknownEdges":[],
"argumentIDList":[5,6,3,4,0,1,2,9,10,11,7,8],
"argumentNameList":["main_s4:argument0","main_s4:argument1","main_s15:argument0","main_s15:argument1","main_s11:argument0","main_s11:argument1","main_s11:argument2","main_s7:argument0","main_s7:argument1","main_s7:argument2","main_s4_6_1:argument0","main_s4_6_1:argument1"],
"predicateIndices":[2,5,13,28,47,54],
"predicateOccurrenceInClause":[4,5,4,3,2,3],
"predicateStrongConnectedComponent":[1,1,1,1,1,0],
"argumentEdges":[[3,2],[4,2],[6,5],[7,5],[14,13],[15,13],[16,13],[29,28],[30,28],[31,28],[48,47],[49,47]],
"guardASTEdges":[[8,12],[10,12],[21,23],[26,27],[36,39],[38,39],[42,43],[45,46],[50,52],[51,52],[45,53],[55,57],[58,60],[45,62]],
"ASTEdges":[],
"AST_1Edges":[[9,8],[4,10],[18,17],[7,20],[20,21],[7,25],[25,26],[33,32],[16,34],[34,35],[35,36],[15,37],[37,38],[15,41],[41,42],[9,50],[31,51],[7,55],[59,58]],
"AST_2Edges":[[4,8],[11,10],[15,17],[16,19],[19,20],[22,21],[15,24],[24,25],[18,26],[30,32],[31,35],[22,36],[34,37],[18,38],[16,40],[40,41],[18,42],[31,50],[11,51],[56,55],[7,58]],
"templateASTEdges":[],
"templateEdges":[],
"verifHintTplPredEdges":[],
"verifHintTplPredPosNegEdges":[],
"verifHintTplEqTermEdges":[],
"verifHintTplInEqTermEdges":[],
"verifHintTplInEqTermPosNegEdges":[],
"dataFlowASTEdges":[],
"controlFlowHyperEdges":[[5,12,2],[13,23,5],[13,27,5],[28,39,13],[28,43,13],[1,46,2],[2,52,28],[47,52,28],[2,53,47],[5,57,54],[5,60,54],[54,62,61]],
"dataFlowHyperEdges":[[6,12,3],[7,12,4],[14,23,6],[17,23,7],[14,27,6],[16,27,7],[29,39,14],[32,39,16],[29,43,14],[30,43,15],[31,43,16],[44,46,4],[48,52,29],[49,52,30]],
"controlLocationEdgeForSCC":[],
"predicateTransitiveEdges":[[28,28],[47,47],[2,2],[13,13],[5,5]],
"dummyFiled":[]
}