{
"nodeIds":[0,1,2,3,4,5,6,7,8,9,10,11,12,13,14,15,16,17,18,19,20,21,22,23,24,25,26,27,28,29,30,31],
"nodeSymbolList":["dummy","Initial","CONTROL_0","predicateArgument_0","predicateArgument_1","1","true","guard_0","0",">=","guard_1","CONTROL_1","predicateArgument_2","predicateArgument_3","CONTROL_2","predicateArgument_4","predicateArgument_5","-","-","+","-","+","+","2",">=","guard_2","guard_3","guard_4","FALSE",">=",">=","guard_5"],
"falseIndices":[28],
"initialIndices":[1],
"argumentIndices":[3,4,12,13,15,16],
"argumentBoundList":[[1,0],[0,0],[1,0],[0,0],[1,0],[0,0]],
"argumentBinaryOccurrenceList":[0,0,0,0,0,0],
"argumentOccurrence":[0,0,0,0,0,0],
"templateIndices":[],
"templateRelevanceLabel":[],
"templateCostLabel":[],
"clauseIndices":[],
"guardIndices":[7,10,25,26,27,31],
"clauseBinaryOccurrenceInCounterExampleList":[0,0,0,0,0,0],
"predictedLabel":[],
"controlLocationIndices":[2,11,14],
"binaryAdjacentList":[[2,2],[3,2],[3,30],[4,2],[4,9],[4,24],[4,29],[5,21],[5,29],[6,7],[6,26],[6,27],[8,9],[8,30],[9,10],[11,11],[12,11],[12,17],[13,11],[13,21],[14,14],[15,14],[15,18],[16,14],[16,22],[17,19],[18,19],[19,20],[23,22],[23,24],[24,25],[29,31],[30,31]],
"ternaryAdjacencyList":[[1,7,2],[5,7,3],[5,7,4],[1,10,2],[8,10,3],[11,25,2],[14,25,2],[20,25,3],[21,25,4],[22,25,4],[2,26,11],[3,26,12],[4,26,13],[2,27,14],[3,27,15],[4,27,16],[2,31,28]],
"unknownEdges":[],
"argumentIDList":[0,1,2,3,4,5],
"argumentNameList":["fibonacci_1_5:argument0","fibonacci_1_5:argument1","fibonacci_1_5_2_1:argument0","fibonacci_1_5_2_1:argument1","fibonacci_1_5_2_2:argument0","fibonacci_1_5_2_2:argument1"],
"predicateIndices":[2,11,14],
"predicateOccurrenceInClause":[6,2,2],
"predicateStrongConnectedComponent":[1,1,1],
"argumentEdges":[[3,2],[4,2],[12,11],[13,11],[15,14],[16,14]],
"guardASTEdges":[[6,7],[9,10],[24,25],[6,26],[6,27],[29,31],[30,31]],
"ASTEdges":[],
"AST_1Edges":[[8,9],[12,17],[17,19],[19,20],[5,21],[23,22],[4,24],[4,29],[8,30]],
"AST_2Edges":[[4,9],[15,18],[18,19],[13,21],[16,22],[23,24],[5,29],[3,30]],
"templateASTEdges":[],
"templateEdges":[],
"verifHintTplPredEdges":[],
"verifHintTplPredPosNegEdges":[],
"verifHintTplEqTermEdges":[],
"verifHintTplInEqTermEdges":[],
"verifHintTplInEqTermPosNegEdges":[],
"dataFlowASTEdges":[],
"controlFlowHyperEdges":[[1,7,2],[1,10,2],[11,25,2],[14,25,2],[2,26,11],[2,27,14],[2,31,28]],
"dataFlowHyperEdges":[[5,7,3],[5,7,4],[8,10,3],[20,25,3],[21,25,4],[22,25,4],[3,26,12],[4,26,13],[3,27,15],[4,27,16]],
"controlLocationEdgeForSCC":[],
"predicateTransitiveEdges":[[2,2],[11,11],[14,14]],
"dummyFiled":[]
}