{
"nodeIds":[0,1,2,3,4,5,6,7,8,9,10,11,12,13,14,15,16,17,18,19,20,21,22,23,24,25,26,27,28,29,30,31,32,33,34,35,36,37,38,39,40,41,42,43,44,45,46,47,48,49,50,51,52,53,54,55,56,57,58,59,60,61,62,63,64,65,66,67,68,69,70,71,72,73,74,75,76,77,78,79,80,81,82,83,84,85,86,87,88,89,90,91,92,93,94,95,96,97,98,99,100,101,102,103,104,105,106,107,108,109,110,111,112,113,114,115,116,117,118,119,120,121,122,123,124,125,126,127,128,129,130,131,132,133,134,135,136,137,138,139,140,141,142,143,144,145,146,147,148,149,150,151,152,153,154,155,156,157],
"nodeSymbolList":["dummy","Initial","CONTROL_0","predicateArgument_0","predicateArgument_1","CONTROL_1","predicateArgument_2","predicateArgument_3","predicateArgument_4","predicateArgument_5","predicateArgument_6","predicateArgument_7","CONTROL_2","predicateArgument_8","predicateArgument_9","predicateArgument_10","predicateArgument_11","predicateArgument_12","predicateArgument_13","=","0","!","=","2","=","=","guard_0","=","guard_1","CONTROL_3","predicateArgument_14","predicateArgument_15","predicateArgument_16","predicateArgument_17","predicateArgument_18","predicateArgument_19","=","!","=","=","=","=","guard_2","=","guard_3","CONTROL_4","predicateArgument_20","predicateArgument_21","predicateArgument_22","predicateArgument_23","predicateArgument_24","predicateArgument_25","=","!","=","=","=","=","guard_4","=","=","guard_5","CONTROL_5","predicateArgument_26","predicateArgument_27","predicateArgument_28","predicateArgument_29","predicateArgument_30","predicateArgument_31","=","=","=","=","=","guard_6","=","=","guard_7","CONTROL_6","predicateArgument_32","predicateArgument_33","CONTROL_7","predicateArgument_34","predicateArgument_35","true","guard_8","CONTROL_8","predicateArgument_36","predicateArgument_37","predicateArgument_38","predicateArgument_39","predicateArgument_40","CONTROL_9","predicateArgument_41","predicateArgument_42","predicateArgument_43","predicateArgument_44","predicateArgument_45","guard_9","CONTROL_10","predicateArgument_46","CONTROL_11","predicateArgument_47","predicateArgument_48","predicateArgument_49","predicateArgument_50","predicateArgument_51","=","=","guard_10","=","guard_11","CONTROL_12","predicateArgument_52","predicateArgument_53","predicateArgument_54","predicateArgument_55","predicateArgument_56","=","!","guard_12","guard_13","false","guard_14","5","3","544","guard_15","=","guard_16","+","1","-","+","=","-1","guard_17","=","guard_18","+","746","-","+","=","=","guard_19","CONTROL_13","=","!","=","guard_20","=","guard_21","=","!","guard_22","FALSE","guard_23"],
"falseIndices":[156],
"initialIndices":[1],
"argumentIndices":[3,4,6,7,8,9,10,11,13,14,15,16,17,18,30,31,32,33,34,35,46,47,48,49,50,51,63,64,65,66,67,68,79,80,82,83,87,88,89,90,91,93,94,95,96,97,100,102,103,104,105,106,113,114,115,116,117],
"argumentBoundList":[["None","None"],["None","None"],["None","None"],["None","None"],["None","None"],["None","None"],["None","None"],["None","None"],["None","None"],["None","None"],["None","None"],["None","None"],["None","None"],["None","None"],["None","None"],["None","None"],["None","None"],["None","None"],["None","None"],["None","None"],["None","None"],["None","None"],["None","None"],["None","None"],["None","None"],["None","None"],["None","None"],["None","None"],["None","None"],["None","None"],["None","None"],["None","None"],["None","None"],["None","None"],["None","None"],["None","None"],["None","None"],["None","None"],["None","None"],["None","None"],["None","None"],["None","None"],["None","None"],["None","None"],["None","None"],["None","None"],["None","None"],["None","None"],["None","None"],["None","None"],["None","None"],["None","None"],["None","None"],["None","None"],["None","None"],["None","None"],["None","None"]],
"argumentBinaryOccurrenceList":[0,0,0,0,0,0,0,0,0,0,0,0,0,0,0,0,0,0,0,0,0,0,0,0,0,0,0,0,0,0,0,0,0,0,0,0,0,0,0,0,0,0,0,0,0,0,0,0,0,0,0,0,0,0,0,0,0],
"argumentOccurrence":[0,0,0,0,0,0,0,0,0,0,0,0,0,0,0,0,0,0,0,0,0,0,0,0,0,0,0,0,0,0,0,0,0,0,0,0,0,0,0,0,0,0,0,0,0,0,0,0,0,0,0,0,0,0,0,0,0],
"templateIndices":[],
"templateRelevanceLabel":[],
"templateCostLabel":[],
"clauseIndices":[],
"guardIndices":[26,28,42,44,58,61,74,77,85,98,109,111,120,121,123,127,129,136,138,145,150,152,155,157],
"clauseBinaryOccurrenceInCounterExampleList":[0,0,0,0,0,0,0,0,1,1,0,0,0,0,0,1,0,0,0,0,0,0,0,1],
"predictedLabel":[],
"controlLocationIndices":[2,5,12,29,45,62,78,81,86,92,99,101,112,146],
"binaryAdjacentList":[[3,2],[4,2],[4,25],[4,40],[4,56],[4,71],[4,130],[6,5],[6,22],[6,27],[6,38],[6,43],[6,54],[6,59],[6,69],[6,75],[6,149],[7,5],[7,57],[7,60],[7,72],[7,76],[7,147],[8,5],[9,5],[10,5],[11,5],[13,12],[13,24],[14,12],[15,12],[16,12],[17,12],[18,12],[18,19],[18,25],[19,21],[20,19],[20,36],[20,41],[20,52],[20,57],[20,60],[20,72],[20,73],[20,76],[20,107],[20,108],[20,110],[20,118],[20,147],[20,151],[20,153],[21,26],[21,26],[22,26],[23,22],[23,24],[23,27],[23,38],[23,39],[23,43],[23,54],[23,55],[23,59],[23,69],[23,70],[23,75],[23,149],[24,26],[25,26],[27,28],[30,29],[30,39],[31,29],[31,41],[32,29],[33,29],[34,29],[35,29],[35,36],[35,40],[36,37],[37,42],[38,42],[39,42],[40,42],[41,42],[43,44],[46,45],[46,55],[47,45],[48,45],[49,45],[50,45],[51,45],[51,52],[51,56],[52,53],[53,58],[54,58],[55,58],[56,58],[57,58],[59,61],[60,61],[63,62],[63,70],[64,62],[64,73],[65,62],[66,62],[67,62],[68,62],[68,71],[69,74],[70,74],[71,74],[72,74],[73,74],[75,77],[76,77],[79,78],[80,78],[80,139],[82,81],[82,128],[82,133],[83,81],[83,128],[83,132],[84,85],[84,98],[84,121],[84,127],[84,157],[87,86],[87,107],[87,110],[87,151],[88,86],[89,86],[90,86],[91,86],[93,92],[93,137],[93,142],[94,92],[94,141],[94,144],[95,92],[96,92],[97,92],[97,137],[97,144],[100,99],[100,153],[102,101],[102,108],[103,101],[104,101],[105,101],[106,101],[107,109],[108,109],[110,111],[113,112],[113,118],[114,112],[115,112],[116,112],[117,112],[118,119],[119,120],[122,123],[128,129],[131,130],[131,139],[132,133],[133,134],[134,136],[135,134],[135,143],[137,138],[141,142],[142,143],[143,145],[144,145],[147,148],[148,150],[149,150],[151,152],[153,154],[154,155]],
"ternaryAdjacencyList":[[5,26,2],[12,26,2],[18,26,4],[5,28,12],[23,28,13],[8,28,15],[9,28,16],[10,28,17],[11,28,18],[5,42,2],[29,42,2],[35,42,4],[5,44,29],[23,44,30],[20,44,31],[8,44,32],[9,44,33],[10,44,34],[11,44,35],[5,58,2],[45,58,2],[51,58,4],[5,61,45],[23,61,46],[8,61,48],[9,61,49],[10,61,50],[11,61,51],[5,74,2],[62,74,2],[68,74,4],[5,77,62],[23,77,63],[20,77,64],[8,77,65],[9,77,66],[10,77,67],[11,77,68],[2,85,78],[81,85,78],[3,85,79],[83,85,80],[78,98,86],[92,98,86],[94,98,87],[95,98,88],[96,98,89],[79,98,90],[97,98,91],[86,109,99],[101,109,99],[86,111,101],[20,111,102],[88,111,103],[89,111,104],[90,111,105],[91,111,106],[86,120,99],[112,120,99],[86,121,112],[87,121,113],[88,121,114],[89,121,115],[90,121,116],[91,121,117],[1,123,5],[1,127,5],[23,127,6],[20,127,7],[124,127,8],[125,127,9],[126,127,10],[124,127,11],[2,129,81],[4,129,82],[2,136,81],[130,136,83],[78,138,92],[20,138,94],[20,138,95],[20,138,96],[80,138,97],[78,145,92],[139,145,94],[125,145,95],[140,145,96],[5,150,146],[86,152,146],[99,155,146],[146,157,156]],
"unknownEdges":[],
"argumentIDList":[0,1,27,28,29,30,31,32,33,34,35,36,37,38,39,40,41,42,43,44,45,46,47,48,49,50,51,52,53,54,55,56,2,3,25,26,4,5,6,7,8,20,21,22,23,24,19,9,10,11,12,13,14,15,16,17,18],
"argumentNameList":["<Main: void main(JayArray_java_lang_String)>_Block1_11:argument0","<Main: void main(JayArray_java_lang_String)>_Block1_11:argument1","<org.sosy_lab.sv_benchmarks.Verifier: java.lang.String nondetString()>_Block0:argument0","<org.sosy_lab.sv_benchmarks.Verifier: java.lang.String nondetString()>_Block0:argument1","<org.sosy_lab.sv_benchmarks.Verifier: java.lang.String nondetString()>_Block0:argument2","<org.sosy_lab.sv_benchmarks.Verifier: java.lang.String nondetString()>_Block0:argument3","<org.sosy_lab.sv_benchmarks.Verifier: java.lang.String nondetString()>_Block0:argument4","<org.sosy_lab.sv_benchmarks.Verifier: java.lang.String nondetString()>_Block0:argument5","<org.sosy_lab.sv_benchmarks.Verifier: java.lang.String nondetString()>_Block0_0_1:argument0","<org.sosy_lab.sv_benchmarks.Verifier: java.lang.String nondetString()>_Block0_0_1:argument1","<org.sosy_lab.sv_benchmarks.Verifier: java.lang.String nondetString()>_Block0_0_1:argument2","<org.sosy_lab.sv_benchmarks.Verifier: java.lang.String nondetString()>_Block0_0_1:argument3","<org.sosy_lab.sv_benchmarks.Verifier: java.lang.String nondetString()>_Block0_0_1:argument4","<org.sosy_lab.sv_benchmarks.Verifier: java.lang.String nondetString()>_Block0_0_1:argument5","<org.sosy_lab.sv_benchmarks.Verifier: java.lang.String nondetString()>_Block0_1_1:argument0","<org.sosy_lab.sv_benchmarks.Verifier: java.lang.String nondetString()>_Block0_1_1:argument1","<org.sosy_lab.sv_benchmarks.Verifier: java.lang.String nondetString()>_Block0_1_1:argument2","<org.sosy_lab.sv_benchmarks.Verifier: java.lang.String nondetString()>_Block0_1_1:argument3","<org.sosy_lab.sv_benchmarks.Verifier: java.lang.String nondetString()>_Block0_1_1:argument4","<org.sosy_lab.sv_benchmarks.Verifier: java.lang.String nondetString()>_Block0_1_1:argument5","<org.sosy_lab.sv_benchmarks.Verifier: java.lang.String nondetString()>_Block0_2_1:argument0","<org.sosy_lab.sv_benchmarks.Verifier: java.lang.String nondetString()>_Block0_2_1:argument1","<org.sosy_lab.sv_benchmarks.Verifier: java.lang.String nondetString()>_Block0_2_1:argument2","<org.sosy_lab.sv_benchmarks.Verifier: java.lang.String nondetString()>_Block0_2_1:argument3","<org.sosy_lab.sv_benchmarks.Verifier: java.lang.String nondetString()>_Block0_2_1:argument4","<org.sosy_lab.sv_benchmarks.Verifier: java.lang.String nondetString()>_Block0_2_1:argument5","<org.sosy_lab.sv_benchmarks.Verifier: java.lang.String nondetString()>_Block0_3_1:argument0","<org.sosy_lab.sv_benchmarks.Verifier: java.lang.String nondetString()>_Block0_3_1:argument1","<org.sosy_lab.sv_benchmarks.Verifier: java.lang.String nondetString()>_Block0_3_1:argument2","<org.sosy_lab.sv_benchmarks.Verifier: java.lang.String nondetString()>_Block0_3_1:argument3","<org.sosy_lab.sv_benchmarks.Verifier: java.lang.String nondetString()>_Block0_3_1:argument4","<org.sosy_lab.sv_benchmarks.Verifier: java.lang.String nondetString()>_Block0_3_1:argument5","<Main: void main(JayArray_java_lang_String)>_Block1_14:argument0","<Main: void main(JayArray_java_lang_String)>_Block1_14:argument1","<java.lang.StringBuilder: java.lang.StringBuilder reverse()>_Block3:argument0","<java.lang.StringBuilder: java.lang.StringBuilder reverse()>_Block3:argument1","<Main: void main(JayArray_java_lang_String)>_Block1_17:argument0","<Main: void main(JayArray_java_lang_String)>_Block1_17:argument1","<Main: void main(JayArray_java_lang_String)>_Block1_17:argument2","<Main: void main(JayArray_java_lang_String)>_Block1_17:argument3","<Main: void main(JayArray_java_lang_String)>_Block1_17:argument4","<java.lang.StringBuilder: java.lang.String toString()>_Block3:argument0","<java.lang.StringBuilder: java.lang.String toString()>_Block3:argument1","<java.lang.StringBuilder: java.lang.String toString()>_Block3:argument2","<java.lang.StringBuilder: java.lang.String toString()>_Block3:argument3","<java.lang.StringBuilder: java.lang.String toString()>_Block3:argument4","<Main: void main(JayArray_java_lang_String)>_Block1_22:argument0","<Main: void main(JayArray_java_lang_String)>_Block1_17_6_1:argument0","<Main: void main(JayArray_java_lang_String)>_Block1_17_6_1:argument1","<Main: void main(JayArray_java_lang_String)>_Block1_17_6_1:argument2","<Main: void main(JayArray_java_lang_String)>_Block1_17_6_1:argument3","<Main: void main(JayArray_java_lang_String)>_Block1_17_6_1:argument4","<Main: void main(JayArray_java_lang_String)>_Block1_17_7_1:argument0","<Main: void main(JayArray_java_lang_String)>_Block1_17_7_1:argument1","<Main: void main(JayArray_java_lang_String)>_Block1_17_7_1:argument2","<Main: void main(JayArray_java_lang_String)>_Block1_17_7_1:argument3","<Main: void main(JayArray_java_lang_String)>_Block1_17_7_1:argument4"],
"predicateIndices":[2,5,12,29,45,62,78,81,86,92,99,101,112,146],
"predicateOccurrenceInClause":[7,11,2,2,2,2,4,3,6,3,3,2,2,4],
"predicateStrongConnectedComponent":[0,0,0,0,0,0,0,0,0,0,0,0,0,0],
"argumentEdges":[[3,2],[4,2],[6,5],[7,5],[8,5],[9,5],[10,5],[11,5],[13,12],[14,12],[15,12],[16,12],[17,12],[18,12],[30,29],[31,29],[32,29],[33,29],[34,29],[35,29],[46,45],[47,45],[48,45],[49,45],[50,45],[51,45],[63,62],[64,62],[65,62],[66,62],[67,62],[68,62],[79,78],[80,78],[82,81],[83,81],[87,86],[88,86],[89,86],[90,86],[91,86],[93,92],[94,92],[95,92],[96,92],[97,92],[100,99],[102,101],[103,101],[104,101],[105,101],[106,101],[113,112],[114,112],[115,112],[116,112],[117,112]],
"guardASTEdges":[[21,26],[21,26],[22,26],[24,26],[25,26],[27,28],[37,42],[38,42],[39,42],[40,42],[41,42],[43,44],[53,58],[54,58],[55,58],[56,58],[57,58],[59,61],[60,61],[69,74],[70,74],[71,74],[72,74],[73,74],[75,77],[76,77],[84,85],[84,98],[107,109],[108,109],[110,111],[119,120],[84,121],[122,123],[84,127],[128,129],[134,136],[137,138],[143,145],[144,145],[148,150],[149,150],[151,152],[154,155],[84,157]],
"ASTEdges":[],
"AST_1Edges":[[18,19],[19,21],[6,22],[13,24],[18,25],[6,27],[35,36],[36,37],[6,38],[30,39],[35,40],[31,41],[6,43],[51,52],[52,53],[6,54],[46,55],[51,56],[7,57],[6,59],[7,60],[6,69],[63,70],[68,71],[7,72],[64,73],[6,75],[7,76],[87,107],[102,108],[87,110],[113,118],[118,119],[83,128],[131,130],[82,133],[133,134],[93,137],[131,139],[93,142],[142,143],[97,144],[7,147],[147,148],[6,149],[87,151],[100,153],[153,154]],
"AST_2Edges":[[20,19],[23,22],[23,24],[4,25],[23,27],[20,36],[23,38],[23,39],[4,40],[20,41],[23,43],[20,52],[23,54],[23,55],[4,56],[20,57],[23,59],[20,60],[23,69],[23,70],[4,71],[20,72],[20,73],[23,75],[20,76],[20,107],[20,108],[20,110],[20,118],[82,128],[4,130],[83,132],[132,133],[135,134],[97,137],[80,139],[94,141],[141,142],[135,143],[94,144],[20,147],[23,149],[20,151],[20,153]],
"templateASTEdges":[],
"templateEdges":[],
"verifHintTplPredEdges":[],
"verifHintTplPredPosNegEdges":[],
"verifHintTplEqTermEdges":[],
"verifHintTplInEqTermEdges":[],
"verifHintTplInEqTermPosNegEdges":[],
"dataFlowASTEdges":[],
"controlFlowHyperEdges":[[5,26,2],[12,26,2],[5,28,12],[5,42,2],[29,42,2],[5,44,29],[5,58,2],[45,58,2],[5,61,45],[5,74,2],[62,74,2],[5,77,62],[2,85,78],[81,85,78],[78,98,86],[92,98,86],[86,109,99],[101,109,99],[86,111,101],[86,120,99],[112,120,99],[86,121,112],[1,123,5],[1,127,5],[2,129,81],[2,136,81],[78,138,92],[78,145,92],[5,150,146],[86,152,146],[99,155,146],[146,157,156]],
"dataFlowHyperEdges":[[18,26,4],[23,28,13],[8,28,15],[9,28,16],[10,28,17],[11,28,18],[35,42,4],[23,44,30],[20,44,31],[8,44,32],[9,44,33],[10,44,34],[11,44,35],[51,58,4],[23,61,46],[8,61,48],[9,61,49],[10,61,50],[11,61,51],[68,74,4],[23,77,63],[20,77,64],[8,77,65],[9,77,66],[10,77,67],[11,77,68],[3,85,79],[83,85,80],[94,98,87],[95,98,88],[96,98,89],[79,98,90],[97,98,91],[20,111,102],[88,111,103],[89,111,104],[90,111,105],[91,111,106],[87,121,113],[88,121,114],[89,121,115],[90,121,116],[91,121,117],[23,127,6],[20,127,7],[124,127,8],[125,127,9],[126,127,10],[124,127,11],[4,129,82],[130,136,83],[20,138,94],[20,138,95],[20,138,96],[80,138,97],[139,145,94],[125,145,95],[140,145,96]],
"controlLocationEdgeForSCC":[],
"predicateTransitiveEdges":[],
"dummyFiled":[]
}