{
"nodeIds":[0,1,2,3,4,5,6,7,8,9,10,11,12,13,14,15,16,17,18,19,20,21,22,23,24],
"nodeSymbolList":["Initial","CONTROL_0","predicateArgument_0",">=","0","guard_0","CONTROL_1","true","guard_1","CONTROL_2","predicateArgument_1","*","2","+","-10","-",">=","5","guard_2","guard_3",">=","6","guard_4","FALSE","guard_5"],
"falseIndices":[23],
"initialIndices":[0],
"argumentIndices":[2,10],
"argumentBoundList":[[1,0],[1,0]],
"argumentBinaryOccurrenceList":[0,0],
"argumentOccurrence":[0,0],
"templateIndices":[],
"templateRelevanceLabel":[],
"templateCostLabel":[],
"clauseIndices":[],
"guardIndices":[5,8,18,19,22,24],
"clauseBinaryOccurrenceInCounterExampleList":[0,0,0,0,0,0],
"controlLocationIndices":[1,6,9],
"binaryAdjacentList":[[2,1],[2,3],[2,20],[3,5],[4,3],[7,8],[7,19],[7,24],[10,9],[10,11],[10,16],[11,13],[12,11],[13,15],[14,13],[16,18],[17,16],[20,22],[21,20]],
"ternaryAdjacencyList":[[0,5,1],[0,8,6],[9,18,1],[15,18,2],[1,19,9],[2,19,10],[1,22,6],[6,24,23]],
"unknownEdges":[],
"argumentIDList":[0,1],
"argumentNameList":["main_1_1:argument0","main_1_1_2_1:argument0"],
"predicateIndices":[1,6,9],
"predicateOccurrenceInClause":[4,3,2],
"predicateStrongConnectedComponent":[1,0,1],
"argumentEdges":[[2,1],[10,9]],
"guardASTEdges":[[3,5],[7,8],[16,18],[7,19],[20,22],[7,24]],
"ASTEdges":[],
"AST_1Edges":[[2,3],[10,11],[14,13],[13,15],[17,16],[2,20]],
"AST_2Edges":[[4,3],[12,11],[11,13],[10,16],[21,20]],
"templateASTEdges":[],
"templateEdges":[],
"verifHintTplPredEdges":[],
"verifHintTplPredPosNegEdges":[],
"verifHintTplEqTermEdges":[],
"verifHintTplInEqTermEdges":[],
"verifHintTplInEqTermPosNegEdges":[],
"dataFlowASTEdges":[],
"controlFlowHyperEdges":[[0,5,1],[0,8,6],[9,18,1],[1,19,9],[1,22,6],[6,24,23]],
"dataFlowHyperEdges":[[15,18,2],[2,19,10]],
"controlLocationEdgeForSCC":[],
"predicateTransitiveEdges":[],
"dummyFiled":[]
}