{
"nodeIds":[0,1,2,3,4,5,6,7,8,9,10,11,12,13,14,15,16,17,18,19,20,21,22,23,24,25,26,27,28,29,30,31,32,33,34,35,36,37,38,39,40,41,42,43,44,45,46,47,48,49,50,51,52,53,54],
"nodeSymbolList":["Initial","CONTROL_0","predicateArgument_0","predicateArgument_1","0","1","true","guard_0","CONTROL_1","predicateArgument_2","predicateArgument_3",">=","99",">=","-99","-","+","+","=","guard_1","guard_2","CONTROL_2","predicateArgument_4","predicateArgument_5","-",">=","100","-","-","+","+","=","guard_3","guard_4","CONTROL_3","predicateArgument_6","predicateArgument_7","-",">=","-100","-","-","+","+","=","guard_5","guard_6","FALSE",">=","101","guard_7","FALSE",">=","-101","guard_8"],
"falseIndices":[47,51],
"initialIndices":[0],
"argumentIndices":[2,3,9,10,22,23,35,36],
"argumentBoundList":[[0,0],[1,1],[0,0],[1,1],[0,0],[1,1],[0,0],[1,1]],
"argumentBinaryOccurrenceList":[0,0,0,0,0,0,0,0],
"argumentOccurrence":[0,0,0,0,0,0,0,0],
"templateIndices":[],
"templateRelevanceLabel":[],
"templateCostLabel":[],
"clauseIndices":[],
"guardIndices":[7,19,20,32,33,45,46,50,54],
"clauseBinaryOccurrenceInCounterExampleList":[0,0,0,0,0,0,0,0,0],
"controlLocationIndices":[1,8,21,34],
"binaryAdjacentList":[[2,1],[2,11],[2,13],[2,15],[2,25],[2,27],[2,38],[2,40],[2,48],[2,52],[3,1],[3,16],[3,28],[3,41],[4,18],[4,31],[4,44],[6,7],[6,20],[6,33],[6,46],[9,8],[9,17],[10,8],[11,19],[12,11],[13,19],[14,13],[15,16],[16,17],[17,18],[18,19],[22,21],[22,30],[23,21],[23,24],[25,32],[26,25],[27,29],[28,29],[29,30],[30,31],[31,32],[35,34],[35,43],[36,34],[36,37],[38,45],[39,38],[40,42],[41,42],[42,43],[43,44],[44,45],[48,50],[49,48],[52,54],[53,52]],
"ternaryAdjacencyList":[[0,7,1],[4,7,2],[5,7,3],[8,19,1],[10,19,3],[1,20,8],[2,20,9],[3,20,10],[21,32,1],[24,32,3],[1,33,21],[2,33,22],[3,33,23],[34,45,1],[37,45,3],[1,46,34],[2,46,35],[3,46,36],[1,50,47],[1,54,51]],
"unknownEdges":[],
"argumentIDList":[0,1,2,3,4,5,6,7],
"argumentNameList":["inv:argument0","inv:argument1","inv_1_1:argument0","inv_1_1:argument1","inv_2_1:argument0","inv_2_1:argument1","inv_3_1:argument0","inv_3_1:argument1"],
"predicateIndices":[1,8,21,34],
"predicateOccurrenceInClause":[9,2,2,2],
"predicateStrongConnectedComponent":[1,1,1,1],
"argumentEdges":[[2,1],[3,1],[9,8],[10,8],[22,21],[23,21],[35,34],[36,34]],
"guardASTEdges":[[6,7],[11,19],[13,19],[18,19],[6,20],[25,32],[31,32],[6,33],[38,45],[44,45],[6,46],[48,50],[52,54]],
"ASTEdges":[],
"AST_1Edges":[[12,11],[2,13],[2,15],[15,16],[9,17],[17,18],[23,24],[2,25],[2,27],[27,29],[22,30],[30,31],[36,37],[39,38],[2,40],[40,42],[35,43],[43,44],[2,48],[53,52]],
"AST_2Edges":[[2,11],[14,13],[3,16],[16,17],[4,18],[26,25],[3,28],[28,29],[29,30],[4,31],[2,38],[3,41],[41,42],[42,43],[4,44],[49,48],[2,52]],
"templateASTEdges":[],
"templateEdges":[],
"verifHintTplPredEdges":[],
"verifHintTplPredPosNegEdges":[],
"verifHintTplEqTermEdges":[],
"verifHintTplInEqTermEdges":[],
"verifHintTplInEqTermPosNegEdges":[],
"dataFlowASTEdges":[],
"controlFlowHyperEdges":[[0,7,1],[8,19,1],[1,20,8],[21,32,1],[1,33,21],[34,45,1],[1,46,34],[1,50,47],[1,54,51]],
"dataFlowHyperEdges":[[4,7,2],[5,7,3],[10,19,3],[2,20,9],[3,20,10],[24,32,3],[2,33,22],[3,33,23],[37,45,3],[2,46,35],[3,46,36]],
"controlLocationEdgeForSCC":[],
"predicateTransitiveEdges":[],
"dummyFiled":[]
}