{
"nodeIds":[0,1,2,3,4,5,6,7,8,9,10,11,12,13,14,15,16,17,18,19,20,21,22,23,24,25,26,27,28,29,30,31,32,33,34,35,36,37,38,39,40,41,42,43,44,45,46,47,48,49,50,51,52,53,54,55,56,57,58,59,60,61,62,63,64,65,66,67,68,69,70,71,72,73,74,75,76,77,78,79,80,81,82,83,84,85,86,87,88,89,90,91,92,93,94,95,96,97,98,99,100,101,102,103,104,105,106,107,108,109,110,111,112,113,114,115,116,117,118,119,120,121,122,123,124,125,126,127,128,129,130,131,132,133,134,135,136,137,138,139,140,141,142,143,144,145,146,147,148,149,150,151,152,153,154,155,156,157,158,159,160,161,162,163,164,165,166,167,168,169,170,171,172,173],
"nodeSymbolList":["Initial","CONTROL_0","predicateArgument_0","predicateArgument_1","predicateArgument_2","predicateArgument_3","predicateArgument_4","predicateArgument_5","predicateArgument_6","predicateArgument_7","predicateArgument_8","0","true","guard_0","CONTROL_1","predicateArgument_9","predicateArgument_10","predicateArgument_11","predicateArgument_12","predicateArgument_13","predicateArgument_14","predicateArgument_15","predicateArgument_16","predicateArgument_17","+","1",">=","99999","guard_1","guard_2","CONTROL_2","predicateArgument_18","predicateArgument_19","predicateArgument_20","predicateArgument_21","predicateArgument_22","predicateArgument_23","predicateArgument_24","predicateArgument_25","predicateArgument_26",">=","guard_3","CONTROL_3","predicateArgument_27","predicateArgument_28","predicateArgument_29","predicateArgument_30","predicateArgument_31","predicateArgument_32","predicateArgument_33","predicateArgument_34","predicateArgument_35","+",">=","guard_4","guard_5","CONTROL_4","predicateArgument_36","predicateArgument_37","predicateArgument_38","predicateArgument_39","predicateArgument_40","predicateArgument_41","predicateArgument_42","predicateArgument_43",">=","guard_6","CONTROL_5","predicateArgument_44","predicateArgument_45","predicateArgument_46","predicateArgument_47","predicateArgument_48","predicateArgument_49","predicateArgument_50","predicateArgument_51","+",">=","guard_7","guard_8","CONTROL_6","predicateArgument_52","predicateArgument_53","predicateArgument_54","predicateArgument_55","predicateArgument_56","predicateArgument_57","predicateArgument_58",">=","guard_9","CONTROL_7","predicateArgument_59","predicateArgument_60","predicateArgument_61","predicateArgument_62","predicateArgument_63","predicateArgument_64","predicateArgument_65","+",">=","guard_10","guard_11","CONTROL_8","predicateArgument_66","predicateArgument_67","predicateArgument_68","predicateArgument_69","predicateArgument_70","predicateArgument_71",">=","guard_12","CONTROL_9","predicateArgument_72","predicateArgument_73","predicateArgument_74","predicateArgument_75","predicateArgument_76","predicateArgument_77","+",">=","guard_13","guard_14","CONTROL_10","predicateArgument_78","predicateArgument_79","predicateArgument_80","predicateArgument_81","predicateArgument_82",">=","guard_15","CONTROL_11","predicateArgument_83","predicateArgument_84","predicateArgument_85","predicateArgument_86","predicateArgument_87","+",">=","guard_16","guard_17","CONTROL_12","predicateArgument_88","predicateArgument_89","predicateArgument_90","predicateArgument_91",">=","guard_18","CONTROL_13","predicateArgument_92","predicateArgument_93","predicateArgument_94","predicateArgument_95","+",">=","guard_19","guard_20","CONTROL_14","predicateArgument_96","predicateArgument_97","predicateArgument_98",">=","guard_21","CONTROL_15","predicateArgument_99","predicateArgument_100","predicateArgument_101","+",">=","100000","guard_22","guard_23","FALSE",">=","guard_24"],
"falseIndices":[171],
"initialIndices":[0],
"argumentIndices":[2,3,4,5,6,7,8,9,10,15,16,17,18,19,20,21,22,23,31,32,33,34,35,36,37,38,39,43,44,45,46,47,48,49,50,51,57,58,59,60,61,62,63,64,68,69,70,71,72,73,74,75,81,82,83,84,85,86,87,91,92,93,94,95,96,97,103,104,105,106,107,108,112,113,114,115,116,117,123,124,125,126,127,131,132,133,134,135,141,142,143,144,148,149,150,151,157,158,159,163,164,165],
"argumentBoundList":[[0,0],[0,0],[0,0],[0,0],[0,0],[0,0],[0,0],[0,0],[1,1],[0,0],[0,0],[0,0],[0,0],[0,0],[0,0],[0,0],[0,0],[1,1],[0,0],[0,0],[0,0],[0,0],[0,0],[0,0],[0,0],[0,0],[1,1],[0,0],[0,0],[0,0],[0,0],[0,0],[0,0],[0,0],[0,0],[1,1],[0,0],[0,0],[0,0],[0,0],[0,0],[0,0],[0,0],[1,1],[0,0],[0,0],[0,0],[0,0],[0,0],[0,0],[0,0],[1,1],[0,0],[0,0],[0,0],[0,0],[0,0],[0,0],[1,1],[0,0],[0,0],[0,0],[0,0],[0,0],[0,0],[1,1],[0,0],[0,0],[0,0],[0,0],[0,0],[1,1],[0,0],[0,0],[0,0],[0,0],[0,0],[1,1],[0,0],[0,0],[0,0],[0,0],[1,1],[0,0],[0,0],[0,0],[0,0],[1,1],[0,0],[0,0],[0,0],[1,1],[0,0],[0,0],[0,0],[1,1],[1,1],[0,0],[0,0],[1,1],[0,0],[0,0]],
"argumentBinaryOccurrenceList":[0,0,0,0,0,0,0,0,0,0,0,0,0,0,0,0,0,0,0,0,0,0,0,0,0,0,0,0,0,0,0,0,0,0,0,0,0,0,0,0,0,0,0,0,0,0,0,0,0,0,0,0,0,0,0,0,0,0,0,0,0,0,0,0,0,0,0,0,0,0,0,0,0,0,0,0,0,0,0,0,0,0,0,0,0,0,0,0,0,0,0,0,0,0,0,0,0,0,0,0,0,0],
"argumentOccurrence":[0,0,0,0,0,0,0,0,0,0,0,0,0,0,0,0,0,0,0,0,0,0,0,0,0,0,0,0,0,0,0,0,0,0,0,0,0,0,0,0,0,0,0,0,0,0,0,0,0,0,0,0,0,0,0,0,0,0,0,0,0,0,0,0,0,0,0,0,0,0,0,0,0,0,0,0,0,0,0,0,0,0,0,0,0,0,0,0,0,0,0,0,0,0,0,0,0,0,0,0,0,0],
"templateIndices":[],
"templateRelevanceLabel":[],
"templateCostLabel":[],
"clauseIndices":[],
"guardIndices":[13,28,29,41,54,55,66,78,79,89,100,101,110,120,121,129,138,139,146,154,155,161,169,170,173],
"clauseBinaryOccurrenceInCounterExampleList":[0,0,0,0,0,0,0,0,0,0,0,0,0,0,0,0,0,0,0,0,0,0,0,0,0],
"controlLocationIndices":[1,14,30,42,56,67,80,90,102,111,122,130,140,147,156,162],
"binaryAdjacentList":[[2,1],[3,1],[4,1],[5,1],[6,1],[7,1],[8,1],[9,1],[10,1],[10,26],[10,40],[12,13],[12,29],[12,55],[12,79],[12,101],[12,121],[12,139],[12,155],[12,170],[15,14],[16,14],[17,14],[18,14],[19,14],[20,14],[21,14],[22,14],[23,14],[23,24],[25,24],[25,52],[25,76],[25,98],[25,118],[25,136],[25,152],[25,166],[26,28],[27,26],[27,40],[27,53],[27,65],[27,77],[27,88],[27,99],[27,109],[27,119],[27,128],[27,137],[27,145],[27,153],[27,160],[27,172],[31,30],[32,30],[33,30],[34,30],[35,30],[36,30],[37,30],[38,30],[39,30],[39,53],[39,65],[40,41],[43,42],[44,42],[45,42],[46,42],[47,42],[48,42],[49,42],[50,42],[51,42],[51,52],[53,54],[57,56],[58,56],[59,56],[60,56],[61,56],[62,56],[63,56],[64,56],[64,77],[64,88],[65,66],[68,67],[69,67],[70,67],[71,67],[72,67],[73,67],[74,67],[75,67],[75,76],[77,78],[81,80],[82,80],[83,80],[84,80],[85,80],[86,80],[87,80],[87,99],[87,109],[88,89],[91,90],[92,90],[93,90],[94,90],[95,90],[96,90],[97,90],[97,98],[99,100],[103,102],[104,102],[105,102],[106,102],[107,102],[108,102],[108,119],[108,128],[109,110],[112,111],[113,111],[114,111],[115,111],[116,111],[117,111],[117,118],[119,120],[123,122],[124,122],[125,122],[126,122],[127,122],[127,137],[127,145],[128,129],[131,130],[132,130],[133,130],[134,130],[135,130],[135,136],[137,138],[141,140],[142,140],[143,140],[144,140],[144,153],[144,160],[145,146],[148,147],[149,147],[150,147],[151,147],[151,152],[153,154],[157,156],[157,167],[157,172],[158,156],[159,156],[160,161],[163,162],[163,166],[164,162],[165,162],[167,169],[168,167],[172,173]],
"ternaryAdjacencyList":[[0,13,1],[11,13,10],[14,28,1],[15,28,2],[16,28,3],[17,28,4],[18,28,5],[19,28,6],[20,28,7],[21,28,8],[22,28,9],[24,28,10],[1,29,14],[2,29,15],[3,29,16],[4,29,17],[5,29,18],[6,29,19],[7,29,20],[8,29,21],[9,29,22],[10,29,23],[1,41,30],[2,41,31],[3,41,32],[4,41,33],[5,41,34],[6,41,35],[7,41,36],[8,41,37],[9,41,38],[11,41,39],[42,54,30],[43,54,31],[44,54,32],[45,54,33],[46,54,34],[47,54,35],[48,54,36],[49,54,37],[50,54,38],[52,54,39],[30,55,42],[31,55,43],[32,55,44],[33,55,45],[34,55,46],[35,55,47],[36,55,48],[37,55,49],[38,55,50],[39,55,51],[30,66,56],[31,66,57],[32,66,58],[33,66,59],[34,66,60],[35,66,61],[36,66,62],[37,66,63],[11,66,64],[67,78,56],[68,78,57],[69,78,58],[70,78,59],[71,78,60],[72,78,61],[73,78,62],[74,78,63],[76,78,64],[56,79,67],[57,79,68],[58,79,69],[59,79,70],[60,79,71],[61,79,72],[62,79,73],[63,79,74],[64,79,75],[56,89,80],[57,89,81],[58,89,82],[59,89,83],[60,89,84],[61,89,85],[62,89,86],[11,89,87],[90,100,80],[91,100,81],[92,100,82],[93,100,83],[94,100,84],[95,100,85],[96,100,86],[98,100,87],[80,101,90],[81,101,91],[82,101,92],[83,101,93],[84,101,94],[85,101,95],[86,101,96],[87,101,97],[80,110,102],[81,110,103],[82,110,104],[83,110,105],[84,110,106],[85,110,107],[11,110,108],[111,120,102],[112,120,103],[113,120,104],[114,120,105],[115,120,106],[116,120,107],[118,120,108],[102,121,111],[103,121,112],[104,121,113],[105,121,114],[106,121,115],[107,121,116],[108,121,117],[102,129,122],[103,129,123],[104,129,124],[105,129,125],[106,129,126],[11,129,127],[130,138,122],[131,138,123],[132,138,124],[133,138,125],[134,138,126],[136,138,127],[122,139,130],[123,139,131],[124,139,132],[125,139,133],[126,139,134],[127,139,135],[122,146,140],[123,146,141],[124,146,142],[125,146,143],[11,146,144],[147,154,140],[148,154,141],[149,154,142],[150,154,143],[152,154,144],[140,155,147],[141,155,148],[142,155,149],[143,155,150],[144,155,151],[140,161,156],[11,161,157],[141,161,158],[142,161,159],[162,169,156],[166,169,157],[164,169,158],[165,169,159],[156,170,162],[157,170,163],[158,170,164],[159,170,165],[156,173,171]],
"unknownEdges":[],
"argumentIDList":[0,1,2,3,4,5,6,7,8,9,10,11,12,13,14,15,16,17,18,19,20,21,22,23,24,25,26,27,28,29,30,31,32,33,34,35,36,37,38,39,40,41,42,43,44,45,46,47,48,49,50,51,52,53,54,55,56,57,58,59,60,61,62,63,64,65,66,67,68,69,70,71,72,73,74,75,76,77,78,79,80,81,82,83,84,85,86,87,88,89,90,91,92,93,94,95,96,97,98,99,100,101],
"argumentNameList":["main_1_1:argument0","main_1_1:argument1","main_1_1:argument2","main_1_1:argument3","main_1_1:argument4","main_1_1:argument5","main_1_1:argument6","main_1_1:argument7","main_1_1:argument8","main_1_1_1_1:argument0","main_1_1_1_1:argument1","main_1_1_1_1:argument2","main_1_1_1_1:argument3","main_1_1_1_1:argument4","main_1_1_1_1:argument5","main_1_1_1_1:argument6","main_1_1_1_1:argument7","main_1_1_1_1:argument8","main_1_2:argument0","main_1_2:argument1","main_1_2:argument2","main_1_2:argument3","main_1_2:argument4","main_1_2:argument5","main_1_2:argument6","main_1_2:argument7","main_1_2:argument8","main_1_2_3_1:argument0","main_1_2_3_1:argument1","main_1_2_3_1:argument2","main_1_2_3_1:argument3","main_1_2_3_1:argument4","main_1_2_3_1:argument5","main_1_2_3_1:argument6","main_1_2_3_1:argument7","main_1_2_3_1:argument8","main_1_3:argument0","main_1_3:argument1","main_1_3:argument2","main_1_3:argument3","main_1_3:argument4","main_1_3:argument5","main_1_3:argument6","main_1_3:argument7","main_1_3_5_1:argument0","main_1_3_5_1:argument1","main_1_3_5_1:argument2","main_1_3_5_1:argument3","main_1_3_5_1:argument4","main_1_3_5_1:argument5","main_1_3_5_1:argument6","main_1_3_5_1:argument7","main_1_4:argument0","main_1_4:argument1","main_1_4:argument2","main_1_4:argument3","main_1_4:argument4","main_1_4:argument5","main_1_4:argument6","main_1_4_7_1:argument0","main_1_4_7_1:argument1","main_1_4_7_1:argument2","main_1_4_7_1:argument3","main_1_4_7_1:argument4","main_1_4_7_1:argument5","main_1_4_7_1:argument6","main_1_5:argument0","main_1_5:argument1","main_1_5:argument2","main_1_5:argument3","main_1_5:argument4","main_1_5:argument5","main_1_5_9_1:argument0","main_1_5_9_1:argument1","main_1_5_9_1:argument2","main_1_5_9_1:argument3","main_1_5_9_1:argument4","main_1_5_9_1:argument5","main_1_6:argument0","main_1_6:argument1","main_1_6:argument2","main_1_6:argument3","main_1_6:argument4","main_1_6_11_1:argument0","main_1_6_11_1:argument1","main_1_6_11_1:argument2","main_1_6_11_1:argument3","main_1_6_11_1:argument4","main_1_7:argument0","main_1_7:argument1","main_1_7:argument2","main_1_7:argument3","main_1_7_13_1:argument0","main_1_7_13_1:argument1","main_1_7_13_1:argument2","main_1_7_13_1:argument3","main_1_8:argument0","main_1_8:argument1","main_1_8:argument2","main_1_8_15_1:argument0","main_1_8_15_1:argument1","main_1_8_15_1:argument2"],
"predicateIndices":[1,14,30,42,56,67,80,90,102,111,122,130,140,147,156,162],
"predicateOccurrenceInClause":[4,2,4,2,4,2,4,2,4,2,4,2,4,2,4,2],
"predicateStrongConnectedComponent":[1,1,1,1,1,1,1,1,1,1,1,1,1,1,1,1],
"argumentEdges":[[2,1],[3,1],[4,1],[5,1],[6,1],[7,1],[8,1],[9,1],[10,1],[15,14],[16,14],[17,14],[18,14],[19,14],[20,14],[21,14],[22,14],[23,14],[31,30],[32,30],[33,30],[34,30],[35,30],[36,30],[37,30],[38,30],[39,30],[43,42],[44,42],[45,42],[46,42],[47,42],[48,42],[49,42],[50,42],[51,42],[57,56],[58,56],[59,56],[60,56],[61,56],[62,56],[63,56],[64,56],[68,67],[69,67],[70,67],[71,67],[72,67],[73,67],[74,67],[75,67],[81,80],[82,80],[83,80],[84,80],[85,80],[86,80],[87,80],[91,90],[92,90],[93,90],[94,90],[95,90],[96,90],[97,90],[103,102],[104,102],[105,102],[106,102],[107,102],[108,102],[112,111],[113,111],[114,111],[115,111],[116,111],[117,111],[123,122],[124,122],[125,122],[126,122],[127,122],[131,130],[132,130],[133,130],[134,130],[135,130],[141,140],[142,140],[143,140],[144,140],[148,147],[149,147],[150,147],[151,147],[157,156],[158,156],[159,156],[163,162],[164,162],[165,162]],
"guardASTEdges":[[12,13],[26,28],[12,29],[40,41],[53,54],[12,55],[65,66],[77,78],[12,79],[88,89],[99,100],[12,101],[109,110],[119,120],[12,121],[128,129],[137,138],[12,139],[145,146],[153,154],[12,155],[160,161],[167,169],[12,170],[172,173]],
"ASTEdges":[],
"AST_1Edges":[[25,24],[27,26],[10,40],[25,52],[27,53],[39,65],[25,76],[27,77],[64,88],[25,98],[27,99],[87,109],[25,118],[27,119],[108,128],[25,136],[27,137],[127,145],[25,152],[27,153],[144,160],[25,166],[168,167],[27,172]],
"AST_2Edges":[[23,24],[10,26],[27,40],[51,52],[39,53],[27,65],[75,76],[64,77],[27,88],[97,98],[87,99],[27,109],[117,118],[108,119],[27,128],[135,136],[127,137],[27,145],[151,152],[144,153],[27,160],[163,166],[157,167],[157,172]],
"templateASTEdges":[],
"templateEdges":[],
"verifHintTplPredEdges":[],
"verifHintTplPredPosNegEdges":[],
"verifHintTplEqTermEdges":[],
"verifHintTplInEqTermEdges":[],
"verifHintTplInEqTermPosNegEdges":[],
"dataFlowASTEdges":[],
"controlFlowHyperEdges":[[0,13,1],[14,28,1],[1,29,14],[1,41,30],[42,54,30],[30,55,42],[30,66,56],[67,78,56],[56,79,67],[56,89,80],[90,100,80],[80,101,90],[80,110,102],[111,120,102],[102,121,111],[102,129,122],[130,138,122],[122,139,130],[122,146,140],[147,154,140],[140,155,147],[140,161,156],[162,169,156],[156,170,162],[156,173,171]],
"dataFlowHyperEdges":[[11,13,10],[15,28,2],[16,28,3],[17,28,4],[18,28,5],[19,28,6],[20,28,7],[21,28,8],[22,28,9],[24,28,10],[2,29,15],[3,29,16],[4,29,17],[5,29,18],[6,29,19],[7,29,20],[8,29,21],[9,29,22],[10,29,23],[2,41,31],[3,41,32],[4,41,33],[5,41,34],[6,41,35],[7,41,36],[8,41,37],[9,41,38],[11,41,39],[43,54,31],[44,54,32],[45,54,33],[46,54,34],[47,54,35],[48,54,36],[49,54,37],[50,54,38],[52,54,39],[31,55,43],[32,55,44],[33,55,45],[34,55,46],[35,55,47],[36,55,48],[37,55,49],[38,55,50],[39,55,51],[31,66,57],[32,66,58],[33,66,59],[34,66,60],[35,66,61],[36,66,62],[37,66,63],[11,66,64],[68,78,57],[69,78,58],[70,78,59],[71,78,60],[72,78,61],[73,78,62],[74,78,63],[76,78,64],[57,79,68],[58,79,69],[59,79,70],[60,79,71],[61,79,72],[62,79,73],[63,79,74],[64,79,75],[57,89,81],[58,89,82],[59,89,83],[60,89,84],[61,89,85],[62,89,86],[11,89,87],[91,100,81],[92,100,82],[93,100,83],[94,100,84],[95,100,85],[96,100,86],[98,100,87],[81,101,91],[82,101,92],[83,101,93],[84,101,94],[85,101,95],[86,101,96],[87,101,97],[81,110,103],[82,110,104],[83,110,105],[84,110,106],[85,110,107],[11,110,108],[112,120,103],[113,120,104],[114,120,105],[115,120,106],[116,120,107],[118,120,108],[103,121,112],[104,121,113],[105,121,114],[106,121,115],[107,121,116],[108,121,117],[103,129,123],[104,129,124],[105,129,125],[106,129,126],[11,129,127],[131,138,123],[132,138,124],[133,138,125],[134,138,126],[136,138,127],[123,139,131],[124,139,132],[125,139,133],[126,139,134],[127,139,135],[123,146,141],[124,146,142],[125,146,143],[11,146,144],[148,154,141],[149,154,142],[150,154,143],[152,154,144],[141,155,148],[142,155,149],[143,155,150],[144,155,151],[11,161,157],[141,161,158],[142,161,159],[166,169,157],[164,169,158],[165,169,159],[157,170,163],[158,170,164],[159,170,165]],
"controlLocationEdgeForSCC":[],
"predicateTransitiveEdges":[],
"dummyFiled":[]
}