{
"nodeIds":[0,1,2,3,4,5,6,7,8,9,10,11,12,13,14,15,16,17,18,19,20,21,22,23,24,25,26,27,28,29,30,31,32,33,34,35,36,37,38,39,40,41,42,43,44,45,46,47,48,49,50,51,52,53,54,55,56,57,58,59,60,61,62,63,64,65,66,67,68,69],
"nodeSymbolList":["dummy","Initial","CONTROL_0","predicateArgument_0",">=","1","guard_0",">=","0","guard_1",">=","guard_2",">=","guard_3",">=","guard_4",">=","guard_5",">=","guard_6",">=","guard_7","CONTROL_1","true","guard_8","guard_9","guard_10","guard_11","guard_12","guard_13","guard_14","guard_15","guard_16","guard_17","guard_18","guard_19","guard_20","guard_21","guard_22","guard_23","guard_24","guard_25","guard_26","guard_27","guard_28","guard_29","guard_30","guard_31","CONTROL_2","predicateArgument_1","-","+",">=","2",">=","9","guard_32","guard_33","CONTROL_3","predicateArgument_2","-","+",">=",">=","guard_34","guard_35","guard_36","guard_37","FALSE","guard_38"],
"falseIndices":[68],
"initialIndices":[1],
"argumentIndices":[3,49,59],
"argumentBoundList":[["None","None"],["None","None"],["None","None"]],
"argumentBinaryOccurrenceList":[0,0,0],
"argumentOccurrence":[0,0,0],
"templateIndices":[],
"templateRelevanceLabel":[],
"templateCostLabel":[],
"clauseIndices":[],
"guardIndices":[6,9,11,13,15,17,19,21,24,25,26,27,28,29,30,31,32,33,34,35,36,37,38,39,40,41,42,43,44,45,46,47,56,57,64,65,66,67,69],
"clauseBinaryOccurrenceInCounterExampleList":[0,0,0,0,0,0,0,0,0,0,0,0,0,0,0,0,0,0,0,0,0,0,0,0,0,0,0,0,0,0,0,0,0,0,0,0,0,0,1],
"predictedLabel":[],
"controlLocationIndices":[2,22,48,58],
"binaryAdjacentList":[[2,2],[3,2],[3,4],[3,7],[3,10],[3,12],[3,14],[3,16],[3,18],[3,20],[3,51],[3,54],[3,61],[3,63],[4,6],[5,4],[5,10],[5,12],[5,14],[5,18],[5,20],[5,62],[7,9],[8,7],[8,16],[10,11],[12,13],[14,15],[16,17],[18,19],[20,21],[23,24],[23,25],[23,26],[23,27],[23,28],[23,29],[23,30],[23,31],[23,32],[23,33],[23,34],[23,35],[23,36],[23,37],[23,38],[23,39],[23,40],[23,41],[23,42],[23,43],[23,44],[23,45],[23,46],[23,47],[23,57],[23,65],[23,66],[23,67],[23,69],[48,48],[49,48],[49,50],[50,51],[51,52],[52,56],[53,52],[54,56],[55,54],[55,63],[58,58],[59,58],[59,60],[60,61],[61,62],[62,64],[63,64]],
"ternaryAdjacencyList":[[1,6,2],[1,9,2],[1,11,2],[1,13,2],[1,15,2],[1,17,2],[1,19,2],[1,21,2],[1,24,22],[1,25,22],[1,26,22],[1,27,22],[1,28,22],[1,29,22],[1,30,22],[1,31,22],[1,32,22],[1,33,22],[1,34,22],[1,35,22],[1,36,22],[1,37,22],[1,38,22],[1,39,22],[1,40,22],[1,41,22],[1,42,22],[1,43,22],[1,44,22],[1,45,22],[1,46,22],[1,47,22],[48,56,2],[2,57,48],[3,57,49],[58,64,2],[2,65,58],[3,65,59],[2,66,22],[2,67,22],[22,69,68]],
"unknownEdges":[],
"argumentIDList":[0,1,2],
"argumentNameList":["main_1_1:argument0","main_1_1_32_1:argument0","main_1_1_33_1:argument0"],
"predicateIndices":[2,22,48,58],
"predicateOccurrenceInClause":[14,27,2,2],
"predicateStrongConnectedComponent":[1,0,1,1],
"argumentEdges":[[3,2],[49,48],[59,58]],
"guardASTEdges":[[4,6],[7,9],[10,11],[12,13],[14,15],[16,17],[18,19],[20,21],[23,24],[23,25],[23,26],[23,27],[23,28],[23,29],[23,30],[23,31],[23,32],[23,33],[23,34],[23,35],[23,36],[23,37],[23,38],[23,39],[23,40],[23,41],[23,42],[23,43],[23,44],[23,45],[23,46],[23,47],[52,56],[54,56],[23,57],[62,64],[63,64],[23,65],[23,66],[23,67],[23,69]],
"ASTEdges":[],
"AST_1Edges":[[3,4],[3,7],[3,10],[3,12],[3,14],[3,16],[3,18],[3,20],[3,51],[51,52],[55,54],[3,61],[61,62],[55,63]],
"AST_2Edges":[[5,4],[8,7],[5,10],[5,12],[5,14],[8,16],[5,18],[5,20],[49,50],[50,51],[53,52],[3,54],[59,60],[60,61],[5,62],[3,63]],
"templateASTEdges":[],
"templateEdges":[],
"verifHintTplPredEdges":[],
"verifHintTplPredPosNegEdges":[],
"verifHintTplEqTermEdges":[],
"verifHintTplInEqTermEdges":[],
"verifHintTplInEqTermPosNegEdges":[],
"dataFlowASTEdges":[],
"controlFlowHyperEdges":[[1,6,2],[1,9,2],[1,11,2],[1,13,2],[1,15,2],[1,17,2],[1,19,2],[1,21,2],[1,24,22],[1,25,22],[1,26,22],[1,27,22],[1,28,22],[1,29,22],[1,30,22],[1,31,22],[1,32,22],[1,33,22],[1,34,22],[1,35,22],[1,36,22],[1,37,22],[1,38,22],[1,39,22],[1,40,22],[1,41,22],[1,42,22],[1,43,22],[1,44,22],[1,45,22],[1,46,22],[1,47,22],[48,56,2],[2,57,48],[58,64,2],[2,65,58],[2,66,22],[2,67,22],[22,69,68]],
"dataFlowHyperEdges":[[3,57,49],[3,65,59]],
"controlLocationEdgeForSCC":[],
"predicateTransitiveEdges":[[2,2],[58,58],[48,48]],
"dummyFiled":[]
}