{
"nodeIds":[0,1,2,3,4,5,6,7,8,9,10,11,12,13,14,15,16,17,18,19,20,21,22,23,24,25,26,27,28,29,30,31,32,33,34,35,36,37,38,39,40,41,42,43,44,45,46,47,48,49,50,51,52,53,54,55,56,57,58,59,60,61,62,63,64,65],
"nodeSymbolList":["dummy","Initial","CONTROL_0","true","guard_0","CONTROL_1","guard_1","CONTROL_2","guard_2","guard_3","CONTROL_3","guard_4","guard_5","CONTROL_4","guard_6","guard_7","CONTROL_5","guard_8","guard_9","CONTROL_6","guard_10","guard_11","CONTROL_7","guard_12","guard_13","CONTROL_8","guard_14","guard_15","CONTROL_9","guard_16","guard_17","CONTROL_10","guard_18","guard_19","CONTROL_11","guard_20","guard_21","CONTROL_12","guard_22","guard_23","CONTROL_13","guard_24","guard_25","CONTROL_14","guard_26","guard_27","CONTROL_15","guard_28","guard_29","guard_30","guard_31","guard_32","guard_33","guard_34","guard_35","guard_36","guard_37","guard_38","guard_39","guard_40","guard_41","guard_42","guard_43","guard_44","FALSE","guard_45"],
"falseIndices":[64],
"initialIndices":[1],
"argumentIndices":[],
"argumentBoundList":[],
"argumentBinaryOccurrenceList":[],
"argumentOccurrence":[],
"templateIndices":[],
"templateRelevanceLabel":[],
"templateCostLabel":[],
"clauseIndices":[],
"guardIndices":[4,6,8,9,11,12,14,15,17,18,20,21,23,24,26,27,29,30,32,33,35,36,38,39,41,42,44,45,47,48,49,50,51,52,53,54,55,56,57,58,59,60,61,62,63,65],
"clauseBinaryOccurrenceInCounterExampleList":[0,0,0,0,0,0,0,0,0,0,0,0,0,0,0,0,0,0,0,0,0,0,0,0,0,0,0,0,0,0,0,0,0,0,0,0,0,0,0,0,0,0,0,0,0,1],
"predictedLabel":[],
"controlLocationIndices":[2,5,7,10,13,16,19,22,25,28,31,34,37,40,43,46],
"binaryAdjacentList":[[2,2],[3,4],[3,6],[3,8],[3,9],[3,11],[3,12],[3,14],[3,15],[3,17],[3,18],[3,20],[3,21],[3,23],[3,24],[3,26],[3,27],[3,29],[3,30],[3,32],[3,33],[3,35],[3,36],[3,38],[3,39],[3,41],[3,42],[3,44],[3,45],[3,47],[3,48],[3,49],[3,50],[3,51],[3,52],[3,53],[3,54],[3,55],[3,56],[3,57],[3,58],[3,59],[3,60],[3,61],[3,62],[3,63],[3,65],[7,7],[10,10],[13,13],[16,16],[19,19],[22,22],[25,25],[28,28],[31,31],[34,34],[37,37],[40,40],[43,43],[46,46]],
"ternaryAdjacencyList":[[1,4,2],[1,6,5],[7,8,2],[2,9,7],[10,11,2],[2,12,10],[13,14,2],[2,15,13],[16,17,2],[2,18,16],[19,20,2],[2,21,19],[22,23,2],[2,24,22],[25,26,2],[2,27,25],[28,29,2],[2,30,28],[31,32,2],[2,33,31],[34,35,2],[2,36,34],[37,38,2],[2,39,37],[40,41,2],[2,42,40],[43,44,2],[2,45,43],[46,47,2],[2,48,46],[2,49,5],[2,50,5],[2,51,5],[2,52,5],[2,53,5],[2,54,5],[2,55,5],[2,56,5],[2,57,5],[2,58,5],[2,59,5],[2,60,5],[2,61,5],[2,62,5],[2,63,5],[5,65,64]],
"unknownEdges":[],
"argumentIDList":[],
"argumentNameList":[],
"predicateIndices":[2,5,7,10,13,16,19,22,25,28,31,34,37,40,43,46],
"predicateOccurrenceInClause":[44,17,2,2,2,2,2,2,2,2,2,2,2,2,2,2],
"predicateStrongConnectedComponent":[1,0,1,1,1,1,1,1,1,1,1,1,1,1,1,1],
"argumentEdges":[],
"guardASTEdges":[[3,4],[3,6],[3,8],[3,9],[3,11],[3,12],[3,14],[3,15],[3,17],[3,18],[3,20],[3,21],[3,23],[3,24],[3,26],[3,27],[3,29],[3,30],[3,32],[3,33],[3,35],[3,36],[3,38],[3,39],[3,41],[3,42],[3,44],[3,45],[3,47],[3,48],[3,49],[3,50],[3,51],[3,52],[3,53],[3,54],[3,55],[3,56],[3,57],[3,58],[3,59],[3,60],[3,61],[3,62],[3,63],[3,65]],
"ASTEdges":[],
"AST_1Edges":[],
"AST_2Edges":[],
"templateASTEdges":[],
"templateEdges":[],
"verifHintTplPredEdges":[],
"verifHintTplPredPosNegEdges":[],
"verifHintTplEqTermEdges":[],
"verifHintTplInEqTermEdges":[],
"verifHintTplInEqTermPosNegEdges":[],
"dataFlowASTEdges":[],
"controlFlowHyperEdges":[[1,4,2],[1,6,5],[7,8,2],[2,9,7],[10,11,2],[2,12,10],[13,14,2],[2,15,13],[16,17,2],[2,18,16],[19,20,2],[2,21,19],[22,23,2],[2,24,22],[25,26,2],[2,27,25],[28,29,2],[2,30,28],[31,32,2],[2,33,31],[34,35,2],[2,36,34],[37,38,2],[2,39,37],[40,41,2],[2,42,40],[43,44,2],[2,45,43],[46,47,2],[2,48,46],[2,49,5],[2,50,5],[2,51,5],[2,52,5],[2,53,5],[2,54,5],[2,55,5],[2,56,5],[2,57,5],[2,58,5],[2,59,5],[2,60,5],[2,61,5],[2,62,5],[2,63,5],[5,65,64]],
"dataFlowHyperEdges":[],
"controlLocationEdgeForSCC":[],
"predicateTransitiveEdges":[[19,19],[46,46],[40,40],[25,25],[2,2],[22,22],[7,7],[43,43],[10,10],[37,37],[28,28],[16,16],[34,34],[13,13],[31,31]],
"dummyFiled":[]
}