{
"nodeIds":[0,1,2,3,4,5,6,7,8,9,10,11,12,13,14,15,16,17,18,19,20,21,22,23,24,25,26,27,28,29,30,31,32,33,34,35,36,37,38,39,40,41,42,43,44,45,46,47,48,49,50,51,52,53,54,55,56,57,58,59,60,61,62,63,64,65,66,67,68,69,70,71,72,73,74],
"nodeSymbolList":["Initial","CONTROL_0","predicateArgument_0","predicateArgument_1","predicateArgument_2","predicateArgument_3","predicateArgument_4","CONTROL_1","predicateArgument_5","predicateArgument_6","predicateArgument_7","predicateArgument_8","predicateArgument_9","predicateArgument_10","predicateArgument_11","predicateArgument_12","predicateArgument_13","predicateArgument_14","predicateArgument_15","predicateArgument_16","predicateArgument_17","predicateArgument_18",">=",">=","1",">=",">=",">=","guard_0",">=",">=","-1",">=",">=",">=","guard_1","CONTROL_2","predicateArgument_19","predicateArgument_20","predicateArgument_21","predicateArgument_22","predicateArgument_23","predicateArgument_24","predicateArgument_25","predicateArgument_26","predicateArgument_27","predicateArgument_28","predicateArgument_29","2","-","+",">=","+","=",">=",">=","guard_2",">=",">=",">=","=","guard_3","false","guard_4","3",">=","guard_5","FALSE",">=",">=",">=",">=","=","0","guard_6"],
"falseIndices":[67],
"initialIndices":[0],
"argumentIndices":[2,3,4,5,6,8,9,10,11,12,13,14,15,16,17,18,19,20,21,37,38,39,40,41,42,43,44,45,46,47],
"argumentBoundList":[[1,0],[1,1],[1,1],[1,1],[1,1],[0,0],[1,0],[1,1],[1,1],[0,0],[0,0],[0,0],[0,0],[0,0],[1,1],[1,1],[1,1],[0,0],[1,1],[0,0],[1,0],[1,1],[1,1],[0,0],[0,0],[0,0],[0,0],[0,0],[1,1],[1,1]],
"argumentBinaryOccurrenceList":[0,0,0,0,0,0,0,0,0,0,0,0,0,0,0,0,0,0,0,0,0,0,0,0,0,0,0,0,0,0],
"argumentOccurrence":[0,0,0,0,0,0,0,0,0,0,0,0,0,0,0,0,0,0,0,0,0,0,0,0,0,0,0,0,0,0],
"templateIndices":[],
"templateRelevanceLabel":[],
"templateCostLabel":[],
"clauseIndices":[],
"guardIndices":[28,35,56,61,63,66,74],
"clauseBinaryOccurrenceInCounterExampleList":[0,0,0,0,0,0,0],
"controlLocationIndices":[1,7,36],
"binaryAdjacentList":[[2,1],[2,22],[2,29],[2,70],[3,1],[3,68],[4,1],[4,22],[4,23],[4,29],[4,32],[4,71],[5,1],[5,72],[6,1],[6,26],[6,33],[6,69],[8,7],[9,7],[9,50],[9,54],[9,57],[9,59],[10,7],[10,49],[10,60],[11,7],[12,7],[13,7],[14,7],[15,7],[15,27],[15,34],[16,7],[16,27],[16,34],[17,7],[18,7],[18,52],[18,59],[18,60],[19,7],[20,7],[20,25],[20,30],[21,7],[21,55],[21,58],[22,28],[23,28],[24,23],[24,25],[24,26],[24,32],[24,33],[24,51],[24,53],[24,54],[24,55],[24,57],[24,58],[24,68],[24,69],[25,28],[26,28],[27,28],[29,35],[30,35],[31,30],[32,35],[33,35],[34,35],[37,36],[38,36],[38,65],[39,36],[40,36],[41,36],[42,36],[43,36],[44,36],[45,36],[46,36],[47,36],[48,65],[48,70],[48,71],[49,50],[49,52],[50,51],[51,56],[52,53],[53,56],[54,56],[55,56],[57,61],[58,61],[59,61],[60,61],[62,63],[65,66],[68,74],[69,74],[70,74],[71,74],[72,74],[73,72]],
"ternaryAdjacencyList":[[7,28,1],[9,28,2],[10,28,3],[18,28,4],[17,28,4],[19,28,5],[21,28,6],[7,35,1],[9,35,2],[10,35,3],[18,35,4],[17,35,4],[19,35,5],[21,35,6],[36,56,7],[37,56,8],[38,56,9],[39,56,10],[40,56,11],[41,56,12],[42,56,13],[43,56,14],[44,56,15],[45,56,16],[48,56,17],[46,56,19],[47,56,21],[36,61,7],[37,61,8],[38,61,9],[40,61,11],[41,61,12],[42,61,13],[43,61,14],[44,61,15],[45,61,16],[48,61,17],[39,61,18],[46,61,19],[47,61,21],[0,63,36],[0,66,36],[24,66,39],[24,66,40],[64,66,46],[64,66,47],[1,74,67]],
"unknownEdges":[],
"argumentIDList":[14,15,16,17,18,0,1,2,3,4,5,6,7,8,9,10,11,12,13,19,20,21,22,23,24,25,26,27,28,29],
"argumentNameList":["predh157_15:argument0","predh157_15:argument1","predh157_15:argument2","predh157_15:argument3","predh157_15:argument4","predh104_25:argument0","predh104_25:argument1","predh104_25:argument2","predh104_25:argument3","predh104_25:argument4","predh104_25:argument5","predh104_25:argument6","predh104_25:argument7","predh104_25:argument8","predh104_25:argument9","predh104_25:argument10","predh104_25:argument11","predh104_25:argument12","predh104_25:argument13","predh78_31:argument0","predh78_31:argument1","predh78_31:argument2","predh78_31:argument3","predh78_31:argument4","predh78_31:argument5","predh78_31:argument6","predh78_31:argument7","predh78_31:argument8","predh78_31:argument9","predh78_31:argument10"],
"predicateIndices":[1,7,36],
"predicateOccurrenceInClause":[3,4,4],
"predicateStrongConnectedComponent":[0,0,0],
"argumentEdges":[[2,1],[3,1],[4,1],[5,1],[6,1],[8,7],[9,7],[10,7],[11,7],[12,7],[13,7],[14,7],[15,7],[16,7],[17,7],[18,7],[19,7],[20,7],[21,7],[37,36],[38,36],[39,36],[40,36],[41,36],[42,36],[43,36],[44,36],[45,36],[46,36],[47,36]],
"guardASTEdges":[[22,28],[23,28],[25,28],[26,28],[27,28],[29,35],[30,35],[32,35],[33,35],[34,35],[51,56],[53,56],[54,56],[55,56],[57,61],[58,61],[59,61],[60,61],[62,63],[65,66],[68,74],[69,74],[70,74],[71,74],[72,74]],
"ASTEdges":[],
"AST_1Edges":[[2,22],[4,23],[20,25],[6,26],[16,27],[2,29],[31,30],[4,32],[6,33],[16,34],[10,49],[49,50],[50,51],[18,52],[52,53],[9,54],[21,55],[9,57],[21,58],[18,59],[10,60],[38,65],[3,68],[6,69],[2,70],[4,71],[5,72]],
"AST_2Edges":[[4,22],[24,23],[24,25],[24,26],[15,27],[4,29],[20,30],[24,32],[24,33],[15,34],[9,50],[24,51],[49,52],[24,53],[24,54],[24,55],[24,57],[24,58],[9,59],[18,60],[48,65],[24,68],[24,69],[48,70],[48,71],[73,72]],
"templateASTEdges":[],
"templateEdges":[],
"verifHintTplPredEdges":[],
"verifHintTplPredPosNegEdges":[],
"verifHintTplEqTermEdges":[],
"verifHintTplInEqTermEdges":[],
"verifHintTplInEqTermPosNegEdges":[],
"dataFlowASTEdges":[],
"controlFlowHyperEdges":[[7,28,1],[7,35,1],[36,56,7],[36,61,7],[0,63,36],[0,66,36],[1,74,67]],
"dataFlowHyperEdges":[[9,28,2],[10,28,3],[18,28,4],[17,28,4],[19,28,5],[21,28,6],[9,35,2],[10,35,3],[18,35,4],[17,35,4],[19,35,5],[21,35,6],[37,56,8],[38,56,9],[39,56,10],[40,56,11],[41,56,12],[42,56,13],[43,56,14],[44,56,15],[45,56,16],[48,56,17],[46,56,19],[47,56,21],[37,61,8],[38,61,9],[40,61,11],[41,61,12],[42,61,13],[43,61,14],[44,61,15],[45,61,16],[48,61,17],[39,61,18],[46,61,19],[47,61,21],[24,66,39],[24,66,40],[64,66,46],[64,66,47]],
"controlLocationEdgeForSCC":[],
"predicateTransitiveEdges":[],
"dummyFiled":[]
}