{
"nodeIds":[0,1,2,3,4,5,6,7,8,9,10,11,12,13,14,15,16,17,18,19,20,21,22,23,24,25,26,27,28,29,30,31,32,33,34,35,36,37,38,39,40,41,42,43],
"nodeSymbolList":["Initial","CONTROL_0","predicateArgument_0","predicateArgument_1","predicateArgument_2","CONTROL_1","predicateArgument_3","predicateArgument_4","predicateArgument_5","+","1",">=","11",">=","guard_0","true","guard_1","CONTROL_2","predicateArgument_6","predicateArgument_7","predicateArgument_8","+","+",">=",">=","guard_2","guard_3","CONTROL_3","predicateArgument_9","predicateArgument_10","predicateArgument_11","+",">=",">=","guard_4","guard_5","0","guard_6","FALSE","=","!",">=",">=","guard_7"],
"falseIndices":[38],
"initialIndices":[0],
"argumentIndices":[2,3,4,6,7,8,18,19,20,28,29,30],
"argumentBoundList":[[0,0],[1,0],[1,1],[0,0],[1,1],[1,1],[0,0],[1,1],[1,1],[0,0],[1,1],[1,1]],
"argumentBinaryOccurrenceList":[0,0,0,0,0,0,0,0,0,0,0,0],
"argumentOccurrence":[0,0,0,0,0,0,0,0,0,0,0,0],
"templateIndices":[],
"templateRelevanceLabel":[],
"templateCostLabel":[],
"clauseIndices":[],
"guardIndices":[14,16,25,26,34,35,37,43],
"clauseBinaryOccurrenceInCounterExampleList":[0,0,0,0,0,0,0,0],
"controlLocationIndices":[1,5,17,27],
"binaryAdjacentList":[[2,1],[3,1],[3,11],[3,24],[3,33],[3,39],[3,42],[4,1],[4,13],[4,23],[4,32],[4,39],[4,41],[6,5],[7,5],[8,5],[8,9],[10,9],[10,21],[10,22],[10,31],[11,14],[12,11],[12,13],[12,23],[12,24],[12,32],[12,33],[12,41],[12,42],[13,14],[15,16],[15,26],[15,35],[15,37],[18,17],[19,17],[19,21],[20,17],[20,22],[23,25],[24,25],[28,27],[29,27],[29,31],[30,27],[32,34],[33,34],[39,40],[40,43],[41,43],[42,43]],
"ternaryAdjacencyList":[[5,14,1],[6,14,2],[7,14,3],[9,14,4],[1,16,5],[2,16,6],[3,16,7],[4,16,8],[17,25,1],[18,25,2],[21,25,3],[22,25,4],[1,26,17],[2,26,18],[3,26,19],[4,26,20],[27,34,1],[28,34,2],[31,34,3],[30,34,4],[1,35,27],[2,35,28],[3,35,29],[4,35,30],[0,37,1],[36,37,3],[10,37,4],[1,43,38]],
"unknownEdges":[],
"argumentIDList":[0,1,2,3,4,5,6,7,8,9,10,11],
"argumentNameList":["INV1:argument0","INV1:argument1","INV1:argument2","INV1_0_1:argument0","INV1_0_1:argument1","INV1_0_1:argument2","INV1_1_1:argument0","INV1_1_1:argument1","INV1_1_1:argument2","INV1_2_1:argument0","INV1_2_1:argument1","INV1_2_1:argument2"],
"predicateIndices":[1,5,17,27],
"predicateOccurrenceInClause":[8,2,2,2],
"predicateStrongConnectedComponent":[1,1,1,1],
"argumentEdges":[[2,1],[3,1],[4,1],[6,5],[7,5],[8,5],[18,17],[19,17],[20,17],[28,27],[29,27],[30,27]],
"guardASTEdges":[[11,14],[13,14],[15,16],[23,25],[24,25],[15,26],[32,34],[33,34],[15,35],[15,37],[40,43],[41,43],[42,43]],
"ASTEdges":[],
"AST_1Edges":[[10,9],[3,11],[12,13],[10,21],[10,22],[12,23],[12,24],[10,31],[4,32],[12,33],[3,39],[39,40],[4,41],[3,42]],
"AST_2Edges":[[8,9],[12,11],[4,13],[19,21],[20,22],[4,23],[3,24],[29,31],[12,32],[3,33],[4,39],[12,41],[12,42]],
"templateASTEdges":[],
"templateEdges":[],
"verifHintTplPredEdges":[],
"verifHintTplPredPosNegEdges":[],
"verifHintTplEqTermEdges":[],
"verifHintTplInEqTermEdges":[],
"verifHintTplInEqTermPosNegEdges":[],
"dataFlowASTEdges":[],
"controlFlowHyperEdges":[[5,14,1],[1,16,5],[17,25,1],[1,26,17],[27,34,1],[1,35,27],[0,37,1],[1,43,38]],
"dataFlowHyperEdges":[[6,14,2],[7,14,3],[9,14,4],[2,16,6],[3,16,7],[4,16,8],[18,25,2],[21,25,3],[22,25,4],[2,26,18],[3,26,19],[4,26,20],[28,34,2],[31,34,3],[30,34,4],[2,35,28],[3,35,29],[4,35,30],[36,37,3],[10,37,4]],
"controlLocationEdgeForSCC":[],
"predicateTransitiveEdges":[],
"dummyFiled":[]
}