{
"nodeIds":[0,1,2,3,4,5,6,7,8,9,10,11,12,13,14,15,16,17,18,19,20,21,22,23,24,25,26,27,28,29,30,31,32,33,34,35,36,37,38,39,40,41,42,43,44,45,46,47,48,49,50,51,52,53,54,55,56,57,58,59,60,61,62,63,64,65,66,67,68,69,70,71,72,73,74,75,76,77,78,79,80,81,82,83,84,85,86,87,88,89,90,91,92,93,94,95,96,97,98,99,100,101,102,103,104,105,106,107,108,109,110,111,112,113,114,115,116,117,118,119,120,121,122,123,124,125,126,127,128,129,130],
"nodeSymbolList":["predicateName_0","predicateArgument_0","predicateArgument_1","predicateArgument_2","predicateArgument_3","predicateName_1","FALSE","clause_0",">=","0","symbolicConstant_0","!","=","symbolicConstant_1","=","symbolicConstant_2","=","symbolicConstant_3","clauseHead_0","clauseArgument_0","clauseArgument_1","clauseArgument_2","clauseArgument_3","clause_1","=","symbolicConstant_4","!","=","symbolicConstant_5","!","=","symbolicConstant_6","!","-","symbolicConstant_7","+","symbolicConstant_8",">=","1","=","symbolicConstant_9","clauseHead_1","clauseArgument_4","clauseArgument_5","clauseArgument_6","clauseArgument_7","clauseBody_0","clauseArgument_8","clauseArgument_9","symbolicConstant_10","clauseArgument_10","+","-1","clauseArgument_11","clause_2","=","symbolicConstant_11","!","=","symbolicConstant_12","!","=","symbolicConstant_13","!","=","symbolicConstant_14","!","=","symbolicConstant_15","!","=","symbolicConstant_16","!","=","symbolicConstant_17","!","=","symbolicConstant_18","!","=","symbolicConstant_19","!","=","symbolicConstant_20","!","+","symbolicConstant_21",">=","symbolicConstant_22","clauseHead_2","clauseBody_1","clauseArgument_12","clauseArgument_13","symbolicConstant_23","clauseArgument_14","clauseArgument_15","clause_3","=","symbolicConstant_24","symbolicConstant_25","!","=","symbolicConstant_26","!","=","symbolicConstant_27","!","=","symbolicConstant_28","!","=","symbolicConstant_29","!","=","symbolicConstant_30","!","=","symbolicConstant_31","!","clauseHead_3","clauseBody_2","clauseArgument_16","symbolicConstant_32","clauseArgument_17","clauseArgument_18","symbolicConstant_33","clauseArgument_19","clause_4","true","clauseHead_4","clauseBody_3"],
"falseIndices":[6],
"initialIndices":[],
"argumentIndices":[1,2,3,4],
"argumentBoundList":[["None","None"],["None","None"],["None","None"],["None","None"]],
"argumentBinaryOccurrenceList":[0,0,0,0],
"argumentOccurrence":[0,0,0,0],
"templateIndices":[],
"templateRelevanceLabel":[],
"templateCostLabel":[],
"clauseIndices":[7,23,54,96,127],
"guardIndices":[],
"clauseBinaryOccurrenceInCounterExampleList":[1,0,1,0,1],
"predictedLabel":[],
"controlLocationIndices":[],
"binaryAdjacentList":[[0,1],[0,2],[0,3],[0,4],[0,18],[0,41],[1,19],[1,42],[1,47],[1,91],[1,121],[2,20],[2,43],[2,48],[2,92],[2,123],[3,21],[3,44],[3,50],[3,94],[3,124],[4,22],[4,45],[4,53],[4,95],[4,126],[5,89],[5,119],[6,129],[7,18],[8,11],[9,8],[9,12],[9,14],[9,16],[9,24],[9,27],[9,30],[9,55],[9,58],[9,61],[9,64],[9,67],[9,70],[9,73],[9,76],[9,79],[9,82],[9,101],[9,104],[9,107],[9,110],[9,113],[9,116],[10,8],[11,7],[12,7],[13,12],[14,7],[15,14],[16,7],[17,16],[18,19],[18,20],[18,21],[18,22],[19,10],[20,17],[21,15],[22,13],[23,41],[24,26],[25,24],[25,39],[26,23],[27,29],[28,27],[29,23],[30,32],[31,30],[32,23],[33,35],[34,33],[34,51],[35,37],[36,35],[36,47],[37,23],[38,37],[38,85],[39,23],[40,39],[41,42],[41,43],[41,44],[41,45],[42,36],[43,40],[44,34],[45,25],[46,0],[46,23],[47,46],[48,46],[49,48],[49,53],[50,46],[51,50],[52,51],[53,46],[54,89],[55,57],[56,55],[57,54],[58,60],[59,58],[60,54],[61,63],[62,61],[63,54],[64,66],[65,64],[66,54],[67,69],[68,67],[69,54],[70,72],[71,70],[72,54],[73,75],[74,73],[75,54],[76,78],[77,76],[78,54],[79,81],[80,79],[81,54],[82,84],[83,82],[84,54],[85,87],[86,85],[86,94],[87,54],[88,87],[88,91],[90,0],[90,54],[91,90],[92,90],[93,92],[93,95],[94,90],[95,90],[96,119],[97,100],[98,97],[98,123],[99,97],[99,126],[100,96],[101,103],[102,101],[103,96],[104,106],[105,104],[106,96],[107,109],[108,107],[109,96],[110,112],[111,110],[112,96],[113,115],[114,113],[115,96],[116,118],[117,116],[118,96],[120,0],[120,96],[121,120],[122,121],[123,120],[124,120],[125,124],[126,120],[127,129],[128,127],[130,5],[130,127]],
"ternaryAdjacencyList":[],
"unknownEdges":[],
"argumentIDList":[0,1,2,3],
"argumentNameList":["main_1_1:argument0","main_1_1:argument1","main_1_1:argument2","main_1_1:argument3"],
"predicateIndices":[0,5],
"predicateOccurrenceInClause":[5,3],
"predicateStrongConnectedComponent":[1,0],
"predicateArgumentEdges":[[0,1],[0,2],[0,3],[0,4]],
"predicateInstanceEdges":[[0,18],[0,41],[46,0],[5,89],[90,0],[5,119],[120,0],[6,129],[130,5]],
"argumentInstanceEdges":[[1,19],[2,20],[3,21],[4,22],[1,42],[2,43],[3,44],[4,45],[1,47],[2,48],[3,50],[4,53],[1,91],[2,92],[3,94],[4,95],[1,121],[2,123],[3,124],[4,126]],
"controlHeadEdges":[[7,18],[23,41],[54,89],[96,119],[127,129]],
"controlBodyEdges":[[46,23],[90,54],[120,96],[130,127]],
"controlEdges":[],
"controlArgumentEdges":[[18,19],[18,20],[18,21],[18,22],[41,42],[41,43],[41,44],[41,45],[47,46],[48,46],[50,46],[53,46],[91,90],[92,90],[94,90],[95,90],[121,120],[123,120],[124,120],[126,120]],
"subTermEdges":[[9,8],[10,8],[8,11],[13,12],[9,12],[15,14],[9,14],[17,16],[9,16],[25,24],[9,24],[24,26],[28,27],[9,27],[27,29],[31,30],[9,30],[30,32],[34,33],[36,35],[33,35],[35,37],[38,37],[40,39],[25,39],[34,51],[52,51],[56,55],[9,55],[55,57],[59,58],[9,58],[58,60],[62,61],[9,61],[61,63],[65,64],[9,64],[64,66],[68,67],[9,67],[67,69],[71,70],[9,70],[70,72],[74,73],[9,73],[73,75],[77,76],[9,76],[76,78],[80,79],[9,79],[79,81],[83,82],[9,82],[82,84],[86,85],[38,85],[85,87],[88,87],[98,97],[99,97],[97,100],[102,101],[9,101],[101,103],[105,104],[9,104],[104,106],[108,107],[9,107],[107,109],[111,110],[9,110],[110,112],[114,113],[9,113],[113,115],[117,116],[9,116],[116,118]],
"guardEdges":[[11,7],[12,7],[14,7],[16,7],[26,23],[29,23],[32,23],[37,23],[39,23],[57,54],[60,54],[63,54],[66,54],[69,54],[72,54],[75,54],[78,54],[81,54],[84,54],[87,54],[100,96],[103,96],[106,96],[109,96],[112,96],[115,96],[118,96],[128,127]],
"dataEdges":[[19,10],[20,17],[21,15],[22,13],[42,36],[43,40],[44,34],[45,25],[36,47],[49,48],[51,50],[49,53],[88,91],[93,92],[86,94],[93,95],[122,121],[98,123],[125,124],[99,126]],
"predicateInstanceHeadEdges":[],
"predicateInstanceBodyEdges":[],
"controlArgumentHeadEdges":[],
"controlArgumentBodyEdges":[],
"guardConstantEdges":[],
"guardOperatorEdges":[],
"guardScEdges":[],
"dataConstantEdges":[],
"dataOperatorEdges":[],
"dataScEdges":[],
"subTermConstantOperatorEdges":[],
"subTermOperatorOperatorEdges":[],
"subTermScOperatorEdges":[],
"dummyFiled":[]
}