{
"nodeIds":[0,1,2,3,4,5,6,7,8,9,10,11,12,13,14,15,16,17,18,19,20,21,22,23,24,25,26,27,28,29,30,31,32,33,34,35,36,37,38,39,40,41,42,43,44,45,46,47,48,49,50,51,52,53,54,55,56,57,58,59,60,61,62,63,64,65,66,67,68,69,70,71,72,73,74,75,76,77,78,79,80,81,82,83,84,85,86,87,88,89,90,91,92,93,94,95,96,97,98,99,100,101,102,103,104,105,106,107,108,109,110,111,112,113,114,115,116,117,118,119,120,121,122,123,124,125,126,127,128,129,130,131,132,133,134,135,136,137,138,139,140,141,142,143,144,145,146,147,148,149,150,151,152,153,154,155,156,157,158,159,160,161,162,163,164,165,166,167,168,169,170,171,172,173,174,175,176,177,178,179,180,181,182],
"nodeSymbolList":["predicateName_0","predicateArgument_0","predicateArgument_1","predicateArgument_2","predicateArgument_3","predicateName_1","predicateArgument_4","predicateArgument_5","predicateArgument_6","predicateName_2","predicateName_3","predicateArgument_7","predicateArgument_8","predicateArgument_9","predicateName_4","FALSE","clause_0","+","symbolicConstant_0","-1",">=","201","!","+","symbolicConstant_1",">=","101","!",">=","1",">=",">=","symbolicConstant_2","!","clauseHead_0","clauseArgument_0","clauseArgument_1","symbolicConstant_3","clauseArgument_2","clauseArgument_3","clauseBody_0","clauseArgument_4","clauseArgument_5","0","clauseArgument_6","clauseArgument_7","clause_1","=","symbolicConstant_4","clauseHead_1","clauseArgument_8","symbolicConstant_5","clauseArgument_9","symbolicConstant_6","clauseArgument_10","clauseArgument_11","symbolicConstant_7","clauseBody_1","clauseArgument_12","clauseArgument_13","clauseArgument_14","clause_2","true","clauseHead_2","clause_3","clauseHead_3","clauseArgument_15","symbolicConstant_8","clauseArgument_16","symbolicConstant_9","clauseArgument_17","symbolicConstant_10","clauseBody_2","clauseBody_3","clause_4","clauseHead_4","clauseBody_4","clause_5","clauseHead_5","clauseArgument_18","symbolicConstant_11","clauseArgument_19","symbolicConstant_12","clauseArgument_20","symbolicConstant_13","clauseBody_5","clauseBody_6","clauseArgument_21","clauseArgument_22","clauseArgument_23","clause_6","clauseHead_6","clauseBody_7","clauseArgument_24","symbolicConstant_14","clauseArgument_25","symbolicConstant_15","clauseArgument_26","symbolicConstant_16","clause_7","-","symbolicConstant_17","+","symbolicConstant_18",">=",">=","100",">=",">=","symbolicConstant_19","clauseHead_7","clauseBody_8","clauseArgument_27","clauseArgument_28","clauseArgument_29","clauseArgument_30","clause_8","-","symbolicConstant_20","+","symbolicConstant_21",">=",">=",">=",">=","symbolicConstant_22","clauseHead_8","clauseBody_9","clauseArgument_31","clauseArgument_32","clauseArgument_33","clauseArgument_34","clause_9",">=","symbolicConstant_23","clauseHead_9","clauseBody_10","clauseArgument_35","symbolicConstant_24","clauseArgument_36","symbolicConstant_25","clauseArgument_37","symbolicConstant_26","clauseArgument_38","clause_10",">=","symbolicConstant_27","clauseHead_10","clauseBody_11","clauseArgument_39","symbolicConstant_28","clauseArgument_40","symbolicConstant_29","clauseArgument_41","symbolicConstant_30","clauseArgument_42","clause_11",">=","symbolicConstant_31","clauseHead_11","clauseBody_12","clauseArgument_43","symbolicConstant_32","clauseArgument_44","symbolicConstant_33","clauseArgument_45","symbolicConstant_34","clauseArgument_46","clause_12",">=","symbolicConstant_35","clauseHead_12","clauseBody_13","clauseArgument_47","symbolicConstant_36","clauseArgument_48","symbolicConstant_37","clauseArgument_49","symbolicConstant_38","clauseArgument_50","clause_13","clauseHead_13","clauseBody_14"],
"falseIndices":[15],
"initialIndices":[],
"argumentIndices":[1,2,3,4,6,7,8,11,12,13],
"argumentBoundList":[[0,0],[0,0],[1,1],[0,0],[0,0],[0,0],[0,0],[0,0],[0,0],[0,0]],
"argumentBinaryOccurrenceList":[0,0,0,0,0,0,0,0,0,0],
"argumentOccurrence":[0,0,0,0,0,0,0,0,0,0],
"templateIndices":[],
"templateRelevanceLabel":[],
"templateCostLabel":[],
"clauseIndices":[16,46,61,64,74,77,90,99,116,132,144,156,168,180],
"guardIndices":[],
"clauseBinaryOccurrenceInCounterExampleList":[0,0,0,0,0,0,0,0,0,0,0,0,0,0],
"predictedLabel":[],
"controlLocationIndices":[],
"binaryAdjacentList":[[0,1],[0,2],[0,3],[0,4],[0,34],[0,49],[1,35],[1,41],[1,50],[1,112],[1,128],[1,137],[1,149],[1,161],[1,173],[2,36],[2,42],[2,52],[2,113],[2,129],[2,139],[2,151],[2,163],[2,175],[3,38],[3,44],[3,54],[3,114],[3,130],[3,141],[3,153],[3,165],[3,177],[4,39],[4,45],[4,55],[4,115],[4,131],[4,143],[4,155],[4,167],[4,179],[5,6],[5,7],[5,8],[5,78],[6,58],[6,79],[7,59],[7,81],[8,60],[8,83],[9,63],[9,75],[9,91],[10,11],[10,12],[10,13],[10,65],[11,66],[11,87],[11,93],[12,68],[12,88],[12,95],[13,70],[13,89],[13,97],[14,110],[14,126],[14,135],[14,147],[14,159],[14,171],[15,181],[16,34],[17,20],[17,44],[18,17],[18,28],[19,17],[19,23],[19,124],[19,145],[19,169],[20,22],[21,20],[21,108],[22,16],[23,25],[23,31],[23,45],[24,23],[24,30],[25,27],[26,25],[26,133],[26,157],[27,16],[27,16],[28,16],[29,28],[29,30],[29,104],[29,121],[30,16],[30,16],[31,33],[32,31],[32,41],[33,16],[34,35],[34,36],[34,38],[34,39],[35,32],[36,37],[38,18],[39,24],[40,0],[40,16],[41,40],[42,40],[43,42],[43,47],[43,107],[43,113],[43,123],[43,129],[44,40],[45,40],[46,49],[47,46],[48,47],[49,50],[49,52],[49,54],[49,55],[50,51],[51,58],[52,53],[53,59],[54,48],[55,56],[56,60],[57,5],[57,46],[58,57],[59,57],[60,57],[61,63],[62,61],[62,64],[62,74],[62,77],[62,90],[62,180],[64,65],[65,66],[65,68],[65,70],[66,67],[68,69],[70,71],[72,9],[72,64],[73,9],[73,64],[74,75],[76,9],[76,74],[77,78],[78,79],[78,81],[78,83],[79,80],[80,87],[81,82],[82,88],[83,84],[84,89],[85,9],[85,77],[86,10],[86,77],[87,86],[88,86],[89,86],[90,91],[92,10],[92,90],[93,92],[94,93],[95,92],[96,95],[97,92],[98,97],[99,110],[100,102],[101,100],[101,105],[101,107],[101,115],[102,104],[103,102],[103,112],[104,99],[105,99],[106,105],[106,122],[107,99],[108,99],[109,108],[109,114],[111,0],[111,99],[112,111],[113,111],[114,111],[115,111],[116,126],[117,119],[118,117],[118,122],[118,123],[118,131],[119,121],[120,119],[120,128],[121,116],[122,116],[123,116],[124,116],[125,124],[125,130],[127,0],[127,116],[128,127],[129,127],[130,127],[131,127],[132,135],[133,132],[134,133],[134,143],[136,0],[136,132],[137,136],[138,137],[139,136],[140,139],[141,136],[142,141],[143,136],[144,147],[145,144],[146,145],[146,155],[148,0],[148,144],[149,148],[150,149],[151,148],[152,151],[153,148],[154,153],[155,148],[156,159],[157,156],[158,157],[158,167],[160,0],[160,156],[161,160],[162,161],[163,160],[164,163],[165,160],[166,165],[167,160],[168,171],[169,168],[170,169],[170,179],[172,0],[172,168],[173,172],[174,173],[175,172],[176,175],[177,172],[178,177],[179,172],[180,181],[182,14],[182,180]],
"ternaryAdjacencyList":[],
"unknownEdges":[],
"argumentIDList":[0,1,2,3,7,8,9,4,5,6],
"argumentNameList":["main_s11:argument0","main_s11:argument1","main_s11:argument2","main_s11:argument3","main_s6:argument0","main_s6:argument1","main_s6:argument2","main_s4:argument0","main_s4:argument1","main_s4:argument2"],
"predicateIndices":[0,5,9,10,14],
"predicateOccurrenceInClause":[9,2,7,3,7],
"predicateStrongConnectedComponent":[1,0,1,1,0],
"predicateArgumentEdges":[[0,1],[0,2],[0,3],[0,4],[5,6],[5,7],[5,8],[10,11],[10,12],[10,13]],
"predicateInstanceEdges":[[0,34],[40,0],[0,49],[57,5],[9,63],[10,65],[72,9],[73,9],[9,75],[76,9],[5,78],[85,9],[86,10],[9,91],[92,10],[14,110],[111,0],[14,126],[127,0],[14,135],[136,0],[14,147],[148,0],[14,159],[160,0],[14,171],[172,0],[15,181],[182,14]],
"argumentInstanceEdges":[[1,35],[2,36],[3,38],[4,39],[1,41],[2,42],[3,44],[4,45],[1,50],[2,52],[3,54],[4,55],[6,58],[7,59],[8,60],[11,66],[12,68],[13,70],[6,79],[7,81],[8,83],[11,87],[12,88],[13,89],[11,93],[12,95],[13,97],[1,112],[2,113],[3,114],[4,115],[1,128],[2,129],[3,130],[4,131],[1,137],[2,139],[3,141],[4,143],[1,149],[2,151],[3,153],[4,155],[1,161],[2,163],[3,165],[4,167],[1,173],[2,175],[3,177],[4,179]],
"controlHeadEdges":[[16,34],[46,49],[61,63],[64,65],[74,75],[77,78],[90,91],[99,110],[116,126],[132,135],[144,147],[156,159],[168,171],[180,181]],
"controlBodyEdges":[[40,16],[57,46],[72,64],[73,64],[76,74],[85,77],[86,77],[92,90],[111,99],[127,116],[136,132],[148,144],[160,156],[172,168],[182,180]],
"controlEdges":[],
"controlArgumentEdges":[[34,35],[34,36],[34,38],[34,39],[41,40],[42,40],[44,40],[45,40],[49,50],[49,52],[49,54],[49,55],[58,57],[59,57],[60,57],[65,66],[65,68],[65,70],[78,79],[78,81],[78,83],[87,86],[88,86],[89,86],[93,92],[95,92],[97,92],[112,111],[113,111],[114,111],[115,111],[128,127],[129,127],[130,127],[131,127],[137,136],[139,136],[141,136],[143,136],[149,148],[151,148],[153,148],[155,148],[161,160],[163,160],[165,160],[167,160],[173,172],[175,172],[177,172],[179,172]],
"subTermEdges":[[18,17],[19,17],[17,20],[21,20],[20,22],[24,23],[19,23],[23,25],[26,25],[25,27],[18,28],[29,28],[24,30],[29,30],[23,31],[32,31],[31,33],[48,47],[43,47],[101,100],[103,102],[100,102],[102,104],[29,104],[106,105],[101,105],[101,107],[43,107],[109,108],[21,108],[118,117],[120,119],[117,119],[119,121],[29,121],[106,122],[118,122],[118,123],[43,123],[19,124],[125,124],[134,133],[26,133],[19,145],[146,145],[158,157],[26,157],[19,169],[170,169]],
"guardEdges":[[22,16],[27,16],[28,16],[30,16],[33,16],[27,16],[30,16],[47,46],[62,61],[62,64],[62,74],[62,77],[62,90],[104,99],[105,99],[107,99],[108,99],[121,116],[122,116],[123,116],[124,116],[133,132],[145,144],[157,156],[169,168],[62,180]],
"dataEdges":[[35,32],[36,37],[38,18],[39,24],[32,41],[43,42],[17,44],[23,45],[50,51],[52,53],[54,48],[55,56],[51,58],[53,59],[56,60],[66,67],[68,69],[70,71],[79,80],[81,82],[83,84],[80,87],[82,88],[84,89],[94,93],[96,95],[98,97],[103,112],[43,113],[109,114],[101,115],[120,128],[43,129],[125,130],[118,131],[138,137],[140,139],[142,141],[134,143],[150,149],[152,151],[154,153],[146,155],[162,161],[164,163],[166,165],[158,167],[174,173],[176,175],[178,177],[170,179]],
"predicateInstanceHeadEdges":[],
"predicateInstanceBodyEdges":[],
"controlArgumentHeadEdges":[],
"controlArgumentBodyEdges":[],
"guardConstantEdges":[],
"guardOperatorEdges":[],
"guardScEdges":[],
"dataConstantEdges":[],
"dataOperatorEdges":[],
"dataScEdges":[],
"subTermConstantOperatorEdges":[],
"subTermOperatorOperatorEdges":[],
"subTermScOperatorEdges":[],
"dummyFiled":[]
}