{
"nodeIds":[0,1,2,3,4,5,6,7,8,9,10,11,12,13,14,15,16,17,18,19,20,21,22,23,24,25,26,27,28,29,30,31,32,33,34,35,36,37,38,39,40,41,42,43,44,45,46,47,48,49,50,51,52,53,54,55,56,57,58,59,60,61,62,63,64,65,66,67,68,69,70,71,72,73,74,75,76,77,78,79,80,81,82,83,84,85,86,87,88,89,90,91,92,93,94,95,96,97,98,99,100,101,102,103,104,105,106,107,108,109,110,111,112,113,114,115,116,117,118,119,120,121,122,123,124,125,126,127,128,129,130,131,132,133,134,135,136,137,138,139,140,141,142,143,144,145,146,147,148,149,150,151,152,153,154,155,156,157,158,159,160,161,162,163,164,165,166,167,168,169,170,171,172,173,174,175,176,177,178,179,180,181,182,183,184,185,186,187,188,189,190,191,192,193,194,195,196,197,198,199,200,201,202,203,204,205,206,207,208,209,210,211,212,213,214,215,216,217,218,219,220,221,222,223,224,225,226,227,228,229,230,231,232,233,234,235,236,237,238,239,240,241,242,243,244,245,246,247,248,249,250,251,252,253,254,255,256,257,258,259,260,261,262,263,264,265,266,267,268,269,270,271,272,273,274,275,276,277,278,279,280,281,282,283,284,285,286,287,288,289,290,291,292,293,294,295,296,297,298,299,300,301,302,303,304,305,306,307,308,309,310,311,312,313,314,315,316,317,318,319,320,321,322,323,324,325,326,327,328,329,330,331,332,333,334,335,336,337,338,339,340,341,342,343,344,345,346,347,348,349,350,351,352,353,354,355,356,357,358,359,360,361,362,363,364,365,366,367,368,369,370,371,372,373,374,375,376,377,378,379,380,381,382,383,384,385,386,387,388,389,390,391,392,393,394,395,396,397,398,399,400,401,402,403,404,405],
"nodeSymbolList":["predicateName_0","predicateArgument_0","predicateArgument_1","predicateArgument_2","FALSE","clause_0","=","symbolicConstant_0","0","!","=","symbolicConstant_1","!","=","symbolicConstant_2","=","symbolicConstant_3","1","=","symbolicConstant_4","clauseHead_0","clauseArgument_0","clauseArgument_1","clauseArgument_2","clause_1","=","symbolicConstant_5","!","=","symbolicConstant_6","!",">=","symbolicConstant_7",">=","-1","=","symbolicConstant_8","=","symbolicConstant_9","=","symbolicConstant_10","clauseHead_1","clauseArgument_3","clauseArgument_4","clauseArgument_5","clause_2","=","symbolicConstant_11","!","=","symbolicConstant_12","!","=","symbolicConstant_13","!","=","symbolicConstant_14","!","=","symbolicConstant_15","!","=","symbolicConstant_16","=","symbolicConstant_17","=","symbolicConstant_18","clauseHead_2","clauseArgument_6","clauseArgument_7","clauseArgument_8","clause_3","=","symbolicConstant_19","!","=","symbolicConstant_20","!","=","symbolicConstant_21","!","=","symbolicConstant_22","!","=","symbolicConstant_23","!",">=","symbolicConstant_24",">=","=","symbolicConstant_25","=","symbolicConstant_26","=","symbolicConstant_27","clauseHead_3","clauseArgument_9","clauseArgument_10","clauseArgument_11","clause_4","=","symbolicConstant_28","!","=","symbolicConstant_29","!","=","symbolicConstant_30","!","=","symbolicConstant_31","!",">=","symbolicConstant_32","21","=","symbolicConstant_33","clauseHead_4","clauseArgument_12","clauseArgument_13","clauseArgument_14","clause_5","=","symbolicConstant_34","!","=","symbolicConstant_35","!","=","symbolicConstant_36","!",">=","20","symbolicConstant_37",">=","2","=","symbolicConstant_38","=","symbolicConstant_39","clauseHead_5","clauseArgument_15","clauseArgument_16","clauseArgument_17","clause_6","=","symbolicConstant_40","!","=","symbolicConstant_41","!","=","symbolicConstant_42","!",">=","-2","symbolicConstant_43","=","symbolicConstant_44","=","symbolicConstant_45","=","symbolicConstant_46","clauseHead_6","clauseArgument_18","clauseArgument_19","clauseArgument_20","clause_7","=","symbolicConstant_47","!","=","symbolicConstant_48","!","=","symbolicConstant_49","!","=","symbolicConstant_50","!","=","symbolicConstant_51","!","=","symbolicConstant_52","!","=","symbolicConstant_53","!",">=","symbolicConstant_54","=","symbolicConstant_55","clauseHead_7","clauseArgument_21","clauseArgument_22","clauseArgument_23","clause_8","=","symbolicConstant_56","!","=","symbolicConstant_57","!","=","symbolicConstant_58","!","=","symbolicConstant_59","!","=","symbolicConstant_60","!","=","symbolicConstant_61","!",">=","symbolicConstant_62",">=","=","symbolicConstant_63","=","symbolicConstant_64","clauseHead_8","clauseArgument_24","clauseArgument_25","clauseArgument_26","clause_9","=","symbolicConstant_65","!","=","symbolicConstant_66","!","=","symbolicConstant_67","!","=","symbolicConstant_68","!","=","symbolicConstant_69","!","=","symbolicConstant_70","!",">=","symbolicConstant_71","=","symbolicConstant_72","=","symbolicConstant_73","=","symbolicConstant_74","clauseHead_9","clauseArgument_27","clauseArgument_28","clauseArgument_29","clause_10","=","symbolicConstant_75","!","=","symbolicConstant_76","!","&","&","|","=","symbolicConstant_77","!","=","symbolicConstant_78","!","&","&","|","=","symbolicConstant_79","!","=","symbolicConstant_80","!","&","&","|","=","symbolicConstant_81","=","symbolicConstant_82","!",">=","symbolicConstant_83",">=","&","|","&","!","!","!","|","&","&","|","=","symbolicConstant_84","!",">=","symbolicConstant_85","!",">=","!","|","&","&","&","|","=","symbolicConstant_86","!","&","&","|","=","symbolicConstant_87","!","|","&","&","|","|","=","symbolicConstant_88","!","&","&","|","&","&","|","&","|","&","&","|","&","&","|",">=",">=","|","+","=","|",">=","!",">=","10","!","&","=","|","|","|","&","!","!","&","|","|","=","|","=","symbolicConstant_89","!","=","symbolicConstant_90","=","=","clauseHead_10","clauseArgument_30","clauseArgument_31","clauseArgument_32","clauseBody_0","clauseArgument_33","clauseArgument_34","clauseArgument_35","symbolicConstant_91","clause_11","=","symbolicConstant_92","!","=","symbolicConstant_93","symbolicConstant_94","=","symbolicConstant_95","=","clauseHead_11","clauseBody_1","clauseArgument_36","symbolicConstant_96","clauseArgument_37","symbolicConstant_97","clauseArgument_38"],
"falseIndices":[4],
"initialIndices":[],
"argumentIndices":[1,2,3],
"argumentBoundList":[["None","None"],["None","None"],["None","None"]],
"argumentBinaryOccurrenceList":[0,0,0],
"argumentOccurrence":[0,0,0],
"templateIndices":[],
"templateRelevanceLabel":[],
"templateCostLabel":[],
"clauseIndices":[5,24,45,71,100,122,145,168,198,228,259,389],
"guardIndices":[],
"clauseBinaryOccurrenceInCounterExampleList":[1,1,1,1,1,1,1,1,1,1,1,1],
"predictedLabel":[],
"controlLocationIndices":[],
"binaryAdjacentList":[[0,1],[0,2],[0,3],[0,20],[0,41],[0,67],[0,96],[0,118],[0,141],[0,164],[0,194],[0,224],[0,255],[0,380],[1,21],[1,42],[1,68],[1,97],[1,119],[1,142],[1,165],[1,195],[1,225],[1,256],[1,381],[1,385],[1,401],[2,22],[2,43],[2,69],[2,98],[2,120],[2,143],[2,166],[2,196],[2,226],[2,257],[2,382],[2,386],[2,403],[3,23],[3,44],[3,70],[3,99],[3,121],[3,144],[3,167],[3,197],[3,227],[3,258],[3,383],[3,387],[3,405],[4,399],[5,20],[6,9],[7,6],[8,6],[8,10],[8,13],[8,18],[8,25],[8,28],[8,31],[8,35],[8,37],[8,39],[8,46],[8,49],[8,52],[8,55],[8,58],[8,61],[8,65],[8,72],[8,75],[8,78],[8,81],[8,84],[8,87],[8,90],[8,92],[8,94],[8,101],[8,104],[8,107],[8,110],[8,116],[8,123],[8,126],[8,129],[8,137],[8,139],[8,146],[8,149],[8,152],[8,158],[8,160],[8,162],[8,169],[8,172],[8,175],[8,178],[8,181],[8,184],[8,187],[8,192],[8,199],[8,202],[8,205],[8,208],[8,211],[8,214],[8,220],[8,222],[8,229],[8,232],[8,235],[8,238],[8,241],[8,244],[8,249],[8,251],[8,253],[8,260],[8,263],[8,269],[8,272],[8,278],[8,281],[8,287],[8,289],[8,294],[8,305],[8,318],[8,324],[8,332],[8,349],[8,350],[8,355],[8,373],[8,390],[9,5],[10,12],[11,10],[12,5],[13,5],[14,13],[15,5],[16,15],[17,15],[17,63],[17,308],[18,5],[19,18],[20,21],[20,22],[20,23],[21,16],[22,14],[23,19],[24,41],[25,27],[26,25],[27,24],[28,30],[29,28],[30,24],[31,24],[32,31],[32,33],[33,24],[34,33],[34,89],[34,311],[35,24],[36,35],[37,24],[38,37],[39,24],[40,39],[41,42],[41,43],[41,44],[42,38],[43,36],[44,40],[45,67],[46,48],[47,46],[48,45],[49,51],[50,49],[51,45],[52,54],[53,52],[54,45],[55,57],[56,55],[57,45],[58,60],[59,58],[60,45],[61,45],[62,61],[63,45],[64,63],[65,45],[66,65],[67,68],[67,69],[67,70],[68,64],[69,62],[70,66],[71,96],[72,74],[73,72],[74,71],[75,77],[76,75],[77,71],[78,80],[79,78],[80,71],[81,83],[82,81],[83,71],[84,86],[85,84],[86,71],[87,71],[88,87],[88,89],[89,71],[90,71],[91,90],[92,71],[93,92],[94,71],[95,94],[96,97],[96,98],[96,99],[97,93],[98,91],[99,95],[100,118],[101,103],[102,101],[103,100],[104,106],[105,104],[106,100],[107,109],[108,107],[109,100],[110,112],[111,110],[112,100],[113,100],[114,113],[115,113],[115,190],[116,100],[117,116],[118,119],[118,120],[118,121],[119,114],[120,117],[121,111],[122,141],[123,125],[124,123],[125,122],[126,128],[127,126],[128,122],[129,131],[130,129],[131,122],[132,122],[133,132],[133,217],[133,292],[134,132],[134,135],[135,122],[136,135],[136,219],[137,122],[138,137],[139,122],[140,139],[141,142],[141,143],[141,144],[142,134],[143,138],[144,140],[145,164],[146,148],[147,146],[148,145],[149,151],[150,149],[151,145],[152,154],[153,152],[154,145],[155,145],[156,155],[156,247],[157,155],[158,145],[159,158],[160,145],[161,160],[162,145],[163,162],[164,165],[164,166],[164,167],[165,161],[166,159],[167,163],[168,194],[169,171],[170,169],[171,168],[172,174],[173,172],[174,168],[175,177],[176,175],[177,168],[178,180],[179,178],[180,168],[181,183],[182,181],[183,168],[184,186],[185,184],[186,168],[187,189],[188,187],[189,168],[190,168],[191,190],[192,168],[193,192],[194,195],[194,196],[194,197],[195,191],[196,193],[197,182],[198,224],[199,201],[200,199],[201,198],[202,204],[203,202],[204,198],[205,207],[206,205],[207,198],[208,210],[209,208],[210,198],[211,213],[212,211],[213,198],[214,216],[215,214],[216,198],[217,198],[218,217],[218,219],[219,198],[220,198],[221,220],[222,198],[223,222],[224,225],[224,226],[224,227],[225,218],[226,221],[227,223],[228,255],[229,231],[230,229],[231,228],[232,234],[233,232],[234,228],[235,237],[236,235],[237,228],[238,240],[239,238],[240,228],[241,243],[242,241],[243,228],[244,246],[245,244],[246,228],[247,228],[248,247],[249,228],[250,249],[251,228],[252,251],[253,228],[254,253],[255,256],[255,257],[255,258],[256,252],[257,250],[258,254],[259,380],[260,262],[260,267],[260,329],[261,260],[262,266],[262,328],[263,265],[263,267],[263,327],[263,329],[263,340],[263,370],[264,263],[264,349],[264,352],[264,357],[264,361],[264,371],[264,386],[265,266],[265,328],[265,338],[266,268],[267,268],[268,259],[269,271],[269,276],[269,322],[270,269],[271,275],[271,321],[272,274],[272,276],[273,272],[273,378],[274,275],[275,277],[276,277],[277,259],[278,280],[278,285],[278,347],[279,278],[280,284],[280,346],[281,283],[281,285],[281,331],[281,344],[281,372],[282,281],[282,376],[283,284],[283,327],[283,343],[283,370],[284,286],[285,286],[286,259],[287,297],[287,298],[288,287],[289,291],[289,302],[289,336],[289,341],[290,289],[291,296],[291,335],[291,339],[292,295],[292,299],[293,292],[293,294],[293,353],[293,361],[294,295],[294,300],[295,296],[296,297],[297,304],[298,303],[299,301],[300,301],[301,302],[302,303],[303,304],[304,259],[305,307],[305,316],[305,340],[306,305],[307,314],[307,338],[308,310],[308,315],[309,308],[309,311],[309,350],[309,352],[309,355],[310,313],[311,312],[311,315],[312,313],[313,314],[314,317],[315,316],[316,317],[317,259],[318,320],[318,322],[318,344],[318,347],[319,318],[319,371],[319,385],[320,321],[320,343],[320,346],[321,323],[322,323],[323,259],[324,326],[325,324],[326,259],[327,259],[328,330],[329,330],[330,331],[331,259],[332,334],[332,336],[333,332],[334,335],[335,337],[336,337],[337,259],[338,339],[339,342],[340,341],[341,342],[342,259],[343,345],[344,345],[345,259],[345,259],[346,348],[347,348],[348,259],[349,351],[349,366],[350,351],[350,367],[351,354],[352,353],[353,354],[353,364],[354,259],[355,356],[355,363],[356,360],[357,359],[357,363],[358,357],[359,360],[360,362],[361,362],[362,365],[363,364],[364,365],[365,369],[366,368],[367,368],[368,369],[369,259],[370,259],[371,372],[372,259],[373,375],[374,373],[375,259],[376,259],[377,376],[377,378],[377,379],[378,259],[379,259],[380,381],[380,382],[380,383],[381,293],[382,333],[383,288],[384,0],[384,259],[385,384],[386,384],[387,384],[388,387],[389,399],[390,392],[391,390],[391,405],[392,389],[393,389],[394,393],[395,393],[395,396],[395,398],[396,389],[397,396],[398,389],[400,0],[400,389],[401,400],[402,401],[403,400],[404,403],[405,400]],
"ternaryAdjacencyList":[],
"unknownEdges":[],
"argumentIDList":[0,1,2],
"argumentNameList":["MAIN:argument0","MAIN:argument1","MAIN:argument2"],
"predicateIndices":[0],
"predicateOccurrenceInClause":[13],
"predicateStrongConnectedComponent":[1],
"predicateArgumentEdges":[[0,1],[0,2],[0,3]],
"predicateInstanceEdges":[[0,20],[0,41],[0,67],[0,96],[0,118],[0,141],[0,164],[0,194],[0,224],[0,255],[0,380],[384,0],[4,399],[400,0]],
"argumentInstanceEdges":[[1,21],[2,22],[3,23],[1,42],[2,43],[3,44],[1,68],[2,69],[3,70],[1,97],[2,98],[3,99],[1,119],[2,120],[3,121],[1,142],[2,143],[3,144],[1,165],[2,166],[3,167],[1,195],[2,196],[3,197],[1,225],[2,226],[3,227],[1,256],[2,257],[3,258],[1,381],[2,382],[3,383],[1,385],[2,386],[3,387],[1,401],[2,403],[3,405]],
"controlHeadEdges":[[5,20],[24,41],[45,67],[71,96],[100,118],[122,141],[145,164],[168,194],[198,224],[228,255],[259,380],[389,399]],
"controlBodyEdges":[[384,259],[400,389]],
"controlEdges":[],
"controlArgumentEdges":[[20,21],[20,22],[20,23],[41,42],[41,43],[41,44],[67,68],[67,69],[67,70],[96,97],[96,98],[96,99],[118,119],[118,120],[118,121],[141,142],[141,143],[141,144],[164,165],[164,166],[164,167],[194,195],[194,196],[194,197],[224,225],[224,226],[224,227],[255,256],[255,257],[255,258],[380,381],[380,382],[380,383],[385,384],[386,384],[387,384],[401,400],[403,400],[405,400]],
"subTermEdges":[[7,6],[8,6],[6,9],[11,10],[8,10],[10,12],[14,13],[8,13],[16,15],[17,15],[19,18],[8,18],[26,25],[8,25],[25,27],[29,28],[8,28],[28,30],[8,31],[32,31],[32,33],[34,33],[36,35],[8,35],[38,37],[8,37],[40,39],[8,39],[47,46],[8,46],[46,48],[50,49],[8,49],[49,51],[53,52],[8,52],[52,54],[56,55],[8,55],[55,57],[59,58],[8,58],[58,60],[62,61],[8,61],[64,63],[17,63],[66,65],[8,65],[73,72],[8,72],[72,74],[76,75],[8,75],[75,77],[79,78],[8,78],[78,80],[82,81],[8,81],[81,83],[85,84],[8,84],[84,86],[8,87],[88,87],[88,89],[34,89],[91,90],[8,90],[93,92],[8,92],[95,94],[8,94],[102,101],[8,101],[101,103],[105,104],[8,104],[104,106],[108,107],[8,107],[107,109],[111,110],[8,110],[110,112],[114,113],[115,113],[117,116],[8,116],[124,123],[8,123],[123,125],[127,126],[8,126],[126,128],[130,129],[8,129],[129,131],[133,132],[134,132],[134,135],[136,135],[138,137],[8,137],[140,139],[8,139],[147,146],[8,146],[146,148],[150,149],[8,149],[149,151],[153,152],[8,152],[152,154],[156,155],[157,155],[159,158],[8,158],[161,160],[8,160],[163,162],[8,162],[170,169],[8,169],[169,171],[173,172],[8,172],[172,174],[176,175],[8,175],[175,177],[179,178],[8,178],[178,180],[182,181],[8,181],[181,183],[185,184],[8,184],[184,186],[188,187],[8,187],[187,189],[191,190],[115,190],[193,192],[8,192],[200,199],[8,199],[199,201],[203,202],[8,202],[202,204],[206,205],[8,205],[205,207],[209,208],[8,208],[208,210],[212,211],[8,211],[211,213],[215,214],[8,214],[214,216],[133,217],[218,217],[218,219],[136,219],[221,220],[8,220],[223,222],[8,222],[230,229],[8,229],[229,231],[233,232],[8,232],[232,234],[236,235],[8,235],[235,237],[239,238],[8,238],[238,240],[242,241],[8,241],[241,243],[245,244],[8,244],[244,246],[156,247],[248,247],[250,249],[8,249],[252,251],[8,251],[254,253],[8,253],[261,260],[8,260],[260,262],[264,263],[8,263],[263,265],[262,266],[265,266],[263,267],[260,267],[266,268],[267,268],[270,269],[8,269],[269,271],[273,272],[8,272],[272,274],[271,275],[274,275],[272,276],[269,276],[275,277],[276,277],[279,278],[8,278],[278,280],[282,281],[8,281],[281,283],[280,284],[283,284],[281,285],[278,285],[284,286],[285,286],[288,287],[8,287],[290,289],[8,289],[289,291],[133,292],[293,292],[293,294],[8,294],[292,295],[294,295],[291,296],[295,296],[287,297],[296,297],[287,298],[292,299],[294,300],[299,301],[300,301],[289,302],[301,302],[298,303],[302,303],[297,304],[303,304],[306,305],[8,305],[305,307],[17,308],[309,308],[308,310],[309,311],[34,311],[311,312],[310,313],[312,313],[307,314],[313,314],[308,315],[311,315],[315,316],[305,316],[314,317],[316,317],[319,318],[8,318],[318,320],[320,321],[271,321],[269,322],[318,322],[321,323],[322,323],[325,324],[8,324],[324,326],[263,327],[283,327],[265,328],[262,328],[260,329],[263,329],[328,330],[329,330],[281,331],[330,331],[333,332],[8,332],[332,334],[334,335],[291,335],[289,336],[332,336],[335,337],[336,337],[307,338],[265,338],[291,339],[338,339],[305,340],[263,340],[340,341],[289,341],[339,342],[341,342],[283,343],[320,343],[318,344],[281,344],[343,345],[344,345],[320,346],[280,346],[278,347],[318,347],[346,348],[347,348],[8,349],[264,349],[309,350],[8,350],[349,351],[350,351],[264,352],[309,352],[293,353],[352,353],[351,354],[353,354],[8,355],[309,355],[355,356],[264,357],[358,357],[357,359],[356,360],[359,360],[293,361],[264,361],[360,362],[361,362],[355,363],[357,363],[363,364],[353,364],[362,365],[364,365],[349,366],[350,367],[366,368],[367,368],[365,369],[368,369],[283,370],[263,370],[264,371],[319,371],[281,372],[371,372],[374,373],[8,373],[373,375],[282,376],[377,376],[273,378],[377,378],[377,379],[391,390],[8,390],[390,392],[394,393],[395,393],[397,396],[395,396],[395,398]],
"guardEdges":[[9,5],[12,5],[13,5],[15,5],[18,5],[27,24],[30,24],[31,24],[33,24],[35,24],[37,24],[39,24],[48,45],[51,45],[54,45],[57,45],[60,45],[61,45],[63,45],[65,45],[74,71],[77,71],[80,71],[83,71],[86,71],[87,71],[89,71],[90,71],[92,71],[94,71],[103,100],[106,100],[109,100],[112,100],[113,100],[116,100],[125,122],[128,122],[131,122],[132,122],[135,122],[137,122],[139,122],[148,145],[151,145],[154,145],[155,145],[158,145],[160,145],[162,145],[171,168],[174,168],[177,168],[180,168],[183,168],[186,168],[189,168],[190,168],[192,168],[201,198],[204,198],[207,198],[210,198],[213,198],[216,198],[217,198],[219,198],[220,198],[222,198],[231,228],[234,228],[237,228],[240,228],[243,228],[246,228],[247,228],[249,228],[251,228],[253,228],[268,259],[277,259],[286,259],[304,259],[317,259],[323,259],[326,259],[327,259],[331,259],[337,259],[342,259],[345,259],[348,259],[345,259],[354,259],[369,259],[370,259],[372,259],[375,259],[376,259],[378,259],[379,259],[392,389],[393,389],[396,389],[398,389]],
"dataEdges":[[21,16],[22,14],[23,19],[42,38],[43,36],[44,40],[68,64],[69,62],[70,66],[97,93],[98,91],[99,95],[119,114],[120,117],[121,111],[142,134],[143,138],[144,140],[165,161],[166,159],[167,163],[195,191],[196,193],[197,182],[225,218],[226,221],[227,223],[256,252],[257,250],[258,254],[381,293],[382,333],[383,288],[319,385],[264,386],[388,387],[402,401],[404,403],[391,405]],
"predicateInstanceHeadEdges":[],
"predicateInstanceBodyEdges":[],
"controlArgumentHeadEdges":[],
"controlArgumentBodyEdges":[],
"guardConstantEdges":[],
"guardOperatorEdges":[],
"guardScEdges":[],
"dataConstantEdges":[],
"dataOperatorEdges":[],
"dataScEdges":[],
"subTermConstantOperatorEdges":[],
"subTermOperatorOperatorEdges":[],
"subTermScOperatorEdges":[],
"dummyFiled":[]
}