{
"nodeIds":[0,1,2,3,4,5,6,7,8,9,10,11,12,13,14,15,16,17,18,19,20,21,22,23,24,25,26,27,28,29,30,31,32,33,34,35,36,37,38,39,40,41,42,43,44,45,46],
"nodeSymbolList":["predicateName_0","predicateArgument_0","predicateArgument_1","FALSE","clause_0","=","symbolicConstant_0","0","clauseHead_0","clauseArgument_0","symbolicConstant_1","clauseArgument_1","clause_1",">=","symbolicConstant_2","99","!","+","symbolicConstant_3","symbolicConstant_4","=","clauseHead_1","clauseArgument_2","clauseArgument_3","clauseBody_0","clauseArgument_4","clauseArgument_5","clause_2","+","symbolicConstant_5","symbolicConstant_6","=","symbolicConstant_7","=","symbolicConstant_8","!","=","symbolicConstant_9","!","=","symbolicConstant_10","!",">=","clauseHead_2","clauseBody_1","clauseArgument_6","clauseArgument_7"],
"falseIndices":[3],
"initialIndices":[],
"argumentIndices":[1,2],
"argumentBoundList":[["None","None"],["None","None"]],
"argumentBinaryOccurrenceList":[0,0],
"argumentOccurrence":[0,0],
"templateIndices":[],
"templateRelevanceLabel":[],
"templateCostLabel":[],
"clauseIndices":[4,12,27],
"guardIndices":[],
"clauseBinaryOccurrenceInCounterExampleList":[1,0,1],
"predictedLabel":[],
"controlLocationIndices":[],
"binaryAdjacentList":[[0,1],[0,2],[0,8],[0,21],[1,9],[1,22],[1,25],[1,45],[2,11],[2,23],[2,26],[2,46],[3,43],[4,8],[5,4],[6,5],[7,5],[7,33],[7,36],[7,39],[8,9],[8,11],[9,10],[11,6],[12,21],[13,16],[14,13],[14,20],[15,13],[15,42],[16,12],[17,20],[18,17],[18,25],[19,17],[19,26],[20,12],[21,22],[21,23],[22,18],[23,14],[24,0],[24,12],[25,24],[26,24],[27,43],[28,31],[29,28],[29,46],[30,28],[30,45],[31,27],[32,31],[32,42],[33,35],[34,33],[35,27],[36,38],[37,36],[38,27],[39,41],[40,39],[41,27],[42,27],[44,0],[44,27],[45,44],[46,44]],
"ternaryAdjacencyList":[],
"unknownEdges":[],
"argumentIDList":[0,1],
"argumentNameList":["main_1_1:argument0","main_1_1:argument1"],
"predicateIndices":[0],
"predicateOccurrenceInClause":[4],
"predicateStrongConnectedComponent":[1],
"predicateArgumentEdges":[[0,1],[0,2]],
"predicateInstanceEdges":[[0,8],[0,21],[24,0],[3,43],[44,0]],
"argumentInstanceEdges":[[1,9],[2,11],[1,22],[2,23],[1,25],[2,26],[1,45],[2,46]],
"controlHeadEdges":[[4,8],[12,21],[27,43]],
"controlBodyEdges":[[24,12],[44,27]],
"controlEdges":[],
"controlArgumentEdges":[[8,9],[8,11],[21,22],[21,23],[25,24],[26,24],[45,44],[46,44]],
"subTermEdges":[[6,5],[7,5],[14,13],[15,13],[13,16],[18,17],[19,17],[14,20],[17,20],[29,28],[30,28],[28,31],[32,31],[34,33],[7,33],[33,35],[37,36],[7,36],[36,38],[40,39],[7,39],[39,41],[32,42],[15,42]],
"guardEdges":[[5,4],[16,12],[20,12],[31,27],[35,27],[38,27],[41,27],[42,27]],
"dataEdges":[[9,10],[11,6],[22,18],[23,14],[18,25],[19,26],[30,45],[29,46]],
"predicateInstanceHeadEdges":[],
"predicateInstanceBodyEdges":[],
"controlArgumentHeadEdges":[],
"controlArgumentBodyEdges":[],
"guardConstantEdges":[],
"guardOperatorEdges":[],
"guardScEdges":[],
"dataConstantEdges":[],
"dataOperatorEdges":[],
"dataScEdges":[],
"subTermConstantOperatorEdges":[],
"subTermOperatorOperatorEdges":[],
"subTermScOperatorEdges":[],
"dummyFiled":[]
}