{
"nodeIds":[0,1,2,3,4,5,6,7,8,9,10,11,12,13,14,15,16,17,18,19,20,21,22,23,24,25,26,27,28,29,30,31,32,33,34,35,36,37,38,39,40,41,42,43,44,45,46,47,48,49,50,51,52,53,54,55,56],
"nodeSymbolList":["dummy","Initial","CONTROL_0","predicateArgument_0","predicateArgument_1","predicateArgument_2","predicateArgument_3","0","-","+",">=","1","guard_0","CONTROL_1","true","guard_1","CONTROL_2","predicateArgument_4","predicateArgument_5","predicateArgument_6","predicateArgument_7","+","+",">=","-","+",">=","guard_2","guard_3","CONTROL_3","predicateArgument_8","predicateArgument_9","predicateArgument_10","predicateArgument_11","+","+","-","+",">=","-","+",">=","-1","guard_4","guard_5",">=",">=","guard_6","-","+",">=","-","+",">=","guard_7","FALSE","guard_8"],
"falseIndices":[55],
"initialIndices":[1],
"argumentIndices":[3,4,5,6,17,18,19,20,30,31,32,33],
"argumentBoundList":[["None","None"],["None","None"],["None","None"],["None","None"],["None","None"],["None","None"],["None","None"],["None","None"],["None","None"],["None","None"],["None","None"],["None","None"]],
"argumentBinaryOccurrenceList":[0,0,0,0,0,0,0,0,0,0,0,0],
"argumentOccurrence":[0,0,0,0,0,0,0,0,0,0,0,0],
"templateIndices":[],
"templateRelevanceLabel":[],
"templateCostLabel":[],
"clauseIndices":[],
"guardIndices":[12,15,27,28,43,44,47,54,56],
"clauseBinaryOccurrenceInCounterExampleList":[0,0,0,0,0,0,0,0,1],
"predictedLabel":[],
"controlLocationIndices":[2,13,16,29],
"binaryAdjacentList":[[2,2],[3,2],[3,8],[3,23],[3,24],[3,36],[3,40],[3,45],[3,46],[3,48],[3,52],[4,2],[4,23],[4,39],[4,46],[4,49],[5,2],[6,2],[6,9],[6,25],[6,37],[6,45],[6,51],[8,9],[9,10],[10,12],[11,10],[11,21],[11,22],[11,26],[11,34],[11,35],[11,38],[11,50],[14,15],[14,28],[14,44],[14,56],[16,16],[17,16],[17,21],[18,16],[19,16],[19,22],[20,16],[23,27],[24,25],[25,26],[26,27],[29,29],[30,29],[31,29],[31,34],[32,29],[32,35],[33,29],[36,37],[37,38],[38,43],[39,40],[40,41],[41,43],[42,41],[42,53],[45,47],[46,47],[48,49],[49,50],[50,54],[51,52],[52,53],[53,54]],
"ternaryAdjacencyList":[[1,12,2],[7,12,5],[1,15,13],[16,27,2],[21,27,3],[18,27,4],[22,27,5],[20,27,6],[2,28,16],[3,28,17],[4,28,18],[5,28,19],[6,28,20],[29,43,2],[30,43,3],[34,43,4],[35,43,5],[33,43,6],[2,44,29],[3,44,30],[4,44,31],[5,44,32],[6,44,33],[2,47,13],[2,54,13],[13,56,55]],
"unknownEdges":[],
"argumentIDList":[0,1,2,3,4,5,6,7,8,9,10,11],
"argumentNameList":["main_1_1:argument0","main_1_1:argument1","main_1_1:argument2","main_1_1:argument3","main_1_1_2_1:argument0","main_1_1_2_1:argument1","main_1_1_2_1:argument2","main_1_1_2_1:argument3","main_1_1_3_1:argument0","main_1_1_3_1:argument1","main_1_1_3_1:argument2","main_1_1_3_1:argument3"],
"predicateIndices":[2,13,16,29],
"predicateOccurrenceInClause":[7,4,2,2],
"predicateStrongConnectedComponent":[1,0,1,1],
"argumentEdges":[[3,2],[4,2],[5,2],[6,2],[17,16],[18,16],[19,16],[20,16],[30,29],[31,29],[32,29],[33,29]],
"guardASTEdges":[[10,12],[14,15],[23,27],[26,27],[14,28],[38,43],[41,43],[14,44],[45,47],[46,47],[50,54],[53,54],[14,56]],
"ASTEdges":[],
"AST_1Edges":[[3,8],[8,9],[9,10],[11,21],[11,22],[4,23],[3,24],[24,25],[25,26],[11,34],[11,35],[3,36],[36,37],[37,38],[3,40],[40,41],[3,45],[3,46],[3,48],[48,49],[49,50],[3,52],[52,53]],
"AST_2Edges":[[6,9],[11,10],[17,21],[19,22],[3,23],[6,25],[11,26],[31,34],[32,35],[6,37],[11,38],[4,39],[39,40],[42,41],[6,45],[4,46],[4,49],[11,50],[6,51],[51,52],[42,53]],
"templateASTEdges":[],
"templateEdges":[],
"verifHintTplPredEdges":[],
"verifHintTplPredPosNegEdges":[],
"verifHintTplEqTermEdges":[],
"verifHintTplInEqTermEdges":[],
"verifHintTplInEqTermPosNegEdges":[],
"dataFlowASTEdges":[],
"controlFlowHyperEdges":[[1,12,2],[1,15,13],[16,27,2],[2,28,16],[29,43,2],[2,44,29],[2,47,13],[2,54,13],[13,56,55]],
"dataFlowHyperEdges":[[7,12,5],[21,27,3],[18,27,4],[22,27,5],[20,27,6],[3,28,17],[4,28,18],[5,28,19],[6,28,20],[30,43,3],[34,43,4],[35,43,5],[33,43,6],[3,44,30],[4,44,31],[5,44,32],[6,44,33]],
"controlLocationEdgeForSCC":[],
"predicateTransitiveEdges":[[2,2],[16,16],[29,29]],
"dummyFiled":[]
}