{
"nodeIds":[0,1,2,3,4,5,6,7,8,9,10,11],
"nodeSymbolList":["Initial","CONTROL_0","predicateArgument_0","predicateArgument_1","2","1","true","guard_0","guard_1","FALSE","false","guard_2"],
"falseIndices":[9],
"initialIndices":[0],
"argumentIndices":[2,3],
"argumentBoundList":[[1,1],[1,1]],
"argumentBinaryOccurrenceList":[0,0],
"argumentOccurrence":[0,0],
"templateIndices":[],
"templateRelevanceLabel":[],
"templateCostLabel":[],
"clauseIndices":[],
"guardIndices":[7,8,11],
"clauseBinaryOccurrenceInCounterExampleList":[0,0,0],
"controlLocationIndices":[1],
"binaryAdjacentList":[[2,1],[3,1],[6,7],[6,8],[10,11]],
"ternaryAdjacencyList":[[0,7,1],[4,7,2],[5,7,3],[0,8,1],[4,8,2],[5,8,3],[1,11,9]],
"unknownEdges":[],
"argumentIDList":[0,1],
"argumentNameList":["predh136_11:argument0","predh136_11:argument1"],
"predicateIndices":[1],
"predicateOccurrenceInClause":[3],
"predicateStrongConnectedComponent":[0],
"argumentEdges":[[2,1],[3,1]],
"guardASTEdges":[[6,7],[6,8],[10,11]],
"ASTEdges":[],
"AST_1Edges":[],
"AST_2Edges":[],
"templateASTEdges":[],
"templateEdges":[],
"verifHintTplPredEdges":[],
"verifHintTplPredPosNegEdges":[],
"verifHintTplEqTermEdges":[],
"verifHintTplInEqTermEdges":[],
"verifHintTplInEqTermPosNegEdges":[],
"dataFlowASTEdges":[],
"controlFlowHyperEdges":[[0,7,1],[0,8,1],[1,11,9]],
"dataFlowHyperEdges":[[4,7,2],[5,7,3],[4,8,2],[5,8,3]],
"controlLocationEdgeForSCC":[],
"predicateTransitiveEdges":[],
"dummyFiled":[]
}