{
"nodeIds":[0,1,2,3,4,5,6,7,8,9,10,11,12,13,14,15,16,17,18,19,20,21,22,23,24,25,26,27,28,29,30,31,32,33,34,35,36,37,38,39,40,41,42,43,44,45,46,47,48,49,50,51,52,53,54,55,56,57,58,59,60,61,62,63,64,65,66,67,68,69,70,71,72,73,74,75,76,77,78,79,80,81,82,83,84,85,86,87,88,89,90,91,92,93,94,95,96,97,98,99,100,101,102,103,104,105,106,107],
"nodeSymbolList":["predicateName_0","predicateArgument_0","predicateArgument_1","FALSE","clause_0","true","clauseHead_0","clauseArgument_0","symbolicConstant_0","clauseArgument_1","symbolicConstant_1","clause_1","=","symbolicConstant_2","0","!","=","symbolicConstant_3","!",">=","symbolicConstant_4","100","+","symbolicConstant_5","1",">=","99","clauseHead_1","clauseArgument_2","clauseArgument_3","clauseBody_0","clauseArgument_4","clauseArgument_5","+","clause_2","=","symbolicConstant_6","!",">=","symbolicConstant_7","101","+","symbolicConstant_8","-1",">=","clauseHead_2","clauseArgument_6","clauseArgument_7","clauseBody_1","clauseArgument_8","clauseArgument_9","clause_3","=","symbolicConstant_9","!","=","symbolicConstant_10","!","=","symbolicConstant_11","!",">=","symbolicConstant_12",">=","symbolicConstant_13","clauseHead_3","clauseBody_2","clauseArgument_10","clauseArgument_11","clause_4","=","symbolicConstant_14","!","=","symbolicConstant_15","!","=","symbolicConstant_16","!",">=","symbolicConstant_17",">=","symbolicConstant_18","clauseHead_4","clauseBody_3","clauseArgument_12","clauseArgument_13","clause_5","=","symbolicConstant_19","!","=","symbolicConstant_20","!","=","symbolicConstant_21","!","=","symbolicConstant_22","!",">=","symbolicConstant_23",">=","symbolicConstant_24","clauseHead_5","clauseBody_4","clauseArgument_14","clauseArgument_15"],
"falseIndices":[3],
"initialIndices":[],
"argumentIndices":[1,2],
"argumentBoundList":[["None","None"],["None","None"]],
"argumentBinaryOccurrenceList":[0,0],
"argumentOccurrence":[0,0],
"templateIndices":[],
"templateRelevanceLabel":[],
"templateCostLabel":[],
"clauseIndices":[4,11,34,51,69,87],
"guardIndices":[],
"clauseBinaryOccurrenceInCounterExampleList":[1,0,0,1,1,1],
"predictedLabel":[],
"controlLocationIndices":[],
"binaryAdjacentList":[[0,1],[0,2],[0,6],[0,27],[0,45],[1,7],[1,28],[1,31],[1,46],[1,49],[1,67],[1,85],[1,106],[2,9],[2,29],[2,32],[2,47],[2,50],[2,68],[2,86],[2,107],[3,65],[3,83],[3,104],[4,6],[5,4],[6,7],[6,9],[7,8],[9,10],[11,27],[12,15],[13,12],[14,12],[14,16],[14,35],[14,52],[14,55],[14,58],[14,70],[14,73],[14,76],[14,88],[14,91],[14,94],[14,97],[15,11],[16,18],[17,16],[18,11],[19,11],[20,19],[20,33],[21,19],[21,63],[21,79],[21,100],[21,102],[22,25],[22,31],[23,22],[24,22],[24,33],[25,11],[26,25],[26,44],[26,81],[27,28],[27,29],[28,23],[29,20],[30,0],[30,11],[31,30],[32,30],[33,32],[34,45],[35,37],[36,35],[37,34],[38,34],[39,38],[39,50],[40,38],[40,61],[41,44],[41,49],[42,41],[43,41],[44,34],[45,46],[45,47],[46,42],[47,39],[48,0],[48,34],[49,48],[50,48],[51,65],[52,54],[53,52],[54,51],[55,57],[56,55],[57,51],[58,60],[59,58],[60,51],[61,51],[62,61],[62,68],[63,51],[64,63],[64,67],[66,0],[66,51],[67,66],[68,66],[69,83],[70,72],[71,70],[72,69],[73,75],[74,73],[75,69],[76,78],[77,76],[78,69],[79,69],[80,79],[80,86],[81,69],[82,81],[82,85],[84,0],[84,69],[85,84],[86,84],[87,104],[88,90],[89,88],[90,87],[91,93],[92,91],[93,87],[94,96],[95,94],[96,87],[97,99],[98,97],[99,87],[100,87],[101,100],[101,107],[102,87],[103,102],[103,106],[105,0],[105,87],[106,105],[107,105]],
"ternaryAdjacencyList":[],
"unknownEdges":[],
"argumentIDList":[0,1],
"argumentNameList":["main@_bb:argument0","main@_bb:argument1"],
"predicateIndices":[0],
"predicateOccurrenceInClause":[8],
"predicateStrongConnectedComponent":[1],
"predicateArgumentEdges":[[0,1],[0,2]],
"predicateInstanceEdges":[[0,6],[0,27],[30,0],[0,45],[48,0],[3,65],[66,0],[3,83],[84,0],[3,104],[105,0]],
"argumentInstanceEdges":[[1,7],[2,9],[1,28],[2,29],[1,31],[2,32],[1,46],[2,47],[1,49],[2,50],[1,67],[2,68],[1,85],[2,86],[1,106],[2,107]],
"controlHeadEdges":[[4,6],[11,27],[34,45],[51,65],[69,83],[87,104]],
"controlBodyEdges":[[30,11],[48,34],[66,51],[84,69],[105,87]],
"controlEdges":[],
"controlArgumentEdges":[[6,7],[6,9],[27,28],[27,29],[31,30],[32,30],[45,46],[45,47],[49,48],[50,48],[67,66],[68,66],[85,84],[86,84],[106,105],[107,105]],
"subTermEdges":[[13,12],[14,12],[12,15],[17,16],[14,16],[16,18],[20,19],[21,19],[23,22],[24,22],[26,25],[22,25],[20,33],[24,33],[36,35],[14,35],[35,37],[39,38],[40,38],[42,41],[43,41],[26,44],[41,44],[53,52],[14,52],[52,54],[56,55],[14,55],[55,57],[59,58],[14,58],[58,60],[62,61],[40,61],[64,63],[21,63],[71,70],[14,70],[70,72],[74,73],[14,73],[73,75],[77,76],[14,76],[76,78],[21,79],[80,79],[26,81],[82,81],[89,88],[14,88],[88,90],[92,91],[14,91],[91,93],[95,94],[14,94],[94,96],[98,97],[14,97],[97,99],[21,100],[101,100],[103,102],[21,102]],
"guardEdges":[[5,4],[15,11],[18,11],[19,11],[25,11],[37,34],[38,34],[44,34],[54,51],[57,51],[60,51],[61,51],[63,51],[72,69],[75,69],[78,69],[79,69],[81,69],[90,87],[93,87],[96,87],[99,87],[100,87],[102,87]],
"dataEdges":[[7,8],[9,10],[28,23],[29,20],[22,31],[33,32],[46,42],[47,39],[41,49],[39,50],[64,67],[62,68],[82,85],[80,86],[103,106],[101,107]],
"predicateInstanceHeadEdges":[],
"predicateInstanceBodyEdges":[],
"controlArgumentHeadEdges":[],
"controlArgumentBodyEdges":[],
"guardConstantEdges":[],
"guardOperatorEdges":[],
"guardScEdges":[],
"dataConstantEdges":[],
"dataOperatorEdges":[],
"dataScEdges":[],
"subTermConstantOperatorEdges":[],
"subTermOperatorOperatorEdges":[],
"subTermScOperatorEdges":[],
"dummyFiled":[]
}