{
"nodeIds":[0,1,2,3,4,5,6,7,8,9,10,11,12,13,14,15,16,17,18,19,20,21,22,23,24,25,26,27,28,29,30,31,32,33,34,35,36,37,38,39,40,41,42,43,44,45,46,47,48,49,50,51,52,53],
"nodeSymbolList":["predicateName_0","predicateArgument_0","FALSE","clause_0","=","symbolicConstant_0","0","clauseHead_0","clauseArgument_0","clause_1","+","symbolicConstant_1","-1","=","4","!","=","symbolicConstant_2","!","clauseHead_1","clauseArgument_1","clauseBody_0","clauseArgument_2","clause_2","=","symbolicConstant_3","1","clauseHead_2","clauseArgument_3","clauseBody_1","clauseArgument_4","clause_3","=","symbolicConstant_4","!","=","symbolicConstant_5","!","=","symbolicConstant_6","!","=","symbolicConstant_7","!","=","symbolicConstant_8","!","+","symbolicConstant_9",">=","6","clauseHead_3","clauseBody_2","clauseArgument_5"],
"falseIndices":[2],
"initialIndices":[],
"argumentIndices":[1],
"argumentBoundList":[[1,1]],
"argumentBinaryOccurrenceList":[0],
"argumentOccurrence":[0],
"templateIndices":[],
"templateRelevanceLabel":[],
"templateCostLabel":[],
"clauseIndices":[3,9,23,31],
"guardIndices":[],
"clauseBinaryOccurrenceInCounterExampleList":[0,0,0,0],
"predictedLabel":[],
"controlLocationIndices":[],
"binaryAdjacentList":[[0,1],[0,7],[0,19],[0,27],[1,8],[1,20],[1,22],[1,28],[1,30],[1,53],[2,51],[3,7],[4,3],[5,4],[6,4],[6,16],[6,32],[6,35],[6,38],[6,41],[6,44],[7,8],[8,5],[9,19],[10,13],[10,22],[11,10],[12,10],[13,15],[14,13],[14,30],[15,9],[16,18],[17,16],[18,9],[19,20],[20,11],[21,0],[21,9],[22,21],[23,27],[24,23],[25,24],[26,24],[26,47],[27,28],[28,25],[29,0],[29,23],[30,29],[31,51],[32,34],[33,32],[34,31],[35,37],[36,35],[37,31],[38,40],[39,38],[40,31],[41,43],[42,41],[43,31],[44,46],[45,44],[46,31],[47,49],[48,47],[48,53],[49,31],[50,49],[52,0],[52,31],[53,52]],
"ternaryAdjacencyList":[],
"unknownEdges":[],
"argumentIDList":[0],
"argumentNameList":["main_1_1:argument0"],
"predicateIndices":[0],
"predicateOccurrenceInClause":[6],
"predicateStrongConnectedComponent":[1],
"predicateArgumentEdges":[[0,1]],
"predicateInstanceEdges":[[0,7],[0,19],[21,0],[0,27],[29,0],[2,51],[52,0]],
"argumentInstanceEdges":[[1,8],[1,20],[1,22],[1,28],[1,30],[1,53]],
"controlHeadEdges":[[3,7],[9,19],[23,27],[31,51]],
"controlBodyEdges":[[21,9],[29,23],[52,31]],
"controlEdges":[],
"controlArgumentEdges":[[7,8],[19,20],[22,21],[27,28],[30,29],[53,52]],
"subTermEdges":[[5,4],[6,4],[11,10],[12,10],[10,13],[14,13],[13,15],[17,16],[6,16],[16,18],[25,24],[26,24],[33,32],[6,32],[32,34],[36,35],[6,35],[35,37],[39,38],[6,38],[38,40],[42,41],[6,41],[41,43],[45,44],[6,44],[44,46],[48,47],[26,47],[47,49],[50,49]],
"guardEdges":[[4,3],[15,9],[18,9],[24,23],[34,31],[37,31],[40,31],[43,31],[46,31],[49,31]],
"dataEdges":[[8,5],[20,11],[10,22],[28,25],[14,30],[48,53]],
"predicateInstanceHeadEdges":[],
"predicateInstanceBodyEdges":[],
"controlArgumentHeadEdges":[],
"controlArgumentBodyEdges":[],
"guardConstantEdges":[],
"guardOperatorEdges":[],
"guardScEdges":[],
"dataConstantEdges":[],
"dataOperatorEdges":[],
"dataScEdges":[],
"subTermConstantOperatorEdges":[],
"subTermOperatorOperatorEdges":[],
"subTermScOperatorEdges":[],
"dummyFiled":[]
}