{
"nodeIds":[0,1,2,3,4,5,6,7,8,9,10,11,12,13,14,15,16,17,18,19,20,21,22,23,24,25,26,27,28,29,30,31,32,33,34,35,36,37,38,39,40,41,42,43,44,45,46,47,48,49,50,51,52,53,54,55,56,57,58,59,60,61,62,63,64,65,66,67,68,69,70,71,72,73,74,75,76,77,78,79,80,81,82,83,84,85,86,87,88,89,90,91,92,93,94,95,96,97,98,99,100,101,102,103,104,105,106,107,108,109,110,111,112,113,114,115,116,117,118,119,120,121,122,123,124,125,126,127,128,129,130,131,132,133,134,135,136,137,138,139,140,141,142,143,144,145,146,147,148,149,150,151,152,153,154,155,156,157,158,159,160,161,162,163,164,165,166,167,168,169,170,171,172,173,174,175,176,177,178,179,180,181,182,183,184,185,186,187,188,189,190,191,192,193,194,195,196,197,198,199,200,201,202,203,204,205,206,207,208,209,210,211,212,213,214,215,216,217,218,219,220,221,222,223,224,225,226,227,228,229,230,231,232,233,234,235,236,237,238,239,240,241,242,243,244,245,246,247,248,249,250,251,252,253,254,255,256,257,258,259,260,261,262,263,264,265,266,267,268,269,270,271,272,273,274,275,276,277,278,279,280,281,282,283],
"nodeSymbolList":["dummy","Initial","CONTROL_0","predicateArgument_0","predicateArgument_1","predicateArgument_2","predicateArgument_3","predicateArgument_4","CONTROL_1","predicateArgument_5","predicateArgument_6","predicateArgument_7","predicateArgument_8","=","0","!","=","!","guard_0","CONTROL_2","predicateArgument_9","predicateArgument_10","predicateArgument_11","-","+",">=","2","=","guard_1","true","guard_2","guard_3","guard_4","=","!","=","!","guard_5","CONTROL_3","predicateArgument_12","predicateArgument_13","predicateArgument_14","predicateArgument_15","predicateArgument_16","predicateArgument_17","CONTROL_4","predicateArgument_18","predicateArgument_19","predicateArgument_20","predicateArgument_21","predicateArgument_22","predicateArgument_23","=","guard_6","-","+",">=","guard_7","=","=","guard_8","CONTROL_5","predicateArgument_24","predicateArgument_25","predicateArgument_26","predicateArgument_27","predicateArgument_28","predicateArgument_29","=","!","guard_9","-","+",">=","=","guard_10","guard_11","CONTROL_6","predicateArgument_30","predicateArgument_31","predicateArgument_32","predicateArgument_33","predicateArgument_34","predicateArgument_35","predicateArgument_36","=","=","guard_12","-","-","1","=","!","-","+",">=","guard_13","CONTROL_7","predicateArgument_37","predicateArgument_38","predicateArgument_39","predicateArgument_40","predicateArgument_41","predicateArgument_42","predicateArgument_43","=","=","guard_14","-","-","=","!","-","+",">=","guard_15","CONTROL_8","predicateArgument_44","predicateArgument_45","predicateArgument_46","predicateArgument_47","predicateArgument_48","predicateArgument_49","predicateArgument_50","predicateArgument_51","CONTROL_9","predicateArgument_52","predicateArgument_53","predicateArgument_54","predicateArgument_55","predicateArgument_56","predicateArgument_57","predicateArgument_58","=","!","=","!","=","259","=","guard_16","CONTROL_10","predicateArgument_59","predicateArgument_60","predicateArgument_61","predicateArgument_62","predicateArgument_63","predicateArgument_64","predicateArgument_65","-","+",">=","=","=","=","=","guard_17","-","-","=","!","=","!","=","guard_18","guard_19","=","!","=","=","guard_20","=","!","=","=","=","guard_21","CONTROL_11","predicateArgument_66","predicateArgument_67","predicateArgument_68","predicateArgument_69","predicateArgument_70","predicateArgument_71","predicateArgument_72","=","!","=","!","=","=","=","=","guard_22","CONTROL_12","predicateArgument_73","predicateArgument_74","predicateArgument_75","predicateArgument_76","predicateArgument_77","predicateArgument_78","predicateArgument_79","-","+",">=","=","=","=","=","guard_23","-","-","=","!","=","!","=","guard_24","guard_25","=","!","=","=","guard_26","CONTROL_13","predicateArgument_80","predicateArgument_81","predicateArgument_82","predicateArgument_83","predicateArgument_84","predicateArgument_85","predicateArgument_86","-","-","=","guard_27","-","-","=","!","=","!","=","!","-","+",">=","5","=","guard_28","=","guard_29","=","guard_30","-","-","=","!","=","guard_31","=","guard_32","-","-","-","-","=","!","=","!","=","!","guard_33","FALSE","=","!","=",">=","7048","=","=","=","=","guard_34"],
"falseIndices":[273],
"initialIndices":[1],
"argumentIndices":[3,4,5,6,7,9,10,11,12,20,21,22,39,40,41,42,43,44,46,47,48,49,50,51,62,63,64,65,66,67,78,79,80,81,82,83,84,98,99,100,101,102,103,104,117,118,119,120,121,122,123,124,126,127,128,129,130,131,132,142,143,144,145,146,147,148,178,179,180,181,182,183,184,195,196,197,198,199,200,201,225,226,227,228,229,230,231],
"argumentBoundList":[[0,0],[0,0],[0,0],[0,0],[0,0],[0,0],[0,0],[0,0],[0,0],[0,0],[0,0],[0,0],[0,0],[0,0],[0,0],[0,0],[0,0],[0,0],[0,0],[0,0],[0,0],[0,0],[0,0],[0,0],[0,0],[0,0],[0,0],[0,0],[0,0],[0,0],[0,0],[0,0],[0,0],[0,0],[0,0],[0,0],[0,0],[0,0],[0,0],[0,0],[0,0],[0,0],[0,0],[0,0],[0,0],[0,0],[0,0],[0,0],[0,0],[0,0],[0,0],[0,0],[0,0],[0,0],[0,0],[0,0],[0,0],[0,0],[0,0],[0,0],[0,0],[0,0],[0,0],[0,0],[0,0],[0,0],[0,0],[0,0],[0,0],[0,0],[0,0],[0,0],[0,0],[0,0],[0,0],[0,0],[0,0],[0,0],[0,0],[0,0],[0,0],[0,0],[0,0],[0,0],[0,0],[0,0],[0,0]],
"argumentBinaryOccurrenceList":[0,0,0,0,0,0,0,0,0,0,0,0,0,0,0,0,0,0,0,0,0,0,0,0,0,0,0,0,0,0,0,0,0,0,0,0,0,0,0,0,0,0,0,0,0,0,0,0,0,0,0,0,0,0,0,0,0,0,0,0,0,0,0,0,0,0,0,0,0,0,0,0,0,0,0,0,0,0,0,0,0,0,0,0,0,0,0],
"argumentOccurrence":[0,0,0,0,0,0,0,0,0,0,0,0,0,0,0,0,0,0,0,0,0,0,0,0,0,0,0,0,0,0,0,0,0,0,0,0,0,0,0,0,0,0,0,0,0,0,0,0,0,0,0,0,0,0,0,0,0,0,0,0,0,0,0,0,0,0,0,0,0,0,0,0,0,0,0,0,0,0,0,0,0,0,0,0,0,0,0],
"templateIndices":[],
"templateRelevanceLabel":[],
"templateCostLabel":[],
"clauseIndices":[],
"guardIndices":[18,28,30,31,32,37,53,57,60,70,75,76,87,96,107,115,140,156,164,165,170,176,193,209,217,218,223,235,249,251,253,259,261,272,283],
"clauseBinaryOccurrenceInCounterExampleList":[0,0,0,0,0,0,0,0,0,0,0,0,0,0,0,0,0,0,0,0,0,0,0,0,0,0,0,0,0,0,0,0,0,0,0],
"predictedLabel":[],
"controlLocationIndices":[2,8,19,38,45,61,77,97,116,125,141,177,194,224],
"binaryAdjacentList":[[3,2],[4,2],[4,13],[4,33],[4,242],[5,2],[6,2],[6,245],[7,2],[7,16],[7,35],[7,240],[9,8],[9,23],[10,8],[11,8],[12,8],[13,15],[14,13],[14,16],[14,27],[14,33],[14,35],[14,52],[14,68],[14,74],[14,91],[14,110],[14,133],[14,135],[14,161],[14,166],[14,171],[14,185],[14,187],[14,192],[14,214],[14,219],[14,238],[14,240],[14,242],[14,256],[14,266],[14,268],[14,270],[14,274],[14,279],[14,280],[14,281],[15,18],[16,17],[17,18],[20,19],[21,19],[21,27],[22,19],[22,24],[23,24],[24,25],[25,28],[26,25],[26,56],[26,73],[26,95],[26,114],[26,151],[26,204],[27,28],[29,30],[29,31],[29,32],[29,76],[29,165],[29,218],[33,34],[34,37],[35,36],[36,37],[39,38],[40,38],[41,38],[42,38],[42,68],[43,38],[44,38],[46,45],[47,45],[47,52],[48,45],[48,54],[48,59],[48,72],[49,45],[49,58],[49,74],[50,45],[50,58],[51,45],[51,55],[51,59],[52,53],[54,55],[55,56],[56,57],[58,60],[59,60],[62,61],[62,71],[63,61],[64,61],[65,61],[66,61],[67,61],[68,69],[69,70],[71,72],[72,73],[73,75],[74,75],[78,77],[78,91],[78,206],[79,77],[79,86],[79,93],[79,203],[80,77],[80,85],[81,77],[82,77],[82,208],[83,77],[83,86],[83,94],[83,205],[84,77],[84,85],[85,87],[86,87],[88,89],[90,159],[90,212],[90,276],[91,92],[92,96],[93,94],[94,95],[95,96],[98,97],[98,110],[98,153],[99,97],[99,106],[99,112],[99,150],[100,97],[100,105],[101,97],[102,97],[102,155],[103,97],[103,106],[103,113],[103,152],[104,97],[104,105],[105,107],[106,107],[108,109],[110,111],[111,115],[112,113],[113,114],[114,115],[117,116],[117,133],[117,171],[117,185],[117,189],[117,270],[118,116],[118,173],[119,116],[119,139],[119,174],[120,116],[120,175],[120,191],[121,116],[121,135],[121,187],[121,268],[122,116],[122,139],[122,174],[122,190],[123,116],[123,173],[124,116],[124,175],[124,262],[126,125],[126,166],[127,125],[127,149],[127,168],[128,125],[128,153],[129,125],[129,169],[130,125],[130,152],[130,168],[131,125],[131,169],[132,125],[132,137],[133,134],[134,140],[135,136],[136,140],[137,140],[138,137],[139,140],[142,141],[142,161],[143,141],[144,141],[145,141],[145,159],[145,163],[146,141],[147,141],[147,154],[148,141],[148,163],[149,150],[150,151],[151,156],[152,156],[153,156],[154,156],[155,156],[157,158],[159,160],[160,164],[161,162],[162,164],[163,164],[166,167],[167,170],[168,170],[169,170],[171,172],[172,176],[173,176],[174,176],[175,176],[178,177],[178,189],[178,219],[179,177],[179,191],[179,221],[180,177],[180,192],[181,177],[181,202],[181,222],[182,177],[182,190],[182,206],[183,177],[183,205],[183,222],[184,177],[184,221],[185,186],[186,193],[187,188],[188,193],[189,193],[190,193],[191,193],[192,193],[195,194],[195,214],[196,194],[197,194],[198,194],[199,194],[199,212],[199,216],[200,194],[200,216],[201,194],[201,207],[202,203],[203,204],[204,209],[205,209],[206,209],[207,209],[208,209],[210,211],[212,213],[213,217],[214,215],[215,217],[216,217],[219,220],[220,223],[221,223],[222,223],[225,224],[225,238],[225,244],[225,277],[226,224],[226,279],[227,224],[227,234],[227,248],[227,250],[227,252],[227,258],[227,260],[227,280],[228,224],[228,266],[228,276],[229,224],[229,256],[229,281],[230,224],[230,234],[230,248],[230,250],[230,252],[230,258],[230,260],[230,274],[231,224],[231,282],[232,233],[234,235],[236,237],[238,239],[239,249],[240,241],[241,249],[242,243],[243,249],[244,245],[245,246],[246,249],[247,246],[248,249],[250,251],[252,253],[254,255],[256,257],[257,259],[258,259],[260,261],[262,263],[264,265],[266,267],[267,272],[268,269],[269,272],[270,271],[271,272],[274,275],[275,283],[276,283],[277,283],[278,277],[279,283],[280,283],[281,283],[282,283]],
"ternaryAdjacencyList":[[8,18,2],[9,18,3],[10,18,5],[11,18,6],[12,18,7],[19,28,8],[20,28,11],[1,30,19],[1,31,19],[19,32,8],[22,32,9],[21,32,10],[20,32,11],[8,37,2],[9,37,3],[10,37,5],[11,37,6],[12,37,7],[45,53,38],[48,53,39],[49,53,40],[46,53,41],[14,53,42],[50,53,43],[51,53,44],[1,57,45],[14,57,50],[1,60,45],[61,70,38],[62,70,39],[63,70,40],[64,70,41],[65,70,42],[66,70,43],[67,70,44],[45,75,61],[46,75,64],[47,75,65],[50,75,66],[51,75,67],[45,76,61],[48,76,62],[49,76,63],[46,76,64],[47,76,65],[50,76,66],[51,76,67],[1,87,77],[14,87,78],[1,96,77],[89,96,82],[90,96,84],[1,107,97],[14,107,98],[1,115,97],[109,115,102],[90,115,104],[125,140,116],[126,140,117],[127,140,118],[129,140,120],[128,140,122],[130,140,123],[131,140,124],[141,156,125],[97,156,125],[142,156,126],[101,156,127],[98,156,128],[100,156,129],[103,156,130],[145,156,131],[146,156,132],[1,164,141],[158,164,147],[1,165,141],[90,165,145],[90,165,148],[1,170,125],[1,176,116],[38,193,116],[177,193,116],[178,193,117],[39,193,118],[40,193,119],[179,193,120],[182,193,122],[183,193,123],[184,193,124],[194,209,177],[77,209,177],[195,209,178],[80,209,179],[196,209,180],[81,209,181],[78,209,182],[83,209,183],[199,209,184],[1,217,194],[211,217,201],[1,218,194],[90,218,199],[90,218,200],[1,223,177],[1,235,224],[233,235,231],[2,249,224],[5,249,226],[6,249,230],[237,249,231],[1,251,224],[1,253,224],[14,253,229],[1,259,224],[255,259,231],[1,261,224],[14,261,228],[116,272,224],[118,272,225],[119,272,226],[120,272,227],[263,272,230],[265,272,231],[224,283,273]],
"unknownEdges":[],
"argumentIDList":[0,1,2,3,4,5,6,7,8,9,10,11,12,13,14,15,16,17,18,19,20,21,22,23,24,25,26,27,28,29,30,31,32,33,34,35,36,37,38,39,40,41,42,43,44,45,46,47,48,49,50,51,52,53,54,55,56,57,58,59,60,61,62,63,64,65,66,67,68,69,70,71,72,73,74,75,76,77,78,79,80,81,82,83,84,85,86],
"argumentNameList":["P!!129:argument0","P!!129:argument1","P!!129:argument2","P!!129:argument3","P!!129:argument4","P!!130:argument0","P!!130:argument1","P!!130:argument2","P!!130:argument3","P!!131:argument0","P!!131:argument1","P!!131:argument2","P!!132:argument0","P!!132:argument1","P!!132:argument2","P!!132:argument3","P!!132:argument4","P!!132:argument5","P!!133:argument0","P!!133:argument1","P!!133:argument2","P!!133:argument3","P!!133:argument4","P!!133:argument5","P!!134:argument0","P!!134:argument1","P!!134:argument2","P!!134:argument3","P!!134:argument4","P!!134:argument5","P!!135:argument0","P!!135:argument1","P!!135:argument2","P!!135:argument3","P!!135:argument4","P!!135:argument5","P!!135:argument6","P!!136:argument0","P!!136:argument1","P!!136:argument2","P!!136:argument3","P!!136:argument4","P!!136:argument5","P!!136:argument6","P!!137:argument0","P!!137:argument1","P!!137:argument2","P!!137:argument3","P!!137:argument4","P!!137:argument5","P!!137:argument6","P!!137:argument7","P!!138:argument0","P!!138:argument1","P!!138:argument2","P!!138:argument3","P!!138:argument4","P!!138:argument5","P!!138:argument6","P!!139:argument0","P!!139:argument1","P!!139:argument2","P!!139:argument3","P!!139:argument4","P!!139:argument5","P!!139:argument6","P!!140:argument0","P!!140:argument1","P!!140:argument2","P!!140:argument3","P!!140:argument4","P!!140:argument5","P!!140:argument6","P!!141:argument0","P!!141:argument1","P!!141:argument2","P!!141:argument3","P!!141:argument4","P!!141:argument5","P!!141:argument6","P!!142:argument0","P!!142:argument1","P!!142:argument2","P!!142:argument3","P!!142:argument4","P!!142:argument5","P!!142:argument6"],
"predicateIndices":[2,8,19,38,45,61,77,97,116,125,141,177,194,224],
"predicateOccurrenceInClause":[3,4,4,3,5,3,3,3,4,3,3,3,3,8],
"predicateStrongConnectedComponent":[0,0,0,0,0,0,0,0,0,0,0,0,0,0],
"argumentEdges":[[3,2],[4,2],[5,2],[6,2],[7,2],[9,8],[10,8],[11,8],[12,8],[20,19],[21,19],[22,19],[39,38],[40,38],[41,38],[42,38],[43,38],[44,38],[46,45],[47,45],[48,45],[49,45],[50,45],[51,45],[62,61],[63,61],[64,61],[65,61],[66,61],[67,61],[78,77],[79,77],[80,77],[81,77],[82,77],[83,77],[84,77],[98,97],[99,97],[100,97],[101,97],[102,97],[103,97],[104,97],[117,116],[118,116],[119,116],[120,116],[121,116],[122,116],[123,116],[124,116],[126,125],[127,125],[128,125],[129,125],[130,125],[131,125],[132,125],[142,141],[143,141],[144,141],[145,141],[146,141],[147,141],[148,141],[178,177],[179,177],[180,177],[181,177],[182,177],[183,177],[184,177],[195,194],[196,194],[197,194],[198,194],[199,194],[200,194],[201,194],[225,224],[226,224],[227,224],[228,224],[229,224],[230,224],[231,224]],
"guardASTEdges":[[15,18],[17,18],[25,28],[27,28],[29,30],[29,31],[29,32],[34,37],[36,37],[52,53],[56,57],[58,60],[59,60],[69,70],[73,75],[74,75],[29,76],[85,87],[86,87],[92,96],[95,96],[105,107],[106,107],[111,115],[114,115],[134,140],[136,140],[137,140],[139,140],[151,156],[152,156],[153,156],[154,156],[155,156],[160,164],[162,164],[163,164],[29,165],[167,170],[168,170],[169,170],[172,176],[173,176],[174,176],[175,176],[186,193],[188,193],[189,193],[190,193],[191,193],[192,193],[204,209],[205,209],[206,209],[207,209],[208,209],[213,217],[215,217],[216,217],[29,218],[220,223],[221,223],[222,223],[234,235],[239,249],[241,249],[243,249],[246,249],[248,249],[250,251],[252,253],[257,259],[258,259],[260,261],[267,272],[269,272],[271,272],[275,283],[276,283],[277,283],[279,283],[280,283],[281,283],[282,283]],
"ASTEdges":[],
"AST_1Edges":[[4,13],[13,15],[7,16],[16,17],[22,24],[24,25],[21,27],[4,33],[33,34],[7,35],[35,36],[47,52],[51,55],[55,56],[50,58],[51,59],[42,68],[68,69],[48,72],[72,73],[49,74],[80,85],[83,86],[88,89],[78,91],[91,92],[83,94],[94,95],[100,105],[103,106],[108,109],[98,110],[110,111],[103,113],[113,114],[117,133],[133,134],[121,135],[135,136],[132,137],[119,139],[99,150],[150,151],[103,152],[98,153],[147,154],[102,155],[157,158],[145,159],[159,160],[142,161],[161,162],[148,163],[126,166],[166,167],[130,168],[129,169],[117,171],[171,172],[123,173],[119,174],[120,175],[117,185],[185,186],[121,187],[187,188],[178,189],[182,190],[179,191],[180,192],[181,202],[202,203],[203,204],[83,205],[78,206],[201,207],[82,208],[210,211],[199,212],[212,213],[195,214],[214,215],[200,216],[178,219],[219,220],[184,221],[181,222],[232,233],[227,234],[236,237],[225,238],[238,239],[7,240],[240,241],[4,242],[242,243],[6,245],[245,246],[227,248],[227,250],[227,252],[254,255],[229,256],[256,257],[227,258],[227,260],[124,262],[262,263],[264,265],[228,266],[266,267],[121,268],[268,269],[117,270],[270,271],[230,274],[274,275],[228,276],[225,277],[226,279],[227,280],[229,281],[231,282]],
"AST_2Edges":[[14,13],[14,16],[9,23],[23,24],[26,25],[14,27],[14,33],[14,35],[14,52],[48,54],[54,55],[26,56],[49,58],[48,59],[14,68],[62,71],[71,72],[26,73],[14,74],[84,85],[79,86],[14,91],[79,93],[93,94],[26,95],[104,105],[99,106],[14,110],[99,112],[112,113],[26,114],[14,133],[14,135],[138,137],[122,139],[127,149],[149,150],[26,151],[130,152],[128,153],[90,159],[14,161],[145,163],[14,166],[127,168],[131,169],[14,171],[118,173],[122,174],[124,175],[14,185],[14,187],[117,189],[122,190],[120,191],[14,192],[79,203],[26,204],[183,205],[182,206],[90,212],[14,214],[199,216],[14,219],[179,221],[183,222],[230,234],[14,238],[14,240],[14,242],[225,244],[244,245],[247,246],[230,248],[230,250],[230,252],[14,256],[230,258],[230,260],[14,266],[14,268],[14,270],[14,274],[90,276],[278,277],[14,279],[14,280],[14,281]],
"templateASTEdges":[],
"templateEdges":[],
"verifHintTplPredEdges":[],
"verifHintTplPredPosNegEdges":[],
"verifHintTplEqTermEdges":[],
"verifHintTplInEqTermEdges":[],
"verifHintTplInEqTermPosNegEdges":[],
"dataFlowASTEdges":[],
"controlFlowHyperEdges":[[8,18,2],[19,28,8],[1,30,19],[1,31,19],[19,32,8],[8,37,2],[45,53,38],[1,57,45],[1,60,45],[61,70,38],[45,75,61],[45,76,61],[1,87,77],[1,96,77],[1,107,97],[1,115,97],[125,140,116],[141,156,125],[97,156,125],[1,164,141],[1,165,141],[1,170,125],[1,176,116],[38,193,116],[177,193,116],[194,209,177],[77,209,177],[1,217,194],[1,218,194],[1,223,177],[1,235,224],[2,249,224],[1,251,224],[1,253,224],[1,259,224],[1,261,224],[116,272,224],[224,283,273]],
"dataFlowHyperEdges":[[9,18,3],[10,18,5],[11,18,6],[12,18,7],[20,28,11],[22,32,9],[21,32,10],[20,32,11],[9,37,3],[10,37,5],[11,37,6],[12,37,7],[48,53,39],[49,53,40],[46,53,41],[14,53,42],[50,53,43],[51,53,44],[14,57,50],[62,70,39],[63,70,40],[64,70,41],[65,70,42],[66,70,43],[67,70,44],[46,75,64],[47,75,65],[50,75,66],[51,75,67],[48,76,62],[49,76,63],[46,76,64],[47,76,65],[50,76,66],[51,76,67],[14,87,78],[89,96,82],[90,96,84],[14,107,98],[109,115,102],[90,115,104],[126,140,117],[127,140,118],[129,140,120],[128,140,122],[130,140,123],[131,140,124],[142,156,126],[101,156,127],[98,156,128],[100,156,129],[103,156,130],[145,156,131],[146,156,132],[158,164,147],[90,165,145],[90,165,148],[178,193,117],[39,193,118],[40,193,119],[179,193,120],[182,193,122],[183,193,123],[184,193,124],[195,209,178],[80,209,179],[196,209,180],[81,209,181],[78,209,182],[83,209,183],[199,209,184],[211,217,201],[90,218,199],[90,218,200],[233,235,231],[5,249,226],[6,249,230],[237,249,231],[14,253,229],[255,259,231],[14,261,228],[118,272,225],[119,272,226],[120,272,227],[263,272,230],[265,272,231]],
"controlLocationEdgeForSCC":[],
"predicateTransitiveEdges":[],
"dummyFiled":[]
}