{
"nodeIds":[0,1,2,3,4,5,6,7,8,9,10,11,12,13,14,15,16,17,18,19,20,21,22,23,24,25,26,27,28,29,30,31,32,33,34,35,36,37,38,39,40,41,42,43,44,45,46,47,48,49,50,51,52,53,54,55,56,57,58,59,60,61,62,63,64,65,66,67,68,69,70,71,72,73,74,75,76,77,78,79,80,81,82,83,84,85,86,87,88,89,90,91,92,93,94,95,96,97,98,99,100,101,102,103,104,105,106,107,108,109,110,111,112,113,114,115,116,117,118,119,120,121,122,123,124,125,126,127,128,129,130,131,132,133,134,135,136,137,138,139,140,141,142,143,144,145,146,147,148,149,150,151,152,153,154,155,156,157,158,159,160,161,162,163,164,165,166,167,168,169,170,171,172,173,174,175,176,177,178,179,180,181,182,183,184,185,186,187,188,189,190,191,192,193,194,195,196,197,198,199,200,201,202,203,204,205,206,207,208,209,210,211],
"nodeSymbolList":["predicateName_0","predicateArgument_0","predicateArgument_1","predicateArgument_2","predicateName_1","predicateArgument_3","predicateArgument_4","predicateName_2","predicateArgument_5","predicateArgument_6","predicateArgument_7","predicateArgument_8","predicateName_3","predicateArgument_9","predicateArgument_10","predicateName_4","predicateArgument_11","predicateArgument_12","predicateArgument_13","FALSE","clause_0","+","1","symbolicConstant_0","=","symbolicConstant_1","=","symbolicConstant_2","0","clauseHead_0","clauseArgument_0","clauseArgument_1","clauseArgument_2","clauseBody_0","clauseArgument_3","clauseArgument_4","clause_1","+","symbolicConstant_3","=","!","=","symbolicConstant_4","!","clauseHead_1","clauseArgument_5","clauseArgument_6","clauseBody_1","clauseArgument_7","clauseArgument_8","clause_2","=","symbolicConstant_5","!","=","symbolicConstant_6","!","+","-1","=","symbolicConstant_7","clauseHead_2","clauseArgument_9","clauseArgument_10","clauseArgument_11","clauseArgument_12","symbolicConstant_8","clauseBody_2","clauseArgument_13","clauseArgument_14","clauseBody_3","clauseArgument_15","clauseArgument_16","+","clauseArgument_17","clause_3","+","symbolicConstant_9","=","!","=","symbolicConstant_10","clauseHead_3","clauseArgument_18","clauseArgument_19","clauseBody_4","clauseArgument_20","clauseArgument_21","clause_4","=","symbolicConstant_11","!","clauseHead_4","clauseArgument_22","clauseArgument_23","symbolicConstant_12","clauseBody_5","clauseArgument_24","clauseArgument_25","clauseBody_6","clauseArgument_26","+","clauseArgument_27","clauseArgument_28","clause_5","true","clauseHead_5","clauseArgument_29","symbolicConstant_13","clauseArgument_30","symbolicConstant_14","clauseBody_7","clauseArgument_31","symbolicConstant_15","clauseArgument_32","symbolicConstant_16","clauseArgument_33","clauseArgument_34","clause_6","clauseHead_6","clauseArgument_35","symbolicConstant_17","clauseArgument_36","symbolicConstant_18","clauseArgument_37","symbolicConstant_19","clauseBody_8","clauseArgument_38","clauseArgument_39","clauseArgument_40","symbolicConstant_20","clauseArgument_41","symbolicConstant_21","clauseBody_9","clauseArgument_42","clauseArgument_43","clauseArgument_44","clause_7","=","symbolicConstant_22","clauseHead_7","clauseArgument_45","symbolicConstant_23","clauseArgument_46","clauseArgument_47","symbolicConstant_24","clauseBody_10","clauseArgument_48","clauseArgument_49","clause_8","clauseHead_8","clauseArgument_50","symbolicConstant_25","clauseArgument_51","symbolicConstant_26","clauseArgument_52","symbolicConstant_27","clauseBody_11","clauseArgument_53","clauseArgument_54","clauseArgument_55","clause_9",">=","23","symbolicConstant_28",">=","!",">=","-2147483648",">=","2147483647",">=","3","symbolicConstant_29",">=","!",">=",">=",">=","symbolicConstant_30",">=",">=","symbolicConstant_31","clauseHead_9","clauseArgument_56","clauseArgument_57","clause_10",">=","symbolicConstant_32",">=","symbolicConstant_33","!",">=","symbolicConstant_34","!",">=",">=",">=",">=",">=",">=",">=","symbolicConstant_35",">=","symbolicConstant_36",">=","symbolicConstant_37","clauseHead_10","clauseBody_12","clauseArgument_58","clauseArgument_59","clauseArgument_60"],
"falseIndices":[19],
"initialIndices":[],
"argumentIndices":[1,2,3,5,6,8,9,10,11,13,14,16,17,18],
"argumentBoundList":[[1,1],[1,0],[1,0],[1,1],[1,0],[1,1],[1,0],[1,1],[1,0],[1,1],[1,1],[1,1],[1,0],[1,0]],
"argumentBinaryOccurrenceList":[0,0,0,0,0,0,0,0,0,0,0,0,0,0],
"argumentOccurrence":[0,0,0,0,0,0,0,0,0,0,0,0,0,0],
"templateIndices":[],
"templateRelevanceLabel":[],
"templateCostLabel":[],
"clauseIndices":[20,36,50,75,88,104,118,137,149,161,186],
"guardIndices":[],
"clauseBinaryOccurrenceInCounterExampleList":[0,0,0,0,0,0,0,0,0,0,0],
"predictedLabel":[],
"controlLocationIndices":[],
"binaryAdjacentList":[[0,1],[0,2],[0,3],[0,29],[0,140],[0,150],[1,30],[1,71],[1,100],[1,134],[1,141],[1,151],[1,209],[2,31],[2,72],[2,102],[2,135],[2,143],[2,153],[2,210],[3,32],[3,74],[3,103],[3,136],[3,144],[3,155],[3,211],[4,5],[4,6],[4,44],[4,82],[4,106],[4,183],[5,34],[5,45],[5,48],[5,68],[5,83],[5,86],[5,97],[5,107],[5,184],[6,35],[6,46],[6,49],[6,69],[6,84],[6,87],[6,98],[6,109],[6,185],[7,8],[7,9],[7,10],[7,11],[7,61],[8,62],[8,112],[8,127],[9,63],[9,114],[9,128],[10,64],[10,116],[10,129],[11,65],[11,117],[11,131],[12,13],[12,14],[12,92],[13,93],[13,147],[14,94],[14,148],[15,16],[15,17],[15,18],[15,119],[16,120],[16,158],[17,122],[17,159],[18,124],[18,160],[19,207],[20,29],[21,24],[22,21],[22,37],[22,76],[22,80],[22,102],[23,21],[23,35],[24,20],[25,24],[26,20],[27,26],[28,26],[28,34],[28,39],[28,41],[28,51],[28,54],[28,78],[28,87],[28,89],[28,98],[28,138],[28,178],[28,180],[28,181],[28,201],[28,203],[28,205],[29,30],[29,31],[29,32],[30,27],[31,23],[32,25],[33,4],[33,20],[34,33],[35,33],[36,44],[37,39],[37,49],[38,37],[39,40],[40,36],[41,43],[42,41],[42,48],[43,36],[44,45],[44,46],[45,42],[46,38],[47,4],[47,36],[48,47],[49,47],[50,61],[51,53],[52,51],[52,69],[52,73],[53,50],[54,56],[55,54],[55,57],[55,68],[55,71],[56,50],[57,59],[58,57],[58,73],[58,101],[58,165],[58,174],[58,187],[58,189],[58,192],[59,50],[60,59],[61,62],[61,63],[61,64],[61,65],[62,55],[63,52],[64,60],[65,66],[66,74],[67,4],[67,50],[68,67],[69,67],[70,0],[70,50],[71,70],[72,70],[73,72],[74,70],[75,82],[76,78],[76,86],[77,76],[78,79],[79,75],[80,75],[81,80],[82,83],[82,84],[83,77],[84,81],[85,4],[85,75],[86,85],[87,85],[88,92],[89,91],[90,89],[90,97],[90,101],[91,88],[92,93],[92,94],[93,90],[94,95],[95,103],[96,4],[96,88],[97,96],[98,96],[99,0],[99,88],[100,99],[101,100],[102,99],[103,99],[104,106],[105,104],[105,118],[105,149],[106,107],[106,109],[107,108],[108,116],[109,110],[110,117],[111,7],[111,104],[112,111],[113,112],[114,111],[115,114],[116,111],[117,111],[118,119],[119,120],[119,122],[119,124],[120,121],[121,127],[122,123],[123,128],[124,125],[125,136],[126,7],[126,118],[127,126],[128,126],[129,126],[130,129],[130,134],[131,126],[132,131],[132,135],[133,0],[133,118],[134,133],[135,133],[136,133],[137,140],[138,137],[139,138],[140,141],[140,143],[140,144],[141,142],[142,147],[143,139],[144,145],[145,148],[146,12],[146,137],[147,146],[148,146],[149,150],[150,151],[150,153],[150,155],[151,152],[152,158],[153,154],[154,159],[155,156],[156,160],[157,15],[157,149],[158,157],[159,157],[160,157],[161,183],[162,161],[163,162],[163,195],[164,162],[164,165],[164,167],[164,169],[164,180],[165,166],[166,161],[167,161],[168,167],[168,176],[168,196],[168,199],[169,161],[170,169],[170,177],[170,197],[170,200],[171,161],[172,171],[172,198],[173,171],[173,174],[173,176],[173,177],[174,175],[175,161],[176,161],[177,161],[178,161],[179,178],[180,161],[180,161],[181,161],[182,181],[183,184],[183,185],[184,173],[185,164],[186,207],[187,186],[188,187],[188,211],[189,191],[190,189],[190,195],[190,196],[190,197],[190,210],[191,186],[191,186],[192,194],[193,192],[193,198],[193,199],[193,200],[193,209],[194,186],[194,186],[195,186],[196,186],[197,186],[198,186],[199,186],[200,186],[201,186],[202,201],[203,186],[203,186],[204,203],[205,186],[206,205],[208,0],[208,186],[209,208],[210,208],[211,208]],
"ternaryAdjacencyList":[],
"unknownEdges":[],
"argumentIDList":[0,1,2,12,13,3,4,5,6,7,8,9,10,11],
"argumentNameList":["<Main: int ackermann(int,int)>_Block0:argument0","<Main: int ackermann(int,int)>_Block0:argument1","<Main: int ackermann(int,int)>_Block0:argument2","<Main: int ackermann(int,int)>_pre:argument0","<Main: int ackermann(int,int)>_pre:argument1","<Main: int ackermann(int,int)>_Block4_3:argument0","<Main: int ackermann(int,int)>_Block4_3:argument1","<Main: int ackermann(int,int)>_Block4_3:argument2","<Main: int ackermann(int,int)>_Block4_3:argument3","<Main: int ackermann(int,int)>_Block5_2:argument0","<Main: int ackermann(int,int)>_Block5_2:argument1","<Main: int ackermann(int,int)>_Block9_1:argument0","<Main: int ackermann(int,int)>_Block9_1:argument1","<Main: int ackermann(int,int)>_Block9_1:argument2"],
"predicateIndices":[0,4,7,12,15],
"predicateOccurrenceInClause":[7,9,3,2,2],
"predicateStrongConnectedComponent":[1,1,1,1,1],
"predicateArgumentEdges":[[0,1],[0,2],[0,3],[4,5],[4,6],[7,8],[7,9],[7,10],[7,11],[12,13],[12,14],[15,16],[15,17],[15,18]],
"predicateInstanceEdges":[[0,29],[33,4],[4,44],[47,4],[7,61],[67,4],[70,0],[4,82],[85,4],[12,92],[96,4],[99,0],[4,106],[111,7],[15,119],[126,7],[133,0],[0,140],[146,12],[0,150],[157,15],[4,183],[19,207],[208,0]],
"argumentInstanceEdges":[[1,30],[2,31],[3,32],[5,34],[6,35],[5,45],[6,46],[5,48],[6,49],[8,62],[9,63],[10,64],[11,65],[5,68],[6,69],[1,71],[2,72],[3,74],[5,83],[6,84],[5,86],[6,87],[13,93],[14,94],[5,97],[6,98],[1,100],[2,102],[3,103],[5,107],[6,109],[8,112],[9,114],[10,116],[11,117],[16,120],[17,122],[18,124],[8,127],[9,128],[10,129],[11,131],[1,134],[2,135],[3,136],[1,141],[2,143],[3,144],[13,147],[14,148],[1,151],[2,153],[3,155],[16,158],[17,159],[18,160],[5,184],[6,185],[1,209],[2,210],[3,211]],
"controlHeadEdges":[[20,29],[36,44],[50,61],[75,82],[88,92],[104,106],[118,119],[137,140],[149,150],[161,183],[186,207]],
"controlBodyEdges":[[33,20],[47,36],[67,50],[70,50],[85,75],[96,88],[99,88],[111,104],[126,118],[133,118],[146,137],[157,149],[208,186]],
"controlEdges":[],
"controlArgumentEdges":[[29,30],[29,31],[29,32],[34,33],[35,33],[44,45],[44,46],[48,47],[49,47],[61,62],[61,63],[61,64],[61,65],[68,67],[69,67],[71,70],[72,70],[74,70],[82,83],[82,84],[86,85],[87,85],[92,93],[92,94],[97,96],[98,96],[100,99],[102,99],[103,99],[106,107],[106,109],[112,111],[114,111],[116,111],[117,111],[119,120],[119,122],[119,124],[127,126],[128,126],[129,126],[131,126],[134,133],[135,133],[136,133],[140,141],[140,143],[140,144],[147,146],[148,146],[150,151],[150,153],[150,155],[158,157],[159,157],[160,157],[183,184],[183,185],[209,208],[210,208],[211,208]],
"subTermEdges":[[22,21],[23,21],[25,24],[21,24],[27,26],[28,26],[38,37],[22,37],[37,39],[28,39],[39,40],[42,41],[28,41],[41,43],[52,51],[28,51],[51,53],[55,54],[28,54],[54,56],[58,57],[55,57],[60,59],[57,59],[52,73],[58,73],[77,76],[22,76],[76,78],[28,78],[78,79],[81,80],[22,80],[90,89],[28,89],[89,91],[90,101],[58,101],[139,138],[28,138],[163,162],[164,162],[58,165],[164,165],[165,166],[164,167],[168,167],[170,169],[164,169],[172,171],[173,171],[58,174],[173,174],[174,175],[173,176],[168,176],[170,177],[173,177],[179,178],[28,178],[164,180],[28,180],[182,181],[28,181],[58,187],[188,187],[58,189],[190,189],[189,191],[58,192],[193,192],[192,194],[163,195],[190,195],[190,196],[168,196],[170,197],[190,197],[172,198],[193,198],[193,199],[168,199],[170,200],[193,200],[202,201],[28,201],[204,203],[28,203],[206,205],[28,205]],
"guardEdges":[[24,20],[26,20],[40,36],[43,36],[53,50],[56,50],[59,50],[79,75],[80,75],[91,88],[105,104],[105,118],[138,137],[105,149],[162,161],[166,161],[167,161],[169,161],[171,161],[175,161],[176,161],[177,161],[178,161],[180,161],[181,161],[180,161],[187,186],[191,186],[194,186],[195,186],[191,186],[196,186],[197,186],[198,186],[194,186],[199,186],[200,186],[201,186],[203,186],[205,186],[203,186]],
"dataEdges":[[30,27],[31,23],[32,25],[28,34],[23,35],[45,42],[46,38],[42,48],[37,49],[62,55],[63,52],[64,60],[65,66],[55,68],[52,69],[55,71],[73,72],[66,74],[83,77],[84,81],[76,86],[28,87],[93,90],[94,95],[90,97],[28,98],[101,100],[22,102],[95,103],[107,108],[109,110],[113,112],[115,114],[108,116],[110,117],[120,121],[122,123],[124,125],[121,127],[123,128],[130,129],[132,131],[130,134],[132,135],[125,136],[141,142],[143,139],[144,145],[142,147],[145,148],[151,152],[153,154],[155,156],[152,158],[154,159],[156,160],[184,173],[185,164],[193,209],[190,210],[188,211]],
"predicateInstanceHeadEdges":[],
"predicateInstanceBodyEdges":[],
"controlArgumentHeadEdges":[],
"controlArgumentBodyEdges":[],
"guardConstantEdges":[],
"guardOperatorEdges":[],
"guardScEdges":[],
"dataConstantEdges":[],
"dataOperatorEdges":[],
"dataScEdges":[],
"subTermConstantOperatorEdges":[],
"subTermOperatorOperatorEdges":[],
"subTermScOperatorEdges":[],
"dummyFiled":[]
}