{
"nodeIds":[0,1,2,3,4,5,6,7,8,9,10,11,12,13,14,15,16,17,18,19,20,21,22,23,24,25,26,27,28,29,30,31,32,33,34,35,36,37,38,39,40,41,42,43,44,45,46,47,48,49,50,51,52,53,54,55,56,57,58,59,60,61,62,63,64,65,66,67,68,69,70,71,72,73,74],
"nodeSymbolList":["predicateName_0","predicateArgument_0","predicateName_1","FALSE","clause_0",">=","254","symbolicConstant_0","clauseHead_0","clauseArgument_0","clause_1","=","symbolicConstant_1","0","!",">=","symbolicConstant_2","255","clauseHead_1","clause_2",">=","symbolicConstant_3","clauseHead_2","clauseArgument_1","clauseBody_0","clauseArgument_2","+","-2","clause_3","=","symbolicConstant_4","!","=","symbolicConstant_5","!",">=","symbolicConstant_6","clauseHead_3","clauseArgument_3","clauseBody_1","clauseArgument_4","+","1","clause_4","=","symbolicConstant_7","!","+","symbolicConstant_8","2",">=","clauseHead_4","clauseBody_2","clauseArgument_5","clause_5","=","symbolicConstant_9","!","=","symbolicConstant_10","!","=","symbolicConstant_11","!","+","symbolicConstant_12","-1",">=","clauseHead_5","clauseBody_3","clauseArgument_6","clause_6","true","clauseHead_6","clauseBody_4"],
"falseIndices":[3],
"initialIndices":[],
"argumentIndices":[1],
"argumentBoundList":[["None","None"]],
"argumentBinaryOccurrenceList":[0],
"argumentOccurrence":[0],
"templateIndices":[],
"templateRelevanceLabel":[],
"templateCostLabel":[],
"clauseIndices":[4,10,19,28,43,54,71],
"guardIndices":[],
"clauseBinaryOccurrenceInCounterExampleList":[0,0,0,0,0,0,1],
"predictedLabel":[],
"controlLocationIndices":[],
"binaryAdjacentList":[[0,1],[0,8],[0,22],[0,37],[1,9],[1,23],[1,25],[1,38],[1,40],[1,53],[1,70],[2,18],[2,51],[2,68],[3,73],[4,8],[5,4],[6,5],[6,20],[6,35],[7,5],[8,9],[9,7],[10,18],[11,14],[12,11],[13,11],[13,29],[13,32],[13,44],[13,55],[13,58],[13,61],[14,10],[15,10],[16,15],[17,15],[17,50],[17,67],[19,22],[20,19],[21,20],[21,26],[22,23],[23,21],[24,0],[24,19],[25,24],[26,25],[27,26],[28,37],[29,31],[30,29],[31,28],[32,34],[33,32],[34,28],[35,28],[36,35],[36,41],[37,38],[38,36],[39,0],[39,28],[40,39],[41,40],[42,41],[43,51],[44,46],[45,44],[46,43],[47,50],[48,47],[48,53],[49,47],[50,43],[52,0],[52,43],[53,52],[54,68],[55,57],[56,55],[57,54],[58,60],[59,58],[60,54],[61,63],[62,61],[63,54],[64,67],[65,64],[65,70],[66,64],[67,54],[69,0],[69,54],[70,69],[71,73],[72,71],[74,2],[74,71]],
"ternaryAdjacencyList":[],
"unknownEdges":[],
"argumentIDList":[0],
"argumentNameList":["main_1_1:argument0"],
"predicateIndices":[0,2],
"predicateOccurrenceInClause":[7,4],
"predicateStrongConnectedComponent":[1,0],
"predicateArgumentEdges":[[0,1]],
"predicateInstanceEdges":[[0,8],[2,18],[0,22],[24,0],[0,37],[39,0],[2,51],[52,0],[2,68],[69,0],[3,73],[74,2]],
"argumentInstanceEdges":[[1,9],[1,23],[1,25],[1,38],[1,40],[1,53],[1,70]],
"controlHeadEdges":[[4,8],[10,18],[19,22],[28,37],[43,51],[54,68],[71,73]],
"controlBodyEdges":[[24,19],[39,28],[52,43],[69,54],[74,71]],
"controlEdges":[],
"controlArgumentEdges":[[8,9],[22,23],[25,24],[37,38],[40,39],[53,52],[70,69]],
"subTermEdges":[[6,5],[7,5],[12,11],[13,11],[11,14],[16,15],[17,15],[6,20],[21,20],[21,26],[27,26],[30,29],[13,29],[29,31],[33,32],[13,32],[32,34],[6,35],[36,35],[36,41],[42,41],[45,44],[13,44],[44,46],[48,47],[49,47],[47,50],[17,50],[56,55],[13,55],[55,57],[59,58],[13,58],[58,60],[62,61],[13,61],[61,63],[65,64],[66,64],[64,67],[17,67]],
"guardEdges":[[5,4],[14,10],[15,10],[20,19],[31,28],[34,28],[35,28],[46,43],[50,43],[57,54],[60,54],[63,54],[67,54],[72,71]],
"dataEdges":[[9,7],[23,21],[26,25],[38,36],[41,40],[48,53],[65,70]],
"predicateInstanceHeadEdges":[],
"predicateInstanceBodyEdges":[],
"controlArgumentHeadEdges":[],
"controlArgumentBodyEdges":[],
"guardConstantEdges":[],
"guardOperatorEdges":[],
"guardScEdges":[],
"dataConstantEdges":[],
"dataOperatorEdges":[],
"dataScEdges":[],
"subTermConstantOperatorEdges":[],
"subTermOperatorOperatorEdges":[],
"subTermScOperatorEdges":[],
"dummyFiled":[]
}