{
"nodeIds":[0,1,2,3,4,5,6,7,8,9,10,11,12,13,14,15,16,17,18,19,20,21,22,23,24,25,26,27,28,29,30,31,32,33,34,35,36,37,38,39,40,41,42,43,44,45,46,47,48,49,50,51,52,53,54,55,56,57,58,59,60,61,62],
"nodeSymbolList":["dummy","Initial","CONTROL_0","CONTROL_1","predicateArgument_0","predicateArgument_1","false","guard_0","=","610","!","=","15",">=","2147483647",">=","-2147483648","guard_1","0",">=","guard_2","CONTROL_2","guard_3","=","=","guard_4","1","true","guard_5","CONTROL_3","predicateArgument_2","predicateArgument_3","predicateArgument_4","CONTROL_4","predicateArgument_5","predicateArgument_6","guard_6","+","-1","guard_7","CONTROL_5","predicateArgument_7","predicateArgument_8","+","+","2",">=",">=",">=","guard_8","+","guard_9","guard_10","guard_11","-","-","+","-",">=",">=","guard_12","FALSE","guard_13"],
"falseIndices":[61],
"initialIndices":[1],
"argumentIndices":[4,5,30,31,32,34,35,41,42],
"argumentBoundList":[["None","None"],["None","None"],["None","None"],["None","None"],["None","None"],["None","None"],["None","None"],["None","None"],["None","None"]],
"argumentBinaryOccurrenceList":[0,0,0,0,0,0,0,0,0],
"argumentOccurrence":[0,0,0,0,0,0,0,0,0],
"templateIndices":[],
"templateRelevanceLabel":[],
"templateCostLabel":[],
"clauseIndices":[],
"guardIndices":[7,17,20,22,25,28,36,39,49,51,52,53,60,62],
"clauseBinaryOccurrenceInCounterExampleList":[0,0,0,0,1,1,0,0,1,1,0,0,1,1],
"predictedLabel":[],
"controlLocationIndices":[2,3,21,29,33,40],
"binaryAdjacentList":[[3,3],[4,3],[4,11],[4,19],[4,23],[4,37],[4,43],[4,50],[5,3],[5,8],[5,13],[5,15],[5,24],[6,7],[6,22],[6,36],[6,52],[6,53],[8,10],[9,8],[9,24],[10,17],[11,17],[12,11],[12,23],[13,17],[14,13],[14,47],[14,58],[15,17],[16,15],[16,48],[16,59],[18,19],[19,20],[23,25],[24,25],[26,43],[27,28],[27,39],[27,51],[27,62],[29,29],[30,29],[30,46],[31,29],[31,47],[31,48],[31,54],[32,29],[32,55],[32,58],[32,59],[33,33],[34,33],[35,33],[38,37],[38,50],[40,40],[41,40],[41,44],[42,40],[45,44],[45,46],[46,49],[47,49],[48,49],[54,56],[55,56],[56,57],[58,60],[59,60]],
"ternaryAdjacencyList":[[3,7,2],[3,17,2],[1,20,3],[18,20,5],[3,22,21],[3,25,21],[1,28,3],[26,28,4],[26,28,5],[3,36,29],[33,36,29],[3,39,33],[37,39,34],[3,49,29],[40,49,29],[43,49,30],[44,49,30],[5,49,31],[42,49,32],[3,51,40],[50,51,41],[2,52,21],[29,53,3],[29,60,3],[30,60,4],[57,60,5],[21,62,61]],
"unknownEdges":[],
"argumentIDList":[3,4,0,1,2,5,6,7,8],
"argumentNameList":["fibo_fiboFINAL:argument0","fibo_fiboFINAL:argument1","fibo_L11-3:argument0","fibo_L11-3:argument1","fibo_L11-3:argument2","fibo_fiboFINAL_6_1:argument0","fibo_fiboFINAL_6_1:argument1","fibo_fiboFINAL_7_1:argument0","fibo_fiboFINAL_7_1:argument1"],
"predicateIndices":[2,3,21,29,33,40],
"predicateOccurrenceInClause":[3,12,4,4,2,2],
"predicateStrongConnectedComponent":[0,1,0,1,1,1],
"argumentEdges":[[4,3],[5,3],[30,29],[31,29],[32,29],[34,33],[35,33],[41,40],[42,40]],
"guardASTEdges":[[6,7],[10,17],[11,17],[13,17],[15,17],[19,20],[6,22],[23,25],[24,25],[27,28],[6,36],[27,39],[46,49],[47,49],[48,49],[27,51],[6,52],[6,53],[58,60],[59,60],[27,62]],
"ASTEdges":[],
"AST_1Edges":[[5,8],[8,10],[4,11],[14,13],[5,15],[18,19],[4,23],[5,24],[38,37],[26,43],[45,44],[30,46],[14,47],[31,48],[38,50],[31,54],[54,56],[56,57],[14,58],[32,59]],
"AST_2Edges":[[9,8],[12,11],[5,13],[16,15],[4,19],[12,23],[9,24],[4,37],[4,43],[41,44],[45,46],[31,47],[16,48],[4,50],[32,55],[55,56],[32,58],[16,59]],
"templateASTEdges":[],
"templateEdges":[],
"verifHintTplPredEdges":[],
"verifHintTplPredPosNegEdges":[],
"verifHintTplEqTermEdges":[],
"verifHintTplInEqTermEdges":[],
"verifHintTplInEqTermPosNegEdges":[],
"dataFlowASTEdges":[],
"controlFlowHyperEdges":[[3,7,2],[3,17,2],[1,20,3],[3,22,21],[3,25,21],[1,28,3],[3,36,29],[33,36,29],[3,39,33],[3,49,29],[40,49,29],[3,51,40],[2,52,21],[29,53,3],[29,60,3],[21,62,61]],
"dataFlowHyperEdges":[[18,20,5],[26,28,4],[26,28,5],[37,39,34],[43,49,30],[44,49,30],[5,49,31],[42,49,32],[50,51,41],[30,60,4],[57,60,5]],
"controlLocationEdgeForSCC":[],
"predicateTransitiveEdges":[[29,29],[40,40],[3,3],[33,33]],
"dummyFiled":[]
}