{
"nodeIds":[0,1,2,3,4,5,6,7,8,9,10,11,12,13,14,15,16,17,18,19,20,21,22,23,24,25,26,27,28,29,30,31,32,33,34,35,36,37,38,39,40,41,42,43,44,45,46,47,48,49,50,51,52,53,54,55,56,57,58,59,60,61,62,63,64,65,66,67,68,69,70,71],
"nodeSymbolList":["dummy","Initial","CONTROL_0","predicateArgument_0","predicateArgument_1","predicateArgument_2","1",">=","2","guard_0","CONTROL_1","true","guard_1","CONTROL_2","predicateArgument_3","predicateArgument_4","predicateArgument_5","+","-","+",">=",">=","guard_2","guard_3","CONTROL_3","predicateArgument_6","predicateArgument_7","predicateArgument_8","predicateArgument_9","predicateArgument_10",">=","=","guard_4","-","+",">=","-1",">=","0","guard_5","+","-","+",">=",">=","guard_6","+","-","+",">=","guard_7","CONTROL_4","predicateArgument_11","predicateArgument_12","predicateArgument_13","predicateArgument_14","predicateArgument_15","+",">=","guard_8","guard_9","-","+",">=",">=","guard_10","-","+",">=","guard_11","FALSE","guard_12"],
"falseIndices":[70],
"initialIndices":[1],
"argumentIndices":[3,4,5,14,15,16,25,26,27,28,29,52,53,54,55,56],
"argumentBoundList":[["None","None"],["None","None"],["None","None"],["None","None"],["None","None"],["None","None"],["None","None"],["None","None"],["None","None"],["None","None"],["None","None"],["None","None"],["None","None"],["None","None"],["None","None"],["None","None"]],
"argumentBinaryOccurrenceList":[0,0,0,0,0,0,0,0,0,0,0,0,0,0,0,0],
"argumentOccurrence":[0,0,0,0,0,0,0,0,0,0,0,0,0,0,0,0],
"templateIndices":[],
"templateRelevanceLabel":[],
"templateCostLabel":[],
"clauseIndices":[],
"guardIndices":[9,12,22,23,32,39,45,50,59,60,65,69,71],
"clauseBinaryOccurrenceInCounterExampleList":[1,1,0,0,1,0,0,0,0,0,1,1,1],
"predictedLabel":[],
"controlLocationIndices":[2,10,13,24,51],
"binaryAdjacentList":[[2,2],[3,2],[4,2],[4,18],[4,21],[4,34],[4,37],[4,41],[4,47],[5,2],[5,7],[5,19],[5,33],[5,42],[5,48],[6,17],[6,20],[6,21],[6,30],[6,40],[6,43],[6,44],[6,46],[6,49],[6,58],[6,64],[7,9],[8,7],[11,12],[11,23],[11,60],[11,71],[13,13],[14,13],[15,13],[15,17],[16,13],[18,19],[19,20],[20,22],[21,22],[24,24],[25,24],[26,24],[26,30],[26,31],[26,40],[26,46],[26,62],[26,67],[27,24],[27,61],[27,66],[28,24],[28,31],[28,44],[28,58],[28,64],[29,24],[30,32],[31,32],[33,34],[34,35],[35,39],[36,35],[36,57],[36,63],[36,68],[37,39],[38,37],[41,42],[42,43],[43,45],[44,45],[47,48],[48,49],[49,50],[51,51],[52,51],[53,51],[54,51],[55,51],[55,57],[56,51],[58,59],[61,62],[62,63],[63,65],[64,65],[66,67],[67,68],[68,69]],
"ternaryAdjacencyList":[[1,9,2],[6,9,4],[1,12,10],[13,22,2],[14,22,3],[17,22,4],[16,22,5],[2,23,13],[3,23,14],[4,23,15],[5,23,16],[2,32,24],[3,32,25],[4,32,26],[5,32,27],[2,39,10],[24,45,2],[25,45,3],[40,45,4],[27,45,5],[24,50,2],[25,50,3],[46,50,4],[27,50,5],[51,59,24],[52,59,25],[53,59,26],[54,59,27],[57,59,28],[56,59,29],[24,60,51],[25,60,52],[26,60,53],[27,60,54],[28,60,55],[29,60,56],[24,65,10],[24,69,10],[10,71,70]],
"unknownEdges":[],
"argumentIDList":[0,1,2,3,4,5,6,7,8,9,10,11,12,13,14,15],
"argumentNameList":["main_1_1:argument0","main_1_1:argument1","main_1_1:argument2","main_1_1_2_1:argument0","main_1_1_2_1:argument1","main_1_1_2_1:argument2","main_1_3:argument0","main_1_3:argument1","main_1_3:argument2","main_1_3:argument3","main_1_3:argument4","main_1_3_7_1:argument0","main_1_3_7_1:argument1","main_1_3_7_1:argument2","main_1_3_7_1:argument3","main_1_3_7_1:argument4"],
"predicateIndices":[2,10,13,24,51],
"predicateOccurrenceInClause":[7,5,2,7,2],
"predicateStrongConnectedComponent":[1,0,1,1,1],
"argumentEdges":[[3,2],[4,2],[5,2],[14,13],[15,13],[16,13],[25,24],[26,24],[27,24],[28,24],[29,24],[52,51],[53,51],[54,51],[55,51],[56,51]],
"guardASTEdges":[[7,9],[11,12],[20,22],[21,22],[11,23],[30,32],[31,32],[35,39],[37,39],[43,45],[44,45],[49,50],[58,59],[11,60],[63,65],[64,65],[68,69],[11,71]],
"ASTEdges":[],
"AST_1Edges":[[5,7],[6,17],[4,18],[18,19],[19,20],[6,21],[26,30],[28,31],[4,34],[34,35],[38,37],[6,40],[5,42],[42,43],[6,44],[6,46],[5,48],[48,49],[36,57],[28,58],[26,62],[62,63],[6,64],[26,67],[67,68]],
"AST_2Edges":[[8,7],[15,17],[5,19],[6,20],[4,21],[6,30],[26,31],[5,33],[33,34],[36,35],[4,37],[26,40],[4,41],[41,42],[6,43],[28,44],[26,46],[4,47],[47,48],[6,49],[55,57],[6,58],[27,61],[61,62],[36,63],[28,64],[27,66],[66,67],[36,68]],
"templateASTEdges":[],
"templateEdges":[],
"verifHintTplPredEdges":[],
"verifHintTplPredPosNegEdges":[],
"verifHintTplEqTermEdges":[],
"verifHintTplInEqTermEdges":[],
"verifHintTplInEqTermPosNegEdges":[],
"dataFlowASTEdges":[],
"controlFlowHyperEdges":[[1,9,2],[1,12,10],[13,22,2],[2,23,13],[2,32,24],[2,39,10],[24,45,2],[24,50,2],[51,59,24],[24,60,51],[24,65,10],[24,69,10],[10,71,70]],
"dataFlowHyperEdges":[[6,9,4],[14,22,3],[17,22,4],[16,22,5],[3,23,14],[4,23,15],[5,23,16],[3,32,25],[4,32,26],[5,32,27],[25,45,3],[40,45,4],[27,45,5],[25,50,3],[46,50,4],[27,50,5],[52,59,25],[53,59,26],[54,59,27],[57,59,28],[56,59,29],[25,60,52],[26,60,53],[27,60,54],[28,60,55],[29,60,56]],
"controlLocationEdgeForSCC":[],
"predicateTransitiveEdges":[[2,2],[13,13],[51,51],[24,24]],
"dummyFiled":[]
}