{
"nodeIds":[0,1,2,3,4,5,6,7,8,9,10,11,12,13,14,15,16,17,18,19,20,21,22,23,24,25,26,27,28,29,30,31,32,33,34,35,36,37,38,39,40,41,42,43,44,45,46,47,48,49,50,51,52,53,54,55,56,57,58,59,60,61,62,63,64,65,66,67,68,69,70,71,72,73,74,75,76,77,78,79,80,81,82,83,84,85,86,87,88,89,90,91,92,93,94,95,96,97,98,99,100,101,102,103,104,105,106,107,108,109,110,111,112,113,114,115,116,117,118,119,120,121,122,123,124,125,126,127,128,129,130,131,132,133,134,135,136,137,138,139,140,141,142,143,144,145,146,147,148,149,150,151,152,153,154,155,156,157,158,159,160,161,162,163,164,165,166,167,168,169,170,171,172,173,174,175,176,177,178,179,180,181,182,183,184,185,186,187,188,189,190,191,192,193,194,195,196,197,198,199,200,201,202,203,204,205,206,207,208,209,210,211,212,213,214,215,216,217,218,219,220,221,222,223,224,225,226,227,228,229,230,231,232,233,234,235,236,237,238,239,240,241,242,243,244,245,246,247,248,249,250,251,252,253,254,255,256,257,258,259,260,261,262,263,264,265,266,267,268,269,270,271,272,273,274,275,276,277,278,279,280,281,282,283,284,285,286,287,288,289,290,291,292,293,294,295,296,297,298,299,300],
"nodeSymbolList":["predicateName_0","predicateArgument_0","predicateName_1","predicateArgument_1","predicateArgument_2","predicateArgument_3","predicateArgument_4","predicateArgument_5","predicateArgument_6","predicateName_2","predicateArgument_7","predicateArgument_8","predicateArgument_9","predicateArgument_10","predicateArgument_11","predicateArgument_12","FALSE","clause_0",">=","symbolicConstant_0","2",">=","-1",">=","symbolicConstant_1","1",">=","0",">=","symbolicConstant_2",">=",">=",">=",">=","-","symbolicConstant_3","+","3",">=","-","symbolicConstant_4","+","symbolicConstant_5",">=",">=","clauseHead_0","clauseArgument_0","clauseBody_0","clauseArgument_1","clauseArgument_2","clauseArgument_3","clauseArgument_4","clauseArgument_5","clauseArgument_6","clause_1",">=","symbolicConstant_6",">=",">=","symbolicConstant_7",">=",">=","symbolicConstant_8",">=",">=",">=","-","symbolicConstant_9","+",">=","-","symbolicConstant_10","+","symbolicConstant_11",">=",">=","clauseHead_1","clauseArgument_7","clauseBody_1","clauseArgument_8","clauseArgument_9","clauseArgument_10","clauseArgument_11","clauseArgument_12","clauseArgument_13","clause_2",">=","symbolicConstant_12","+","symbolicConstant_13","+","-","+","symbolicConstant_14",">=",">=",">=","=","symbolicConstant_15","+","symbolicConstant_16","=","clauseHead_2","clauseArgument_14","clauseArgument_15","symbolicConstant_17","clauseArgument_16","symbolicConstant_18","clauseArgument_17","clauseArgument_18","symbolicConstant_19","clauseArgument_19","clauseBody_2","clauseArgument_20","clauseArgument_21","clauseArgument_22","clauseArgument_23","clauseArgument_24","clauseArgument_25","clause_3",">=","symbolicConstant_20","symbolicConstant_21",">=","symbolicConstant_22",">=",">=","=","symbolicConstant_23","=","symbolicConstant_24","clauseHead_3","clauseArgument_26","clauseArgument_27","symbolicConstant_25","clauseArgument_28","symbolicConstant_26","clauseArgument_29","clauseArgument_30","symbolicConstant_27","clauseArgument_31","clauseBody_3","clauseArgument_32","clauseArgument_33","clauseArgument_34","clauseArgument_35","clauseArgument_36","clauseArgument_37","clause_4",">=","symbolicConstant_28","-","+",">=",">=","-","symbolicConstant_29","+","symbolicConstant_30",">=",">=","+",">=","symbolicConstant_31",">=",">=",">=","symbolicConstant_32",">=",">=","+","+","-","+","+","=","+","+",">=","+","-","+","+",">=","+",">=",">=",">=",">=","+","-","+","+",">=","+",">=",">=",">=",">=",">=","-2",">=","+","+","symbolicConstant_33","=","=",">=",">=",">=",">=",">=","clauseHead_4","clauseArgument_38","clauseArgument_39","clauseArgument_40","symbolicConstant_34","clauseArgument_41","symbolicConstant_35","clauseArgument_42","clauseArgument_43","clause_5",">=","symbolicConstant_36","-","+",">=","-","symbolicConstant_37","+","symbolicConstant_38",">=",">=","+",">=","symbolicConstant_39",">=",">=",">=","symbolicConstant_40",">=",">=","+","+","-","+","+","=","+","+",">=","+","-","+","+",">=","+",">=",">=",">=",">=","+","-","+","+",">=","+",">=",">=",">=",">=",">=",">=","+","+","symbolicConstant_41","=","=",">=",">=",">=",">=",">=","clauseHead_5","clauseArgument_44","clauseArgument_45","clauseArgument_46","symbolicConstant_42","clauseArgument_47","symbolicConstant_43","clauseArgument_48","clauseArgument_49","clause_6","-","symbolicConstant_44","+",">=",">=","clauseHead_6","clauseBody_4","clauseArgument_50"],
"falseIndices":[16],
"initialIndices":[],
"argumentIndices":[1,3,4,5,6,7,8,10,11,12,13,14,15],
"argumentBoundList":[[1,0],[1,0],[0,0],[0,0],[1,1],[1,1],[1,1],[1,0],[1,1],[0,0],[0,0],[1,1],[1,1]],
"argumentBinaryOccurrenceList":[0,0,0,0,0,0,0,0,0,0,0,0,0],
"argumentOccurrence":[0,0,0,0,0,0,0,0,0,0,0,0,0],
"templateIndices":[],
"templateRelevanceLabel":[],
"templateCostLabel":[],
"clauseIndices":[17,54,85,119,148,221,292],
"guardIndices":[],
"clauseBinaryOccurrenceInCounterExampleList":[0,0,0,0,0,0,0],
"predictedLabel":[],
"controlLocationIndices":[],
"binaryAdjacentList":[[0,1],[0,45],[0,76],[1,46],[1,77],[1,300],[2,3],[2,4],[2,5],[2,6],[2,7],[2,8],[2,102],[2,131],[3,48],[3,79],[3,103],[3,132],[4,49],[4,80],[4,104],[4,133],[5,50],[5,81],[5,106],[5,135],[6,51],[6,82],[6,108],[6,137],[7,52],[7,83],[7,109],[7,138],[8,53],[8,84],[8,111],[8,140],[9,10],[9,11],[9,12],[9,13],[9,14],[9,15],[9,212],[9,283],[10,113],[10,142],[10,213],[10,284],[11,114],[11,143],[11,214],[11,285],[12,115],[12,144],[12,215],[12,286],[13,116],[13,145],[13,217],[13,288],[14,117],[14,146],[14,219],[14,290],[15,118],[15,147],[15,220],[15,291],[16,298],[17,45],[18,17],[19,18],[19,21],[19,32],[19,33],[19,52],[20,18],[20,28],[20,44],[20,55],[20,61],[20,75],[20,97],[20,127],[20,152],[20,209],[20,225],[20,280],[21,17],[22,21],[22,90],[22,99],[22,149],[22,161],[22,170],[22,179],[22,189],[22,233],[22,242],[22,251],[22,261],[23,17],[23,17],[23,17],[23,17],[23,17],[23,17],[23,17],[24,23],[24,26],[24,53],[25,23],[25,31],[25,32],[25,38],[25,43],[25,58],[25,64],[25,65],[25,69],[25,74],[25,86],[25,88],[25,94],[25,95],[25,123],[25,125],[25,153],[25,159],[25,165],[25,166],[25,171],[25,173],[25,178],[25,185],[25,187],[25,195],[25,197],[25,201],[25,202],[25,211],[25,226],[25,231],[25,237],[25,238],[25,243],[25,245],[25,250],[25,257],[25,259],[25,267],[25,269],[25,272],[25,273],[25,282],[25,295],[25,296],[26,17],[26,17],[26,17],[26,17],[27,26],[27,30],[27,33],[27,57],[27,60],[27,63],[27,96],[27,126],[27,154],[27,160],[27,164],[27,168],[27,183],[27,193],[27,208],[27,222],[27,232],[27,236],[27,240],[27,255],[27,265],[27,279],[27,297],[28,17],[28,17],[28,17],[28,17],[29,28],[29,30],[29,31],[29,48],[30,17],[30,17],[30,17],[30,17],[30,17],[30,17],[30,17],[30,17],[31,17],[31,17],[31,17],[31,17],[32,17],[33,17],[34,36],[35,34],[35,44],[35,51],[36,38],[37,36],[37,68],[37,176],[37,248],[38,17],[39,41],[40,39],[40,50],[41,43],[42,41],[42,49],[43,17],[44,17],[45,46],[46,29],[47,2],[47,17],[48,47],[49,47],[50,47],[51,47],[52,47],[53,47],[54,76],[55,54],[56,55],[56,57],[56,65],[56,83],[57,54],[57,54],[58,54],[58,54],[58,54],[58,54],[58,54],[58,54],[58,54],[59,58],[59,60],[59,84],[60,54],[60,54],[60,54],[60,54],[61,54],[61,54],[61,54],[61,54],[62,61],[62,63],[62,64],[62,79],[63,54],[63,54],[63,54],[63,54],[63,54],[63,54],[63,54],[63,54],[64,54],[64,54],[64,54],[64,54],[65,54],[66,68],[67,66],[67,75],[67,82],[68,69],[69,54],[70,72],[71,70],[71,81],[72,74],[73,72],[73,80],[74,54],[75,54],[76,77],[77,62],[78,2],[78,54],[79,78],[80,78],[81,78],[82,78],[83,78],[84,78],[85,102],[86,85],[87,86],[87,118],[88,90],[89,88],[89,101],[89,114],[90,91],[91,92],[92,94],[93,92],[93,95],[93,96],[93,113],[94,85],[95,85],[95,85],[96,85],[97,85],[98,97],[99,101],[100,99],[101,85],[102,103],[102,104],[102,106],[102,108],[102,109],[102,111],[103,93],[104,105],[105,115],[106,107],[107,116],[108,100],[109,110],[110,117],[111,87],[112,9],[112,85],[113,112],[114,112],[115,112],[116,112],[117,112],[118,112],[119,131],[120,119],[121,120],[121,129],[121,143],[122,120],[122,125],[122,126],[122,142],[123,119],[124,123],[124,147],[125,119],[125,119],[126,119],[127,119],[128,127],[129,119],[130,129],[131,132],[131,133],[131,135],[131,137],[131,138],[131,140],[132,122],[133,134],[134,144],[135,136],[136,145],[137,130],[138,139],[139,146],[140,124],[141,9],[141,119],[142,141],[143,141],[144,141],[145,141],[146,141],[147,141],[148,212],[149,148],[150,149],[150,151],[150,154],[150,170],[150,176],[150,199],[150,201],[150,202],[150,210],[151,152],[152,153],[153,148],[154,148],[154,148],[154,148],[155,157],[155,177],[156,155],[156,160],[156,169],[156,174],[156,188],[156,198],[156,206],[157,159],[158,157],[158,161],[159,148],[160,148],[160,148],[160,148],[160,148],[160,148],[160,148],[161,162],[161,165],[161,169],[161,175],[162,148],[163,162],[163,164],[163,182],[163,186],[163,192],[163,196],[163,205],[164,148],[164,148],[164,148],[164,148],[164,148],[165,148],[166,148],[166,148],[166,148],[166,148],[166,148],[167,166],[167,168],[167,207],[167,209],[167,210],[168,148],[168,148],[168,148],[168,148],[168,148],[169,148],[170,171],[171,172],[171,181],[171,191],[172,173],[172,184],[172,194],[173,174],[174,175],[175,148],[176,177],[176,179],[177,178],[178,148],[179,180],[179,184],[179,186],[179,187],[179,188],[179,189],[180,181],[181,182],[182,183],[183,148],[184,185],[185,148],[186,148],[187,148],[188,148],[189,190],[189,194],[189,196],[189,197],[189,198],[190,191],[191,192],[192,193],[193,148],[194,195],[195,148],[196,148],[197,148],[198,148],[199,148],[200,199],[200,271],[201,148],[201,148],[202,203],[203,205],[203,206],[204,203],[204,207],[204,208],[204,211],[205,148],[206,148],[207,148],[208,148],[209,148],[210,148],[211,148],[212,213],[212,214],[212,215],[212,217],[212,219],[212,220],[213,167],[214,150],[215,216],[217,218],[219,156],[220,163],[221,283],[222,221],[222,221],[222,221],[222,221],[223,222],[223,224],[223,242],[223,248],[223,271],[223,272],[223,273],[223,281],[224,225],[225,226],[226,221],[227,229],[227,249],[228,227],[228,232],[228,241],[228,246],[228,260],[228,270],[228,277],[229,231],[230,229],[230,233],[231,221],[232,221],[232,221],[232,221],[232,221],[232,221],[232,221],[233,234],[233,237],[233,241],[233,247],[234,221],[235,234],[235,236],[235,254],[235,258],[235,264],[235,268],[235,276],[236,221],[236,221],[236,221],[236,221],[236,221],[237,221],[238,221],[238,221],[238,221],[238,221],[238,221],[239,238],[239,240],[239,278],[239,280],[239,281],[240,221],[240,221],[240,221],[240,221],[240,221],[241,221],[242,243],[243,244],[243,253],[243,263],[244,245],[244,256],[244,266],[245,246],[246,247],[247,221],[248,249],[248,251],[249,250],[250,221],[251,252],[251,256],[251,258],[251,259],[251,260],[251,261],[252,253],[253,254],[254,255],[255,221],[256,257],[257,221],[258,221],[259,221],[260,221],[261,262],[261,266],[261,268],[261,269],[261,270],[262,263],[263,264],[264,265],[265,221],[266,267],[267,221],[268,221],[269,221],[270,221],[271,221],[272,221],[272,221],[273,274],[274,276],[274,277],[275,274],[275,278],[275,279],[275,282],[276,221],[277,221],[278,221],[279,221],[280,221],[281,221],[282,221],[283,284],[283,285],[283,286],[283,288],[283,290],[283,291],[284,239],[285,223],[286,287],[288,289],[290,228],[291,235],[292,298],[293,295],[294,293],[294,297],[294,300],[295,296],[296,292],[297,292],[299,0],[299,292],[300,299]],
"ternaryAdjacencyList":[],
"unknownEdges":[],
"argumentIDList":[6,0,1,2,3,4,5,7,8,9,10,11,12],
"argumentNameList":["predh180_5:argument0","predh104_50:argument0","predh104_50:argument1","predh104_50:argument2","predh104_50:argument3","predh104_50:argument4","predh104_50:argument5","predh78_56:argument0","predh78_56:argument1","predh78_56:argument2","predh78_56:argument3","predh78_56:argument4","predh78_56:argument5"],
"predicateIndices":[0,2,9],
"predicateOccurrenceInClause":[3,4,4],
"predicateStrongConnectedComponent":[0,0,0],
"predicateArgumentEdges":[[0,1],[2,3],[2,4],[2,5],[2,6],[2,7],[2,8],[9,10],[9,11],[9,12],[9,13],[9,14],[9,15]],
"predicateInstanceEdges":[[0,45],[47,2],[0,76],[78,2],[2,102],[112,9],[2,131],[141,9],[9,212],[9,283],[16,298],[299,0]],
"argumentInstanceEdges":[[1,46],[3,48],[4,49],[5,50],[6,51],[7,52],[8,53],[1,77],[3,79],[4,80],[5,81],[6,82],[7,83],[8,84],[3,103],[4,104],[5,106],[6,108],[7,109],[8,111],[10,113],[11,114],[12,115],[13,116],[14,117],[15,118],[3,132],[4,133],[5,135],[6,137],[7,138],[8,140],[10,142],[11,143],[12,144],[13,145],[14,146],[15,147],[10,213],[11,214],[12,215],[13,217],[14,219],[15,220],[10,284],[11,285],[12,286],[13,288],[14,290],[15,291],[1,300]],
"controlHeadEdges":[[17,45],[54,76],[85,102],[119,131],[148,212],[221,283],[292,298]],
"controlBodyEdges":[[47,17],[78,54],[112,85],[141,119],[299,292]],
"controlEdges":[],
"controlArgumentEdges":[[45,46],[48,47],[49,47],[50,47],[51,47],[52,47],[53,47],[76,77],[79,78],[80,78],[81,78],[82,78],[83,78],[84,78],[102,103],[102,104],[102,106],[102,108],[102,109],[102,111],[113,112],[114,112],[115,112],[116,112],[117,112],[118,112],[131,132],[131,133],[131,135],[131,137],[131,138],[131,140],[142,141],[143,141],[144,141],[145,141],[146,141],[147,141],[212,213],[212,214],[212,215],[212,217],[212,219],[212,220],[283,284],[283,285],[283,286],[283,288],[283,290],[283,291],[300,299]],
"subTermEdges":[[19,18],[20,18],[22,21],[19,21],[24,23],[25,23],[24,26],[27,26],[29,28],[20,28],[29,30],[27,30],[29,31],[25,31],[19,32],[25,32],[19,33],[27,33],[35,34],[37,36],[34,36],[36,38],[25,38],[40,39],[42,41],[39,41],[41,43],[25,43],[35,44],[20,44],[56,55],[20,55],[56,57],[27,57],[59,58],[25,58],[59,60],[27,60],[62,61],[20,61],[62,63],[27,63],[62,64],[25,64],[56,65],[25,65],[67,66],[37,68],[66,68],[68,69],[25,69],[71,70],[73,72],[70,72],[72,74],[25,74],[67,75],[20,75],[87,86],[25,86],[89,88],[25,88],[88,90],[22,90],[90,91],[93,92],[91,92],[92,94],[25,94],[93,95],[25,95],[93,96],[27,96],[98,97],[20,97],[100,99],[22,99],[99,101],[89,101],[121,120],[122,120],[124,123],[25,123],[122,125],[25,125],[122,126],[27,126],[128,127],[20,127],[130,129],[121,129],[22,149],[150,149],[150,151],[20,152],[151,152],[152,153],[25,153],[150,154],[27,154],[156,155],[158,157],[155,157],[157,159],[25,159],[156,160],[27,160],[158,161],[22,161],[163,162],[161,162],[163,164],[27,164],[161,165],[25,165],[167,166],[25,166],[167,168],[27,168],[156,169],[161,169],[150,170],[22,170],[170,171],[25,171],[171,172],[25,173],[172,173],[173,174],[156,174],[161,175],[174,175],[150,176],[37,176],[176,177],[155,177],[177,178],[25,178],[176,179],[22,179],[179,180],[171,181],[180,181],[181,182],[163,182],[182,183],[27,183],[179,184],[172,184],[184,185],[25,185],[163,186],[179,186],[179,187],[25,187],[156,188],[179,188],[179,189],[22,189],[189,190],[171,191],[190,191],[191,192],[163,192],[192,193],[27,193],[189,194],[172,194],[194,195],[25,195],[163,196],[189,196],[189,197],[25,197],[156,198],[189,198],[150,199],[200,199],[150,201],[25,201],[25,202],[150,202],[202,203],[204,203],[163,205],[203,205],[156,206],[203,206],[167,207],[204,207],[204,208],[27,208],[167,209],[20,209],[167,210],[150,210],[204,211],[25,211],[223,222],[27,222],[223,224],[20,225],[224,225],[225,226],[25,226],[228,227],[230,229],[227,229],[229,231],[25,231],[228,232],[27,232],[230,233],[22,233],[235,234],[233,234],[235,236],[27,236],[233,237],[25,237],[239,238],[25,238],[239,240],[27,240],[228,241],[233,241],[223,242],[22,242],[242,243],[25,243],[243,244],[25,245],[244,245],[245,246],[228,246],[233,247],[246,247],[223,248],[37,248],[248,249],[227,249],[249,250],[25,250],[248,251],[22,251],[251,252],[243,253],[252,253],[253,254],[235,254],[254,255],[27,255],[251,256],[244,256],[256,257],[25,257],[235,258],[251,258],[251,259],[25,259],[228,260],[251,260],[251,261],[22,261],[261,262],[243,263],[262,263],[263,264],[235,264],[264,265],[27,265],[261,266],[244,266],[266,267],[25,267],[235,268],[261,268],[261,269],[25,269],[228,270],[261,270],[223,271],[200,271],[223,272],[25,272],[25,273],[223,273],[273,274],[275,274],[235,276],[274,276],[228,277],[274,277],[239,278],[275,278],[275,279],[27,279],[239,280],[20,280],[239,281],[223,281],[275,282],[25,282],[294,293],[25,295],[293,295],[295,296],[25,296],[294,297],[27,297]],
"guardEdges":[[18,17],[21,17],[23,17],[26,17],[28,17],[30,17],[23,17],[26,17],[31,17],[30,17],[23,17],[26,17],[28,17],[30,17],[23,17],[26,17],[31,17],[30,17],[32,17],[33,17],[23,17],[31,17],[30,17],[31,17],[30,17],[38,17],[23,17],[28,17],[30,17],[43,17],[23,17],[28,17],[30,17],[44,17],[55,54],[57,54],[58,54],[60,54],[61,54],[63,54],[58,54],[60,54],[64,54],[63,54],[58,54],[60,54],[61,54],[63,54],[58,54],[60,54],[64,54],[63,54],[65,54],[57,54],[58,54],[64,54],[63,54],[64,54],[63,54],[69,54],[58,54],[61,54],[63,54],[74,54],[58,54],[61,54],[63,54],[75,54],[86,85],[94,85],[95,85],[96,85],[95,85],[97,85],[101,85],[120,119],[123,119],[125,119],[126,119],[125,119],[127,119],[129,119],[149,148],[153,148],[154,148],[159,148],[160,148],[162,148],[164,148],[165,148],[166,148],[168,148],[169,148],[160,148],[160,148],[175,148],[178,148],[160,148],[183,148],[164,148],[185,148],[166,148],[168,148],[186,148],[164,148],[187,148],[166,148],[168,148],[188,148],[160,148],[193,148],[164,148],[195,148],[166,148],[168,148],[196,148],[164,148],[197,148],[166,148],[168,148],[198,148],[160,148],[199,148],[201,148],[154,148],[205,148],[154,148],[206,148],[207,148],[208,148],[209,148],[210,148],[201,148],[211,148],[222,221],[226,221],[222,221],[231,221],[232,221],[234,221],[236,221],[237,221],[238,221],[240,221],[241,221],[232,221],[232,221],[247,221],[250,221],[232,221],[255,221],[236,221],[257,221],[238,221],[240,221],[258,221],[236,221],[259,221],[238,221],[240,221],[260,221],[232,221],[265,221],[236,221],[267,221],[238,221],[240,221],[268,221],[236,221],[269,221],[238,221],[240,221],[270,221],[232,221],[271,221],[272,221],[222,221],[276,221],[222,221],[277,221],[278,221],[279,221],[280,221],[281,221],[272,221],[282,221],[296,292],[297,292]],
"dataEdges":[[46,29],[29,48],[42,49],[40,50],[35,51],[19,52],[24,53],[77,62],[62,79],[73,80],[71,81],[67,82],[56,83],[59,84],[103,93],[104,105],[106,107],[108,100],[109,110],[111,87],[93,113],[89,114],[105,115],[107,116],[110,117],[87,118],[132,122],[133,134],[135,136],[137,130],[138,139],[140,124],[122,142],[121,143],[134,144],[136,145],[139,146],[124,147],[213,167],[214,150],[215,216],[217,218],[219,156],[220,163],[284,239],[285,223],[286,287],[288,289],[290,228],[291,235],[294,300]],
"predicateInstanceHeadEdges":[],
"predicateInstanceBodyEdges":[],
"controlArgumentHeadEdges":[],
"controlArgumentBodyEdges":[],
"guardConstantEdges":[],
"guardOperatorEdges":[],
"guardScEdges":[],
"dataConstantEdges":[],
"dataOperatorEdges":[],
"dataScEdges":[],
"subTermConstantOperatorEdges":[],
"subTermOperatorOperatorEdges":[],
"subTermScOperatorEdges":[],
"dummyFiled":[]
}