{
"nodeIds":[0,1,2,3,4,5,6,7,8,9,10,11,12,13,14,15,16,17,18,19,20,21,22,23,24,25,26,27,28,29,30,31,32,33,34,35,36,37,38,39,40,41,42,43,44,45],
"nodeSymbolList":["Initial","CONTROL_0","predicateArgument_0","predicateArgument_1","predicateArgument_2","0",">=","1",">=","1000","guard_0","CONTROL_1","predicateArgument_3","predicateArgument_4","predicateArgument_5",">=","guard_1","CONTROL_2","predicateArgument_6","predicateArgument_7","predicateArgument_8","+","-","+",">=","guard_2","true","guard_3","-","+",">=","-1","guard_4","CONTROL_3","predicateArgument_9","predicateArgument_10","predicateArgument_11","+",">=","guard_5","guard_6","FALSE","-","+",">=","guard_7"],
"falseIndices":[41],
"initialIndices":[0],
"argumentIndices":[2,3,4,12,13,14,18,19,20,34,35,36],
"argumentBoundList":[[1,1],[0,0],[1,1],[1,0],[0,0],[0,0],[1,1],[0,0],[1,1],[1,0],[0,0],[0,0]],
"argumentBinaryOccurrenceList":[0,0,0,0,0,0,0,0,0,0,0,0],
"argumentOccurrence":[0,0,0,0,0,0,0,0,0,0,0,0],
"templateIndices":[],
"templateRelevanceLabel":[],
"templateCostLabel":[],
"clauseIndices":[],
"guardIndices":[10,16,25,27,32,39,40,45],
"clauseBinaryOccurrenceInCounterExampleList":[0,0,0,0,0,0,0,0],
"controlLocationIndices":[1,11,17,33],
"binaryAdjacentList":[[2,1],[2,6],[2,8],[2,23],[3,1],[4,1],[4,22],[4,29],[5,15],[6,10],[7,6],[7,21],[7,24],[7,37],[7,44],[8,10],[9,8],[12,11],[12,38],[12,42],[13,11],[13,15],[13,28],[13,38],[13,43],[14,11],[15,16],[18,17],[19,17],[20,17],[20,21],[22,23],[23,24],[24,25],[26,27],[26,40],[28,29],[29,30],[30,32],[31,30],[34,33],[34,37],[35,33],[36,33],[38,39],[42,43],[43,44],[44,45]],
"ternaryAdjacencyList":[[0,10,1],[5,10,4],[0,16,11],[5,16,12],[17,25,1],[18,25,2],[19,25,3],[21,25,4],[1,27,17],[2,27,18],[3,27,19],[4,27,20],[1,32,11],[5,32,12],[2,32,13],[3,32,14],[33,39,11],[37,39,12],[35,39,13],[36,39,14],[11,40,33],[12,40,34],[13,40,35],[14,40,36],[11,45,41]],
"unknownEdges":[],
"argumentIDList":[0,1,2,6,7,8,3,4,5,9,10,11],
"argumentNameList":["main_1_1:argument0","main_1_1:argument1","main_1_1:argument2","main_1_2:argument0","main_1_2:argument1","main_1_2:argument2","main_1_1_2_1:argument0","main_1_1_2_1:argument1","main_1_1_2_1:argument2","main_1_2_4_1:argument0","main_1_2_4_1:argument1","main_1_2_4_1:argument2"],
"predicateIndices":[1,11,17,33],
"predicateOccurrenceInClause":[4,5,2,2],
"predicateStrongConnectedComponent":[1,1,1,1],
"argumentEdges":[[2,1],[3,1],[4,1],[12,11],[13,11],[14,11],[18,17],[19,17],[20,17],[34,33],[35,33],[36,33]],
"guardASTEdges":[[6,10],[8,10],[15,16],[24,25],[26,27],[30,32],[38,39],[26,40],[44,45]],
"ASTEdges":[],
"AST_1Edges":[[2,6],[9,8],[5,15],[7,21],[2,23],[23,24],[13,28],[28,29],[29,30],[7,37],[13,38],[12,42],[42,43],[43,44]],
"AST_2Edges":[[7,6],[2,8],[13,15],[20,21],[4,22],[22,23],[7,24],[4,29],[31,30],[34,37],[12,38],[13,43],[7,44]],
"templateASTEdges":[],
"templateEdges":[],
"verifHintTplPredEdges":[],
"verifHintTplPredPosNegEdges":[],
"verifHintTplEqTermEdges":[],
"verifHintTplInEqTermEdges":[],
"verifHintTplInEqTermPosNegEdges":[],
"dataFlowASTEdges":[],
"controlFlowHyperEdges":[[0,10,1],[0,16,11],[17,25,1],[1,27,17],[1,32,11],[33,39,11],[11,40,33],[11,45,41]],
"dataFlowHyperEdges":[[5,10,4],[5,16,12],[18,25,2],[19,25,3],[21,25,4],[2,27,18],[3,27,19],[4,27,20],[5,32,12],[2,32,13],[3,32,14],[37,39,12],[35,39,13],[36,39,14],[12,40,34],[13,40,35],[14,40,36]],
"controlLocationEdgeForSCC":[],
"predicateTransitiveEdges":[],
"dummyFiled":[]
}