{
"nodeIds":[0,1,2,3,4,5,6,7,8,9,10,11,12,13,14,15,16,17,18,19,20,21,22,23,24,25,26,27,28,29,30,31,32,33,34,35,36,37,38,39,40,41,42,43,44,45,46,47,48,49,50,51,52,53,54,55,56,57,58,59,60,61,62,63,64,65,66,67,68,69,70,71,72,73,74,75,76,77,78,79,80,81,82,83,84,85,86,87,88,89],
"nodeSymbolList":["dummy","Initial","CONTROL_0","predicateArgument_0","predicateArgument_1",">=","23",">=","3",">=","0",">=","guard_0","CONTROL_1","predicateArgument_2","predicateArgument_3","predicateArgument_4","+","1","-","+","=","-1","=","guard_1","CONTROL_2","predicateArgument_5","predicateArgument_6","predicateArgument_7","+","=","!","=","=","guard_2","-","+","-","=","guard_3","CONTROL_3","predicateArgument_8","predicateArgument_9","predicateArgument_10","predicateArgument_11","+","=","!","=","!","-","+","=","=","guard_4","CONTROL_4","predicateArgument_12","predicateArgument_13","predicateArgument_14","true","guard_5","guard_6","CONTROL_5","predicateArgument_15","predicateArgument_16","+","=","!","=","guard_7","=","guard_8","CONTROL_6","predicateArgument_17","predicateArgument_18","+","=","!","=","!","guard_9","guard_10","guard_11","FALSE",">=",">=",">=",">=",">=","guard_12"],
"falseIndices":[83],
"initialIndices":[1],
"argumentIndices":[3,4,14,15,16,26,27,28,41,42,43,44,56,57,58,63,64,73,74],
"argumentBoundList":[[1,1],[0,0],[1,1],[0,0],[0,0],[1,1],[1,1],[0,0],[1,1],[1,0],[1,1],[0,0],[1,1],[0,0],[0,0],[1,1],[1,1],[1,1],[0,0]],
"argumentBinaryOccurrenceList":[0,0,0,0,0,0,0,0,0,0,0,0,0,0,0,0,0,0,0],
"argumentOccurrence":[0,0,0,0,0,0,0,0,0,0,0,0,0,0,0,0,0,0,0],
"templateIndices":[],
"templateRelevanceLabel":[],
"templateCostLabel":[],
"clauseIndices":[],
"guardIndices":[12,24,34,39,54,60,61,69,71,80,81,82,89],
"clauseBinaryOccurrenceInCounterExampleList":[0,0,0,0,0,0,0,0,0,0,0,0,0],
"predictedLabel":[],
"controlLocationIndices":[2,13,25,40,55,62,72],
"binaryAdjacentList":[[2,2],[3,2],[3,7],[3,9],[3,23],[3,35],[3,66],[3,78],[4,2],[4,5],[4,11],[4,17],[4,33],[4,38],[4,70],[4,76],[5,12],[6,5],[6,85],[7,12],[8,7],[8,86],[9,12],[10,9],[10,11],[10,23],[10,30],[10,33],[10,38],[10,46],[10,48],[10,68],[10,70],[10,78],[10,87],[10,88],[11,12],[13,13],[14,13],[14,30],[14,53],[14,86],[14,88],[15,13],[15,20],[15,45],[15,85],[15,87],[16,13],[16,19],[16,84],[18,17],[18,29],[18,32],[18,36],[18,45],[19,20],[20,21],[21,24],[22,21],[22,52],[22,65],[22,66],[22,75],[22,76],[22,84],[23,24],[25,25],[26,25],[26,29],[27,25],[27,32],[28,25],[30,31],[31,34],[32,34],[33,34],[35,36],[36,37],[38,39],[40,40],[41,40],[41,46],[41,50],[41,53],[42,40],[42,48],[43,40],[43,51],[44,40],[46,47],[47,54],[48,49],[49,54],[50,51],[51,52],[52,54],[53,54],[55,55],[56,55],[57,55],[58,55],[59,60],[59,61],[59,81],[59,82],[62,62],[63,62],[63,65],[64,62],[64,68],[66,67],[67,69],[68,69],[70,71],[72,72],[73,72],[74,72],[74,75],[76,77],[77,80],[78,79],[79,80],[84,89],[85,89],[86,89],[87,89],[88,89]],
"ternaryAdjacencyList":[[1,12,2],[2,24,13],[10,24,14],[17,24,16],[2,34,13],[25,34,13],[29,34,14],[3,34,14],[10,34,15],[28,34,16],[2,39,25],[37,39,26],[18,39,27],[2,54,40],[13,54,40],[14,54,41],[45,54,42],[4,54,42],[16,54,44],[40,60,13],[55,60,13],[41,60,14],[42,60,15],[58,60,16],[40,61,55],[43,61,56],[44,61,57],[62,69,2],[65,69,3],[18,69,4],[2,71,62],[3,71,63],[10,71,64],[72,80,2],[73,80,3],[75,80,4],[2,81,72],[3,81,73],[4,81,74],[40,82,2],[43,82,3],[44,82,4],[13,89,83]],
"unknownEdges":[],
"argumentIDList":[13,14,0,1,2,7,8,9,3,4,5,6,10,11,12,15,16,17,18],
"argumentNameList":["ackermann_pre:argument0","ackermann_pre:argument1","ackermann1:argument0","ackermann1:argument1","ackermann1:argument2","ackermann1_2_1:argument0","ackermann1_2_1:argument1","ackermann1_2_1:argument2","ackermann11:argument0","ackermann11:argument1","ackermann11:argument2","ackermann11:argument3","ackermann1_4_1:argument0","ackermann1_4_1:argument1","ackermann1_4_1:argument2","ackermann_pre_5_1:argument0","ackermann_pre_5_1:argument1","ackermann_pre_6_1:argument0","ackermann_pre_6_1:argument1"],
"predicateIndices":[2,13,25,40,55,62,72],
"predicateOccurrenceInClause":[10,5,2,4,2,2,2],
"predicateStrongConnectedComponent":[1,1,1,1,1,1,1],
"argumentEdges":[[3,2],[4,2],[14,13],[15,13],[16,13],[26,25],[27,25],[28,25],[41,40],[42,40],[43,40],[44,40],[56,55],[57,55],[58,55],[63,62],[64,62],[73,72],[74,72]],
"guardASTEdges":[[5,12],[7,12],[9,12],[11,12],[21,24],[23,24],[31,34],[32,34],[33,34],[38,39],[47,54],[49,54],[52,54],[53,54],[59,60],[59,61],[67,69],[68,69],[70,71],[77,80],[79,80],[59,81],[59,82],[84,89],[85,89],[86,89],[87,89],[88,89]],
"ASTEdges":[],
"AST_1Edges":[[6,5],[8,7],[3,9],[4,11],[18,17],[15,20],[20,21],[3,23],[18,29],[14,30],[30,31],[27,32],[4,33],[18,36],[36,37],[4,38],[18,45],[41,46],[46,47],[42,48],[48,49],[43,51],[51,52],[14,53],[22,65],[3,66],[66,67],[64,68],[4,70],[22,75],[4,76],[76,77],[3,78],[78,79],[22,84],[6,85],[8,86],[15,87],[14,88]],
"AST_2Edges":[[4,5],[3,7],[10,9],[10,11],[4,17],[16,19],[19,20],[22,21],[10,23],[26,29],[10,30],[18,32],[10,33],[3,35],[35,36],[10,38],[15,45],[10,46],[10,48],[41,50],[50,51],[22,52],[41,53],[63,65],[22,66],[10,68],[10,70],[74,75],[22,76],[10,78],[16,84],[15,85],[14,86],[10,87],[10,88]],
"templateASTEdges":[],
"templateEdges":[],
"verifHintTplPredEdges":[],
"verifHintTplPredPosNegEdges":[],
"verifHintTplEqTermEdges":[],
"verifHintTplInEqTermEdges":[],
"verifHintTplInEqTermPosNegEdges":[],
"dataFlowASTEdges":[],
"controlFlowHyperEdges":[[1,12,2],[2,24,13],[2,34,13],[25,34,13],[2,39,25],[2,54,40],[13,54,40],[40,60,13],[55,60,13],[40,61,55],[62,69,2],[2,71,62],[72,80,2],[2,81,72],[40,82,2],[13,89,83]],
"dataFlowHyperEdges":[[10,24,14],[17,24,16],[29,34,14],[3,34,14],[10,34,15],[28,34,16],[37,39,26],[18,39,27],[14,54,41],[45,54,42],[4,54,42],[16,54,44],[41,60,14],[42,60,15],[58,60,16],[43,61,56],[44,61,57],[65,69,3],[18,69,4],[3,71,63],[10,71,64],[73,80,3],[75,80,4],[3,81,73],[4,81,74],[43,82,3],[44,82,4]],
"controlLocationEdgeForSCC":[],
"predicateTransitiveEdges":[[55,55],[62,62],[25,25],[72,72],[13,13],[2,2],[40,40]],
"dummyFiled":[]
}