{
"nodeIds":[0,1,2,3,4,5,6,7,8,9,10,11,12,13,14,15,16,17,18,19,20,21,22,23,24],
"nodeSymbolList":["Initial","CONTROL_0","predicateArgument_0","predicateArgument_1","0","=","!","guard_0","CONTROL_1","predicateArgument_2","predicateArgument_3","+","-1","+","1","=","!","guard_1","true","guard_2","FALSE","=","=","19","guard_3"],
"falseIndices":[20],
"initialIndices":[0],
"argumentIndices":[2,3,9,10],
"argumentBoundList":[[0,0],[1,0],[0,0],[1,0]],
"argumentBinaryOccurrenceList":[0,0,0,0],
"argumentOccurrence":[0,0,0,0],
"templateIndices":[],
"templateRelevanceLabel":[],
"templateCostLabel":[],
"clauseIndices":[],
"guardIndices":[7,17,19,24],
"clauseBinaryOccurrenceInCounterExampleList":[0,0,0,0],
"controlLocationIndices":[1,8],
"binaryAdjacentList":[[2,1],[2,5],[2,15],[2,21],[3,1],[3,22],[4,5],[4,15],[5,6],[6,7],[9,8],[9,11],[10,8],[10,13],[12,11],[14,13],[14,21],[15,16],[16,17],[18,19],[21,24],[22,24],[23,22]],
"ternaryAdjacencyList":[[0,7,1],[4,7,3],[8,17,1],[11,17,2],[13,17,3],[1,19,8],[2,19,9],[3,19,10],[1,24,20]],
"unknownEdges":[],
"argumentIDList":[0,1,2,3],
"argumentNameList":["main@tailrecurse.i:argument0","main@tailrecurse.i:argument1","main@tailrecurse.i_1_1:argument0","main@tailrecurse.i_1_1:argument1"],
"predicateIndices":[1,8],
"predicateOccurrenceInClause":[4,2],
"predicateStrongConnectedComponent":[1,1],
"argumentEdges":[[2,1],[3,1],[9,8],[10,8]],
"guardASTEdges":[[6,7],[16,17],[18,19],[21,24],[22,24]],
"ASTEdges":[],
"AST_1Edges":[[2,5],[5,6],[12,11],[14,13],[2,15],[15,16],[2,21],[3,22]],
"AST_2Edges":[[4,5],[9,11],[10,13],[4,15],[14,21],[23,22]],
"templateASTEdges":[],
"templateEdges":[],
"verifHintTplPredEdges":[],
"verifHintTplPredPosNegEdges":[],
"verifHintTplEqTermEdges":[],
"verifHintTplInEqTermEdges":[],
"verifHintTplInEqTermPosNegEdges":[],
"dataFlowASTEdges":[],
"controlFlowHyperEdges":[[0,7,1],[8,17,1],[1,19,8],[1,24,20]],
"dataFlowHyperEdges":[[4,7,3],[11,17,2],[13,17,3],[2,19,9],[3,19,10]],
"controlLocationEdgeForSCC":[],
"predicateTransitiveEdges":[],
"dummyFiled":[]
}