{
"nodeIds":[0,1,2,3,4,5,6,7,8,9,10,11,12,13,14,15,16,17,18,19,20,21,22,23,24,25,26,27,28,29,30,31,32,33,34,35,36,37,38,39,40,41,42,43,44,45,46,47,48,49,50,51,52,53,54,55,56,57,58,59,60,61,62,63,64,65,66,67,68,69,70,71,72,73,74,75,76,77,78,79,80,81,82,83,84,85,86,87,88,89,90,91,92,93,94,95,96,97,98,99,100,101,102,103,104,105,106,107,108,109,110,111,112,113,114,115,116,117,118,119,120,121,122,123,124,125,126,127,128,129,130,131,132,133,134,135,136,137,138,139],
"nodeSymbolList":["predicateName_0","predicateArgument_0","predicateArgument_1","predicateArgument_2","predicateArgument_3","FALSE","clause_0","=","symbolicConstant_0","0","!","=","symbolicConstant_1","!","=","symbolicConstant_2","!",">=","1073741823","symbolicConstant_3",">=",">=","symbolicConstant_4",">=","1","=","symbolicConstant_5","=","symbolicConstant_6","clauseHead_0","clauseArgument_0","clauseArgument_1","clauseArgument_2","clauseArgument_3","clause_1","=","symbolicConstant_7","!","=","symbolicConstant_8","!","+","symbolicConstant_9","-1","=","!","=","symbolicConstant_10","!",">=","clauseHead_1","clauseArgument_4","symbolicConstant_11","clauseArgument_5","symbolicConstant_12","clauseArgument_6","clauseArgument_7","symbolicConstant_13","clauseBody_0","clauseArgument_8","clauseArgument_9","clauseArgument_10","clauseArgument_11","+","clause_2","=","symbolicConstant_14","!","=","symbolicConstant_15","!","+","symbolicConstant_16",">=","2","clauseHead_2","clauseArgument_12","symbolicConstant_17","clauseArgument_13","symbolicConstant_18","clauseArgument_14","clauseArgument_15","symbolicConstant_19","clauseBody_1","clauseArgument_16","clauseArgument_17","clauseArgument_18","clauseArgument_19","+","clause_3","-","symbolicConstant_20","+","symbolicConstant_21","+","symbolicConstant_22","=","=","symbolicConstant_23","!","=","symbolicConstant_24","!","=","symbolicConstant_25","!","clauseHead_3","clauseBody_2","clauseArgument_20","clauseArgument_21","clauseArgument_22","clauseArgument_23","+","clause_4","-","symbolicConstant_26","+","symbolicConstant_27","+","symbolicConstant_28","=","=","symbolicConstant_29","!","=","symbolicConstant_30","!","=","symbolicConstant_31","!","=","symbolicConstant_32","!","clauseHead_4","clauseBody_3","clauseArgument_24","clauseArgument_25","clauseArgument_26","clauseArgument_27","+"],
"falseIndices":[5],
"initialIndices":[],
"argumentIndices":[1,2,3,4],
"argumentBoundList":[[1,1],[1,1],[1,1],[1,0]],
"argumentBinaryOccurrenceList":[0,0,0,0],
"argumentOccurrence":[0,0,0,0],
"templateIndices":[],
"templateRelevanceLabel":[],
"templateCostLabel":[],
"clauseIndices":[6,34,64,89,113],
"guardIndices":[],
"clauseBinaryOccurrenceInCounterExampleList":[0,0,0,0,0],
"predictedLabel":[],
"controlLocationIndices":[],
"binaryAdjacentList":[[0,1],[0,2],[0,3],[0,4],[0,29],[0,50],[0,75],[1,30],[1,51],[1,59],[1,76],[1,84],[1,108],[1,135],[2,31],[2,53],[2,60],[2,78],[2,85],[2,109],[2,136],[3,32],[3,55],[3,61],[3,80],[3,86],[3,110],[3,137],[4,33],[4,56],[4,62],[4,81],[4,87],[4,111],[4,138],[5,106],[5,133],[6,29],[7,10],[8,7],[9,7],[9,11],[9,14],[9,20],[9,35],[9,38],[9,46],[9,49],[9,65],[9,68],[9,96],[9,97],[9,103],[9,120],[9,121],[9,127],[9,130],[10,6],[11,13],[12,11],[13,6],[14,16],[15,14],[16,6],[17,6],[18,17],[18,21],[19,17],[19,20],[19,25],[20,6],[21,6],[22,21],[22,23],[22,27],[23,6],[24,23],[24,63],[24,71],[24,110],[24,139],[25,6],[26,25],[27,6],[28,27],[29,30],[29,31],[29,32],[29,33],[30,19],[31,22],[32,28],[33,26],[34,50],[35,37],[36,35],[37,34],[38,40],[39,38],[40,34],[41,44],[41,49],[41,61],[42,41],[43,41],[43,44],[43,88],[43,112],[43,137],[44,45],[45,34],[46,48],[47,46],[48,34],[49,34],[50,51],[50,53],[50,55],[50,56],[51,52],[52,59],[53,54],[54,60],[55,42],[56,57],[57,63],[58,0],[58,34],[59,58],[60,58],[61,58],[62,58],[63,62],[64,75],[65,67],[66,65],[67,64],[68,70],[69,68],[70,64],[71,73],[71,86],[72,71],[73,64],[74,73],[75,76],[75,78],[75,80],[75,81],[76,77],[77,84],[78,79],[79,85],[80,72],[81,82],[82,88],[83,0],[83,64],[84,83],[85,83],[86,83],[87,83],[88,87],[89,106],[90,92],[91,90],[91,108],[92,94],[93,92],[93,109],[94,96],[95,94],[95,100],[96,89],[97,99],[98,97],[99,89],[100,102],[101,100],[101,112],[102,89],[103,105],[104,103],[105,89],[107,0],[107,89],[108,107],[109,107],[110,107],[111,107],[112,111],[113,133],[114,116],[115,114],[115,135],[116,118],[117,116],[117,136],[118,120],[119,118],[119,124],[120,113],[121,123],[122,121],[123,113],[124,126],[125,124],[125,139],[126,113],[127,129],[128,127],[129,113],[130,132],[131,130],[132,113],[134,0],[134,113],[135,134],[136,134],[137,134],[138,134],[139,138]],
"ternaryAdjacencyList":[],
"unknownEdges":[],
"argumentIDList":[0,1,2,3],
"argumentNameList":["main@.lr.ph.i:argument0","main@.lr.ph.i:argument1","main@.lr.ph.i:argument2","main@.lr.ph.i:argument3"],
"predicateIndices":[0],
"predicateOccurrenceInClause":[7],
"predicateStrongConnectedComponent":[1],
"predicateArgumentEdges":[[0,1],[0,2],[0,3],[0,4]],
"predicateInstanceEdges":[[0,29],[0,50],[58,0],[0,75],[83,0],[5,106],[107,0],[5,133],[134,0]],
"argumentInstanceEdges":[[1,30],[2,31],[3,32],[4,33],[1,51],[2,53],[3,55],[4,56],[1,59],[2,60],[3,61],[4,62],[1,76],[2,78],[3,80],[4,81],[1,84],[2,85],[3,86],[4,87],[1,108],[2,109],[3,110],[4,111],[1,135],[2,136],[3,137],[4,138]],
"controlHeadEdges":[[6,29],[34,50],[64,75],[89,106],[113,133]],
"controlBodyEdges":[[58,34],[83,64],[107,89],[134,113]],
"controlEdges":[],
"controlArgumentEdges":[[29,30],[29,31],[29,32],[29,33],[50,51],[50,53],[50,55],[50,56],[59,58],[60,58],[61,58],[62,58],[75,76],[75,78],[75,80],[75,81],[84,83],[85,83],[86,83],[87,83],[108,107],[109,107],[110,107],[111,107],[135,134],[136,134],[137,134],[138,134]],
"subTermEdges":[[8,7],[9,7],[7,10],[12,11],[9,11],[11,13],[15,14],[9,14],[14,16],[18,17],[19,17],[19,20],[9,20],[18,21],[22,21],[22,23],[24,23],[26,25],[19,25],[28,27],[22,27],[36,35],[9,35],[35,37],[39,38],[9,38],[38,40],[42,41],[43,41],[41,44],[43,44],[44,45],[47,46],[9,46],[46,48],[9,49],[41,49],[57,63],[24,63],[66,65],[9,65],[65,67],[69,68],[9,68],[68,70],[72,71],[24,71],[71,73],[74,73],[82,88],[43,88],[91,90],[93,92],[90,92],[92,94],[95,94],[94,96],[9,96],[98,97],[9,97],[97,99],[95,100],[101,100],[100,102],[104,103],[9,103],[103,105],[101,112],[43,112],[115,114],[117,116],[114,116],[116,118],[119,118],[118,120],[9,120],[122,121],[9,121],[121,123],[119,124],[125,124],[124,126],[128,127],[9,127],[127,129],[131,130],[9,130],[130,132],[125,139],[24,139]],
"guardEdges":[[10,6],[13,6],[16,6],[17,6],[20,6],[21,6],[23,6],[25,6],[27,6],[37,34],[40,34],[45,34],[48,34],[49,34],[67,64],[70,64],[73,64],[96,89],[99,89],[102,89],[105,89],[120,113],[123,113],[126,113],[129,113],[132,113]],
"dataEdges":[[30,19],[31,22],[32,28],[33,26],[51,52],[53,54],[55,42],[56,57],[52,59],[54,60],[41,61],[63,62],[76,77],[78,79],[80,72],[81,82],[77,84],[79,85],[71,86],[88,87],[91,108],[93,109],[24,110],[112,111],[115,135],[117,136],[43,137],[139,138]],
"predicateInstanceHeadEdges":[],
"predicateInstanceBodyEdges":[],
"controlArgumentHeadEdges":[],
"controlArgumentBodyEdges":[],
"guardConstantEdges":[],
"guardOperatorEdges":[],
"guardScEdges":[],
"dataConstantEdges":[],
"dataOperatorEdges":[],
"dataScEdges":[],
"subTermConstantOperatorEdges":[],
"subTermOperatorOperatorEdges":[],
"subTermScOperatorEdges":[],
"dummyFiled":[]
}