{
"nodeIds":[0,1,2,3,4,5,6,7,8,9,10,11,12,13,14,15,16,17,18,19,20,21,22,23,24,25,26,27,28,29,30,31,32,33,34,35,36,37,38,39,40,41,42,43,44,45,46,47,48,49,50,51,52,53,54,55,56,57,58,59,60,61,62,63,64,65,66,67,68,69,70,71,72,73,74,75,76],
"nodeSymbolList":["dummy","Initial","CONTROL_0","predicateArgument_0","CONTROL_1","predicateArgument_1","predicateArgument_2","predicateArgument_3","predicateArgument_4","predicateArgument_5","+","-1","=","1","guard_0","CONTROL_2","predicateArgument_6","predicateArgument_7","predicateArgument_8","predicateArgument_9","predicateArgument_10","+","+","-","-","+","+","=",">=","guard_1","true","guard_2","CONTROL_3","predicateArgument_11","predicateArgument_12","predicateArgument_13","predicateArgument_14","+","+",">=","guard_3","+","=","guard_4","CONTROL_4","predicateArgument_15","predicateArgument_16","predicateArgument_17","predicateArgument_18","predicateArgument_19","CONTROL_5","predicateArgument_20","predicateArgument_21","predicateArgument_22","predicateArgument_23","predicateArgument_24","+","+","-","+",">=","2","-","+","+","=","guard_5","guard_6","+","+","=","guard_7",">=","guard_8","guard_9","FALSE","guard_10"],
"falseIndices":[75],
"initialIndices":[1],
"argumentIndices":[3,5,6,7,8,9,16,17,18,19,20,33,34,35,36,45,46,47,48,49,51,52,53,54,55],
"argumentBoundList":[["None","None"],["None","None"],["None","None"],["None","None"],["None","None"],["None","None"],["None","None"],["None","None"],["None","None"],["None","None"],["None","None"],["None","None"],["None","None"],["None","None"],["None","None"],["None","None"],["None","None"],["None","None"],["None","None"],["None","None"],["None","None"],["None","None"],["None","None"],["None","None"],["None","None"]],
"argumentBinaryOccurrenceList":[0,0,0,0,0,0,0,0,0,0,0,0,0,0,0,0,0,0,0,0,0,0,0,0,0],
"argumentOccurrence":[0,0,0,0,0,0,0,0,0,0,0,0,0,0,0,0,0,0,0,0,0,0,0,0,0],
"templateIndices":[],
"templateRelevanceLabel":[],
"templateCostLabel":[],
"clauseIndices":[],
"guardIndices":[14,29,31,40,43,66,67,71,73,74,76],
"clauseBinaryOccurrenceInCounterExampleList":[0,0,0,0,0,0,0,0,0,0,1],
"predictedLabel":[],
"controlLocationIndices":[2,4,15,32,44,50],
"binaryAdjacentList":[[3,2],[4,4],[5,4],[5,12],[5,39],[6,4],[6,10],[7,4],[7,26],[8,4],[8,23],[8,28],[9,4],[11,10],[11,21],[11,22],[11,37],[11,38],[11,41],[11,65],[12,14],[13,12],[13,27],[13,28],[13,39],[13,42],[13,56],[13,68],[13,69],[13,70],[13,72],[15,15],[16,15],[16,22],[17,15],[17,21],[18,15],[19,15],[20,15],[20,24],[23,25],[24,25],[25,26],[26,27],[27,29],[28,29],[30,31],[30,67],[30,74],[30,76],[33,32],[33,38],[33,41],[34,32],[35,32],[36,32],[36,37],[36,42],[39,40],[42,43],[44,44],[45,44],[45,70],[45,72],[46,44],[46,68],[47,44],[47,64],[48,44],[48,59],[48,62],[49,44],[49,69],[50,50],[51,50],[51,57],[52,50],[52,56],[53,50],[54,50],[55,50],[55,57],[55,58],[55,63],[58,59],[59,60],[60,66],[61,60],[62,63],[63,64],[64,65],[65,66],[70,71],[72,73]],
"ternaryAdjacencyList":[[4,14,2],[10,14,3],[15,29,4],[19,29,5],[21,29,6],[22,29,8],[18,29,9],[4,31,15],[5,31,16],[6,31,17],[7,31,18],[8,31,19],[9,31,20],[32,40,4],[37,40,5],[38,40,6],[34,40,7],[35,40,8],[13,40,9],[32,43,2],[41,43,3],[50,66,44],[53,66,45],[56,66,46],[57,66,48],[54,66,49],[44,67,50],[45,67,51],[46,67,52],[47,67,53],[48,67,54],[49,67,55],[44,71,32],[68,71,33],[69,71,34],[48,71,35],[47,71,36],[1,73,44],[13,73,46],[13,73,49],[1,74,32],[13,74,33],[13,74,36],[2,76,75]],
"unknownEdges":[],
"argumentIDList":[10,11,12,13,14,15,16,17,18,19,20,21,22,23,24,0,1,2,3,4,5,6,7,8,9],
"argumentNameList":["main_h_22:argument0","main_h_23:argument0","main_h_23:argument1","main_h_23:argument2","main_h_23:argument3","main_h_23:argument4","main_h_23_1_1:argument0","main_h_23_1_1:argument1","main_h_23_1_1:argument2","main_h_23_1_1:argument3","main_h_23_1_1:argument4","main_h_9:argument0","main_h_9:argument1","main_h_9:argument2","main_h_9:argument3","main_h_10:argument0","main_h_10:argument1","main_h_10:argument2","main_h_10:argument3","main_h_10:argument4","main_h_10_4_1:argument0","main_h_10_4_1:argument1","main_h_10_4_1:argument2","main_h_10_4_1:argument3","main_h_10_4_1:argument4"],
"predicateIndices":[2,4,15,32,44,50],
"predicateOccurrenceInClause":[3,4,2,4,4,2],
"predicateStrongConnectedComponent":[0,1,1,0,1,1],
"argumentEdges":[[3,2],[5,4],[6,4],[7,4],[8,4],[9,4],[16,15],[17,15],[18,15],[19,15],[20,15],[33,32],[34,32],[35,32],[36,32],[45,44],[46,44],[47,44],[48,44],[49,44],[51,50],[52,50],[53,50],[54,50],[55,50]],
"guardASTEdges":[[12,14],[27,29],[28,29],[30,31],[39,40],[42,43],[60,66],[65,66],[30,67],[70,71],[72,73],[30,74],[30,76]],
"ASTEdges":[],
"AST_1Edges":[[11,10],[5,12],[11,21],[11,22],[8,23],[23,25],[7,26],[26,27],[8,28],[11,37],[11,38],[5,39],[11,41],[36,42],[13,56],[51,57],[48,59],[59,60],[48,62],[62,63],[47,64],[64,65],[13,68],[13,69],[45,70],[45,72]],
"AST_2Edges":[[6,10],[13,12],[17,21],[16,22],[20,24],[24,25],[25,26],[13,27],[13,28],[36,37],[33,38],[13,39],[33,41],[13,42],[52,56],[55,57],[55,58],[58,59],[61,60],[55,63],[63,64],[11,65],[46,68],[49,69],[13,70],[13,72]],
"templateASTEdges":[],
"templateEdges":[],
"verifHintTplPredEdges":[],
"verifHintTplPredPosNegEdges":[],
"verifHintTplEqTermEdges":[],
"verifHintTplInEqTermEdges":[],
"verifHintTplInEqTermPosNegEdges":[],
"dataFlowASTEdges":[],
"controlFlowHyperEdges":[[4,14,2],[15,29,4],[4,31,15],[32,40,4],[32,43,2],[50,66,44],[44,67,50],[44,71,32],[1,73,44],[1,74,32],[2,76,75]],
"dataFlowHyperEdges":[[10,14,3],[19,29,5],[21,29,6],[22,29,8],[18,29,9],[5,31,16],[6,31,17],[7,31,18],[8,31,19],[9,31,20],[37,40,5],[38,40,6],[34,40,7],[35,40,8],[13,40,9],[41,43,3],[53,66,45],[56,66,46],[57,66,48],[54,66,49],[45,67,51],[46,67,52],[47,67,53],[48,67,54],[49,67,55],[68,71,33],[69,71,34],[48,71,35],[47,71,36],[13,73,46],[13,73,49],[13,74,33],[13,74,36]],
"controlLocationEdgeForSCC":[],
"predicateTransitiveEdges":[[4,4],[15,15],[44,44],[50,50]],
"dummyFiled":[]
}