{
"nodeIds":[0,1,2,3,4,5,6,7,8,9,10,11,12,13,14,15,16,17,18,19,20,21,22],
"nodeSymbolList":["dummy","Initial","CONTROL_0","predicateArgument_0","predicateArgument_1","0","true","guard_0","CONTROL_1","predicateArgument_2","predicateArgument_3","+","1","+","=","!","guard_1","guard_2","FALSE","=","5","=","guard_3"],
"falseIndices":[18],
"initialIndices":[1],
"argumentIndices":[3,4,9,10],
"argumentBoundList":[["None","None"],["None","None"],["None","None"],["None","None"]],
"argumentBinaryOccurrenceList":[0,0,0,0],
"argumentOccurrence":[0,0,0,0],
"templateIndices":[],
"templateRelevanceLabel":[],
"templateCostLabel":[],
"clauseIndices":[],
"guardIndices":[7,16,17,22],
"clauseBinaryOccurrenceInCounterExampleList":[1,1,1,1],
"predictedLabel":[],
"controlLocationIndices":[2,8],
"binaryAdjacentList":[[2,2],[3,2],[3,14],[3,19],[4,2],[4,21],[5,14],[6,7],[6,17],[8,8],[9,8],[9,11],[10,8],[10,13],[12,11],[12,13],[14,15],[15,16],[19,22],[20,19],[20,21],[21,22]],
"ternaryAdjacencyList":[[1,7,2],[5,7,3],[5,7,4],[8,16,2],[11,16,3],[13,16,4],[2,17,8],[3,17,9],[4,17,10],[2,22,18]],
"unknownEdges":[],
"argumentIDList":[0,1,2,3],
"argumentNameList":["id_3:argument0","id_3:argument1","id_3_1_1:argument0","id_3_1_1:argument1"],
"predicateIndices":[2,8],
"predicateOccurrenceInClause":[4,2],
"predicateStrongConnectedComponent":[1,1],
"argumentEdges":[[3,2],[4,2],[9,8],[10,8]],
"guardASTEdges":[[6,7],[15,16],[6,17],[19,22],[21,22]],
"ASTEdges":[],
"AST_1Edges":[[12,11],[12,13],[3,14],[14,15],[3,19],[4,21]],
"AST_2Edges":[[9,11],[10,13],[5,14],[20,19],[20,21]],
"templateASTEdges":[],
"templateEdges":[],
"verifHintTplPredEdges":[],
"verifHintTplPredPosNegEdges":[],
"verifHintTplEqTermEdges":[],
"verifHintTplInEqTermEdges":[],
"verifHintTplInEqTermPosNegEdges":[],
"dataFlowASTEdges":[],
"controlFlowHyperEdges":[[1,7,2],[8,16,2],[2,17,8],[2,22,18]],
"dataFlowHyperEdges":[[5,7,3],[5,7,4],[11,16,3],[13,16,4],[3,17,9],[4,17,10]],
"controlLocationEdgeForSCC":[],
"predicateTransitiveEdges":[[2,2],[8,8]],
"dummyFiled":[]
}