{
"nodeIds":[0,1,2,3,4,5,6,7,8,9,10,11,12,13,14,15,16,17,18,19,20,21,22,23,24,25,26,27,28,29,30,31,32,33,34,35,36,37,38,39,40,41,42,43,44,45,46,47,48,49,50,51,52,53,54,55,56,57,58,59],
"nodeSymbolList":["predicateName_0","predicateArgument_0","predicateArgument_1","FALSE","clause_0","=","symbolicConstant_0","1","=","symbolicConstant_1","-1","clauseHead_0","clauseArgument_0","clauseArgument_1","clause_1","*","symbolicConstant_2","4","=","symbolicConstant_3","*","symbolicConstant_4","-2","=","symbolicConstant_5","+",">=","clauseHead_1","clauseArgument_2","clauseArgument_3","clauseBody_0","clauseArgument_4","clauseArgument_5","clause_2","*","symbolicConstant_6","=","symbolicConstant_7",">=","0","clauseHead_2","clauseArgument_6","clauseArgument_7","symbolicConstant_8","clauseBody_1","clauseArgument_8","clauseArgument_9","clause_3","+","symbolicConstant_9","symbolicConstant_10","=",">=","5143523","|","!","clauseHead_3","clauseBody_2","clauseArgument_10","clauseArgument_11"],
"falseIndices":[3],
"initialIndices":[],
"argumentIndices":[1,2],
"argumentBoundList":[[0,0],[0,1]],
"argumentBinaryOccurrenceList":[0,0],
"argumentOccurrence":[0,0],
"templateIndices":[],
"templateRelevanceLabel":[],
"templateCostLabel":[],
"clauseIndices":[4,14,33,47],
"guardIndices":[],
"clauseBinaryOccurrenceInCounterExampleList":[0,0,0,0],
"predictedLabel":[],
"controlLocationIndices":[],
"binaryAdjacentList":[[0,1],[0,2],[0,11],[0,27],[0,40],[1,12],[1,28],[1,31],[1,41],[1,45],[1,58],[2,13],[2,29],[2,32],[2,42],[2,46],[2,59],[3,56],[4,11],[5,4],[6,5],[7,5],[7,26],[8,4],[9,8],[10,8],[11,12],[11,13],[12,6],[13,9],[14,27],[15,18],[16,15],[16,32],[17,15],[18,14],[19,18],[20,23],[21,20],[21,25],[21,31],[22,20],[22,34],[23,14],[24,23],[24,25],[25,26],[26,14],[27,28],[27,29],[28,24],[29,19],[30,0],[30,14],[31,30],[32,30],[33,40],[34,36],[35,34],[35,38],[35,45],[36,33],[37,36],[38,33],[39,38],[39,51],[40,41],[40,42],[41,37],[42,43],[43,46],[44,0],[44,33],[45,44],[46,44],[47,56],[48,51],[49,48],[49,52],[49,58],[50,48],[50,59],[51,54],[52,54],[53,52],[54,55],[55,47],[57,0],[57,47],[58,57],[59,57]],
"ternaryAdjacencyList":[],
"unknownEdges":[],
"argumentIDList":[0,1],
"argumentNameList":["inv:argument0","inv:argument1"],
"predicateIndices":[0],
"predicateOccurrenceInClause":[6],
"predicateStrongConnectedComponent":[1],
"predicateArgumentEdges":[[0,1],[0,2]],
"predicateInstanceEdges":[[0,11],[0,27],[30,0],[0,40],[44,0],[3,56],[57,0]],
"argumentInstanceEdges":[[1,12],[2,13],[1,28],[2,29],[1,31],[2,32],[1,41],[2,42],[1,45],[2,46],[1,58],[2,59]],
"controlHeadEdges":[[4,11],[14,27],[33,40],[47,56]],
"controlBodyEdges":[[30,14],[44,33],[57,47]],
"controlEdges":[],
"controlArgumentEdges":[[11,12],[11,13],[27,28],[27,29],[31,30],[32,30],[40,41],[40,42],[45,44],[46,44],[58,57],[59,57]],
"subTermEdges":[[6,5],[7,5],[9,8],[10,8],[16,15],[17,15],[15,18],[19,18],[21,20],[22,20],[24,23],[20,23],[21,25],[24,25],[25,26],[7,26],[35,34],[22,34],[37,36],[34,36],[35,38],[39,38],[49,48],[50,48],[39,51],[48,51],[53,52],[49,52],[51,54],[52,54],[54,55]],
"guardEdges":[[5,4],[8,4],[18,14],[23,14],[26,14],[36,33],[38,33],[55,47]],
"dataEdges":[[12,6],[13,9],[28,24],[29,19],[21,31],[16,32],[41,37],[42,43],[35,45],[43,46],[49,58],[50,59]],
"predicateInstanceHeadEdges":[],
"predicateInstanceBodyEdges":[],
"controlArgumentHeadEdges":[],
"controlArgumentBodyEdges":[],
"guardConstantEdges":[],
"guardOperatorEdges":[],
"guardScEdges":[],
"dataConstantEdges":[],
"dataOperatorEdges":[],
"dataScEdges":[],
"subTermConstantOperatorEdges":[],
"subTermOperatorOperatorEdges":[],
"subTermScOperatorEdges":[],
"dummyFiled":[]
}