{
"nodeIds":[0,1,2,3,4,5,6,7,8,9,10,11,12,13,14,15,16,17,18,19,20,21,22,23,24,25,26,27,28,29,30,31,32,33,34,35,36,37,38,39,40,41,42,43,44,45,46,47,48,49,50,51,52,53,54,55,56,57,58,59,60,61,62,63,64,65,66,67,68,69,70,71,72,73,74,75,76,77,78,79,80,81,82,83,84,85,86,87,88,89,90,91,92,93,94,95,96,97,98,99,100,101,102,103,104,105,106,107,108,109,110,111,112,113,114,115,116,117,118,119,120,121,122,123,124,125,126,127,128,129,130,131,132,133,134,135,136,137,138,139,140,141,142,143,144,145,146,147,148,149,150,151,152,153,154,155,156,157,158,159,160,161,162,163,164,165,166,167,168,169,170,171,172,173,174,175,176,177,178,179,180,181,182,183,184,185,186,187,188,189,190,191,192,193,194,195,196,197,198,199,200,201,202,203,204,205,206,207,208,209,210,211,212,213,214,215,216,217,218,219,220,221],
"nodeSymbolList":["predicateName_0","predicateArgument_0","predicateName_1","predicateName_2","predicateArgument_1","predicateName_3","predicateArgument_2","predicateArgument_3","predicateArgument_4","predicateArgument_5","predicateName_4","predicateArgument_6","predicateName_5","predicateArgument_7","predicateName_6","predicateName_7","FALSE","clause_0","+","symbolicConstant_0","-1","=","2","clauseHead_0","clauseArgument_0","clauseBody_0","clauseBody_1","clause_1","true","clauseHead_1","clauseArgument_1","symbolicConstant_1","clauseBody_2","clauseArgument_2","clause_2","=","symbolicConstant_2","0","!","=","symbolicConstant_3","!",">=","symbolicConstant_4","+","symbolicConstant_5","-3","*","=","=","symbolicConstant_6","!",">=","symbolicConstant_7","-2147483648",">=","2147483647","+","symbolicConstant_8","*","=","=","symbolicConstant_9","!",">=",">=",">=",">=","symbolicConstant_10",">=",">=","symbolicConstant_11",">=",">=","symbolicConstant_12",">=",">=","clauseHead_2","clauseArgument_3","symbolicConstant_13","clauseArgument_4","clauseArgument_5","symbolicConstant_14","clauseArgument_6","symbolicConstant_15","clause_3","=","symbolicConstant_16","!","=","symbolicConstant_17","!",">=","symbolicConstant_18","!","+","symbolicConstant_19","*","=","=","symbolicConstant_20","!",">=","symbolicConstant_21",">=","+","symbolicConstant_22","*","=",">=",">=",">=",">=","symbolicConstant_23",">=",">=","symbolicConstant_24",">=","symbolicConstant_25",">=",">=",">=",">=",">=","symbolicConstant_26","clauseHead_3","clauseArgument_7","symbolicConstant_27","clauseArgument_8","clauseArgument_9","symbolicConstant_28","clauseArgument_10","symbolicConstant_29","clause_4","=","symbolicConstant_30","!",">=","symbolicConstant_31","=","symbolicConstant_32","!","clauseHead_4","clauseArgument_11","clauseBody_3","clauseArgument_12","symbolicConstant_33","clauseArgument_13","clauseArgument_14","clauseArgument_15","symbolicConstant_34","clauseBody_4","clauseArgument_16","clauseArgument_17","clauseArgument_18","clauseArgument_19","clause_5","clauseHead_5","clauseBody_5","clauseArgument_20","clause_6","=","symbolicConstant_35","!",">=","symbolicConstant_36","!","=","symbolicConstant_37","!","clauseHead_6","clauseArgument_21","clauseBody_6","clauseArgument_22","clauseArgument_23","clauseArgument_24","symbolicConstant_38","clauseArgument_25","clauseBody_7","clauseArgument_26","clauseArgument_27","clauseArgument_28","clauseArgument_29","clause_7","clauseHead_7","clauseBody_8","clauseArgument_30","clause_8","=","symbolicConstant_39","!","clauseHead_8","clauseBody_9","clauseArgument_31","clause_9","=","symbolicConstant_40","clauseHead_9","clauseArgument_32","clauseBody_10","clause_10","=","symbolicConstant_41","!","clauseHead_10","clauseBody_11","clauseArgument_33","clause_11","=","symbolicConstant_42","!","clauseHead_11","clauseBody_12","clauseArgument_34","clause_12","clauseHead_12","clauseBody_13","clauseArgument_35","symbolicConstant_43","clause_13","clauseHead_13","clauseBody_14"],
"falseIndices":[16],
"initialIndices":[],
"argumentIndices":[1,4,6,7,8,9,11,13],
"argumentBoundList":[[1,1],[1,1],[0,0],[1,1],[0,0],[0,0],[0,0],[0,0]],
"argumentBinaryOccurrenceList":[0,0,0,0,0,0,0,0],
"argumentOccurrence":[0,0,0,0,0,0,0,0],
"templateIndices":[],
"templateRelevanceLabel":[],
"templateCostLabel":[],
"clauseIndices":[17,27,34,85,133,156,160,183,187,194,200,207,214,219],
"guardIndices":[],
"clauseBinaryOccurrenceInCounterExampleList":[0,0,0,0,0,0,0,0,0,0,0,0,0,0],
"predictedLabel":[],
"controlLocationIndices":[],
"binaryAdjacentList":[[0,1],[0,23],[1,24],[1,33],[2,157],[2,184],[3,4],[3,29],[3,197],[4,30],[4,198],[4,213],[5,6],[5,7],[5,8],[5,9],[5,77],[5,125],[6,78],[6,126],[6,145],[6,152],[6,173],[6,179],[7,80],[7,128],[7,147],[7,153],[7,174],[7,180],[8,81],[8,129],[8,148],[8,154],[8,175],[8,181],[9,83],[9,131],[9,149],[9,155],[9,177],[9,182],[10,11],[10,142],[11,143],[11,159],[11,193],[12,13],[12,170],[13,171],[13,186],[13,206],[13,217],[14,191],[14,204],[15,211],[15,215],[16,220],[17,23],[18,21],[19,18],[20,18],[21,17],[22,21],[22,47],[22,59],[22,97],[22,107],[23,24],[24,19],[25,2],[25,17],[26,2],[26,17],[27,29],[28,27],[28,156],[28,183],[28,214],[28,219],[29,30],[30,31],[31,33],[32,0],[32,27],[33,32],[34,77],[35,38],[36,35],[37,35],[37,39],[37,42],[37,49],[37,61],[37,66],[37,73],[37,86],[37,89],[37,92],[37,99],[37,111],[37,115],[37,120],[37,123],[37,134],[37,137],[37,139],[37,159],[37,161],[37,164],[37,167],[37,186],[37,188],[37,195],[37,201],[37,208],[38,34],[38,34],[39,41],[40,39],[41,34],[42,34],[42,34],[43,42],[43,48],[43,60],[44,47],[44,64],[44,65],[45,44],[46,44],[46,57],[46,95],[46,105],[47,48],[48,34],[49,51],[50,49],[50,66],[51,34],[51,34],[51,34],[51,34],[52,34],[52,34],[53,52],[53,55],[54,52],[54,64],[54,67],[54,70],[54,75],[54,102],[54,109],[54,112],[54,117],[54,121],[55,34],[55,34],[56,55],[56,65],[56,69],[56,72],[56,76],[56,104],[56,110],[56,114],[56,119],[56,122],[57,59],[57,75],[57,76],[58,57],[59,60],[60,34],[61,63],[62,61],[63,34],[63,34],[64,34],[65,34],[66,34],[66,34],[66,34],[67,34],[67,34],[68,67],[68,69],[69,34],[69,34],[70,34],[70,34],[70,34],[70,34],[70,34],[70,34],[70,34],[70,34],[71,70],[71,72],[72,34],[72,34],[72,34],[72,34],[72,34],[72,34],[72,34],[72,34],[73,34],[73,34],[73,34],[73,34],[73,34],[73,34],[73,34],[73,34],[73,34],[74,73],[75,34],[76,34],[77,78],[77,80],[77,81],[77,83],[78,79],[80,45],[81,82],[83,84],[85,125],[86,88],[87,86],[87,120],[88,85],[88,85],[89,91],[90,89],[91,85],[91,85],[91,85],[92,94],[93,92],[93,98],[93,108],[94,85],[94,85],[95,97],[95,109],[95,110],[96,95],[97,98],[98,85],[99,101],[100,99],[101,85],[101,85],[101,85],[101,85],[102,85],[102,85],[103,102],[103,104],[103,111],[104,85],[104,85],[105,107],[105,121],[105,122],[106,105],[107,108],[108,85],[109,85],[110,85],[111,85],[112,85],[112,85],[113,112],[113,114],[114,85],[114,85],[115,85],[115,85],[116,115],[117,85],[117,85],[117,85],[117,85],[117,85],[117,85],[117,85],[117,85],[118,117],[118,119],[119,85],[119,85],[119,85],[119,85],[119,85],[119,85],[119,85],[119,85],[120,85],[120,85],[120,85],[120,85],[120,85],[120,85],[120,85],[120,85],[121,85],[122,85],[123,85],[124,123],[125,126],[125,128],[125,129],[125,131],[126,127],[128,96],[129,130],[131,132],[133,142],[134,136],[135,134],[135,148],[136,133],[137,133],[137,133],[138,137],[138,147],[138,153],[139,141],[140,139],[140,154],[141,133],[142,143],[143,140],[144,5],[144,133],[145,144],[146,145],[146,152],[147,144],[148,144],[149,144],[150,149],[150,155],[151,5],[151,133],[152,151],[153,151],[154,151],[155,151],[156,157],[158,10],[158,156],[159,158],[160,170],[161,163],[162,161],[162,177],[163,160],[164,166],[165,164],[165,173],[165,174],[165,179],[165,180],[166,160],[166,160],[167,169],[168,167],[168,182],[169,160],[170,171],[171,168],[172,5],[172,160],[173,172],[174,172],[175,172],[176,175],[176,181],[177,172],[178,5],[178,160],[179,178],[180,178],[181,178],[182,178],[183,184],[185,12],[185,183],[186,185],[187,191],[188,190],[189,188],[189,193],[190,187],[192,10],[192,187],[193,192],[194,197],[195,194],[196,195],[197,198],[198,196],[199,14],[199,194],[200,204],[201,203],[202,201],[202,206],[203,200],[205,12],[205,200],[206,205],[207,211],[208,210],[209,208],[209,213],[210,207],[212,3],[212,207],[213,212],[214,215],[216,12],[216,214],[217,216],[218,217],[219,220],[221,15],[221,219]],
"ternaryAdjacencyList":[],
"unknownEdges":[],
"argumentIDList":[7,6,0,1,2,3,4,5],
"argumentNameList":["<Main: void main(JayArray_java_lang_String)>_Block8_3:argument0","<Main: void main(JayArray_java_lang_String)>_Block6:argument0","<Main: void main(JayArray_java_lang_String)>_Block15:argument0","<Main: void main(JayArray_java_lang_String)>_Block15:argument1","<Main: void main(JayArray_java_lang_String)>_Block15:argument2","<Main: void main(JayArray_java_lang_String)>_Block15:argument3","<Main: void main(JayArray_java_lang_String)>_Block17_3:argument0","<Main: void main(JayArray_java_lang_String)>_Block18_3:argument0"],
"predicateIndices":[0,2,3,5,10,12,14,15],
"predicateOccurrenceInClause":[2,4,3,6,3,4,3,3],
"predicateStrongConnectedComponent":[0,0,0,0,0,0,0,0],
"predicateArgumentEdges":[[0,1],[3,4],[5,6],[5,7],[5,8],[5,9],[10,11],[12,13]],
"predicateInstanceEdges":[[0,23],[25,2],[26,2],[3,29],[32,0],[5,77],[5,125],[10,142],[144,5],[151,5],[2,157],[158,10],[12,170],[172,5],[178,5],[2,184],[185,12],[14,191],[192,10],[3,197],[199,14],[14,204],[205,12],[15,211],[212,3],[15,215],[216,12],[16,220],[221,15]],
"argumentInstanceEdges":[[1,24],[4,30],[1,33],[6,78],[7,80],[8,81],[9,83],[6,126],[7,128],[8,129],[9,131],[11,143],[6,145],[7,147],[8,148],[9,149],[6,152],[7,153],[8,154],[9,155],[11,159],[13,171],[6,173],[7,174],[8,175],[9,177],[6,179],[7,180],[8,181],[9,182],[13,186],[11,193],[4,198],[13,206],[4,213],[13,217]],
"controlHeadEdges":[[17,23],[27,29],[34,77],[85,125],[133,142],[156,157],[160,170],[183,184],[187,191],[194,197],[200,204],[207,211],[214,215],[219,220]],
"controlBodyEdges":[[25,17],[26,17],[32,27],[144,133],[151,133],[158,156],[172,160],[178,160],[185,183],[192,187],[199,194],[205,200],[212,207],[216,214],[221,219]],
"controlEdges":[],
"controlArgumentEdges":[[23,24],[29,30],[33,32],[77,78],[77,80],[77,81],[77,83],[125,126],[125,128],[125,129],[125,131],[142,143],[145,144],[147,144],[148,144],[149,144],[152,151],[153,151],[154,151],[155,151],[159,158],[170,171],[173,172],[174,172],[175,172],[177,172],[179,178],[180,178],[181,178],[182,178],[186,185],[193,192],[197,198],[206,205],[213,212],[217,216]],
"subTermEdges":[[19,18],[20,18],[18,21],[22,21],[36,35],[37,35],[35,38],[40,39],[37,39],[39,41],[37,42],[43,42],[45,44],[46,44],[44,47],[22,47],[43,48],[47,48],[50,49],[37,49],[49,51],[53,52],[54,52],[56,55],[53,55],[58,57],[46,57],[57,59],[22,59],[43,60],[59,60],[62,61],[37,61],[61,63],[44,64],[54,64],[56,65],[44,65],[50,66],[37,66],[68,67],[54,67],[56,69],[68,69],[71,70],[54,70],[56,72],[71,72],[74,73],[37,73],[57,75],[54,75],[56,76],[57,76],[87,86],[37,86],[86,88],[90,89],[37,89],[89,91],[37,92],[93,92],[92,94],[96,95],[46,95],[95,97],[22,97],[93,98],[97,98],[100,99],[37,99],[99,101],[103,102],[54,102],[56,104],[103,104],[106,105],[46,105],[105,107],[22,107],[93,108],[107,108],[95,109],[54,109],[56,110],[95,110],[103,111],[37,111],[113,112],[54,112],[56,114],[113,114],[116,115],[37,115],[118,117],[54,117],[56,119],[118,119],[87,120],[37,120],[105,121],[54,121],[56,122],[105,122],[124,123],[37,123],[135,134],[37,134],[134,136],[37,137],[138,137],[140,139],[37,139],[139,141],[162,161],[37,161],[161,163],[37,164],[165,164],[164,166],[168,167],[37,167],[167,169],[189,188],[37,188],[188,190],[196,195],[37,195],[202,201],[37,201],[201,203],[209,208],[37,208],[208,210]],
"guardEdges":[[21,17],[28,27],[38,34],[41,34],[42,34],[48,34],[51,34],[52,34],[55,34],[38,34],[42,34],[60,34],[51,34],[52,34],[55,34],[63,34],[51,34],[64,34],[65,34],[66,34],[67,34],[69,34],[66,34],[70,34],[72,34],[73,34],[70,34],[72,34],[73,34],[70,34],[72,34],[73,34],[70,34],[72,34],[73,34],[63,34],[51,34],[75,34],[76,34],[73,34],[67,34],[69,34],[66,34],[70,34],[72,34],[73,34],[70,34],[72,34],[73,34],[70,34],[72,34],[73,34],[70,34],[72,34],[73,34],[88,85],[91,85],[94,85],[98,85],[101,85],[102,85],[104,85],[88,85],[94,85],[108,85],[101,85],[102,85],[104,85],[91,85],[101,85],[109,85],[110,85],[111,85],[112,85],[114,85],[115,85],[117,85],[119,85],[120,85],[117,85],[119,85],[120,85],[117,85],[119,85],[120,85],[117,85],[119,85],[120,85],[91,85],[101,85],[121,85],[122,85],[123,85],[112,85],[114,85],[115,85],[117,85],[119,85],[120,85],[117,85],[119,85],[120,85],[117,85],[119,85],[120,85],[117,85],[119,85],[120,85],[136,133],[137,133],[141,133],[137,133],[28,156],[163,160],[166,160],[169,160],[166,160],[28,183],[190,187],[195,194],[203,200],[210,207],[28,214],[28,219]],
"dataEdges":[[24,19],[30,31],[31,33],[78,79],[80,45],[81,82],[83,84],[126,127],[128,96],[129,130],[131,132],[143,140],[146,145],[138,147],[135,148],[150,149],[146,152],[138,153],[140,154],[150,155],[37,159],[171,168],[165,173],[165,174],[176,175],[162,177],[165,179],[165,180],[176,181],[168,182],[37,186],[189,193],[198,196],[202,206],[209,213],[218,217]],
"predicateInstanceHeadEdges":[],
"predicateInstanceBodyEdges":[],
"controlArgumentHeadEdges":[],
"controlArgumentBodyEdges":[],
"guardConstantEdges":[],
"guardOperatorEdges":[],
"guardScEdges":[],
"dataConstantEdges":[],
"dataOperatorEdges":[],
"dataScEdges":[],
"subTermConstantOperatorEdges":[],
"subTermOperatorOperatorEdges":[],
"subTermScOperatorEdges":[],
"dummyFiled":[]
}