{
"nodeIds":[0,1,2,3,4,5,6,7,8,9,10,11,12,13,14,15,16,17,18,19,20,21,22,23,24,25,26,27,28,29,30,31,32,33,34,35,36,37,38,39,40,41,42,43,44,45,46,47,48,49,50,51,52,53,54,55,56,57,58,59,60,61,62,63,64,65],
"nodeSymbolList":["dummy","Initial","CONTROL_0","predicateArgument_0","predicateArgument_1","predicateArgument_2","=","0","!","-","+",">=","6","guard_0","=","!","-","+",">=","guard_1","CONTROL_1","predicateArgument_3","predicateArgument_4","predicateArgument_5","CONTROL_2","predicateArgument_6","predicateArgument_7","predicateArgument_8","predicateArgument_9","-","+",">=","5","=","=","=","guard_2","-","-","=","guard_3","true","guard_4","CONTROL_3","predicateArgument_10","predicateArgument_11","CONTROL_4","predicateArgument_12","predicateArgument_13","predicateArgument_14","-","+",">=","17","=","=","guard_5","-","-",">=","guard_6","guard_7","FALSE",">=","5010","guard_8"],
"falseIndices":[62],
"initialIndices":[1],
"argumentIndices":[3,4,5,21,22,23,25,26,27,28,44,45,47,48,49],
"argumentBoundList":[["None","None"],["None","None"],["None","None"],["None","None"],["None","None"],["None","None"],["None","None"],["None","None"],["None","None"],["None","None"],["None","None"],["None","None"],["None","None"],["None","None"],["None","None"]],
"argumentBinaryOccurrenceList":[0,0,0,0,0,0,0,0,0,0,0,0,0,0,0],
"argumentOccurrence":[0,0,0,0,0,0,0,0,0,0,0,0,0,0,0],
"templateIndices":[],
"templateRelevanceLabel":[],
"templateCostLabel":[],
"clauseIndices":[],
"guardIndices":[13,19,36,40,42,56,60,61,65],
"clauseBinaryOccurrenceInCounterExampleList":[0,0,1,0,0,1,0,0,1],
"predictedLabel":[],
"controlLocationIndices":[2,20,24,43,46],
"binaryAdjacentList":[[3,2],[3,6],[3,14],[4,2],[4,9],[4,16],[4,30],[5,2],[5,10],[5,17],[6,8],[7,6],[7,14],[7,35],[7,59],[8,13],[9,10],[10,11],[11,13],[12,11],[12,18],[14,15],[15,19],[16,17],[17,18],[18,19],[21,20],[21,29],[21,51],[22,20],[23,20],[23,33],[23,54],[25,24],[25,34],[26,24],[26,35],[26,39],[27,24],[27,33],[28,24],[28,39],[29,30],[30,31],[31,36],[32,31],[33,36],[34,36],[35,36],[37,38],[39,40],[41,42],[41,61],[44,43],[44,50],[44,63],[45,43],[45,54],[47,46],[47,55],[48,46],[48,59],[49,46],[50,51],[51,52],[52,56],[53,52],[54,56],[55,56],[57,58],[59,60],[63,65],[64,63]],
"ternaryAdjacencyList":[[1,13,2],[1,19,2],[2,36,20],[24,36,20],[3,36,21],[28,36,22],[27,36,23],[1,40,24],[38,40,25],[1,42,24],[46,56,43],[20,56,43],[23,56,45],[1,60,46],[58,60,47],[1,61,46],[43,65,62]],
"unknownEdges":[],
"argumentIDList":[0,1,2,12,13,14,3,4,5,6,10,11,7,8,9],
"argumentNameList":["P!!1:argument0","P!!1:argument1","P!!1:argument2","Proc22:argument0","Proc22:argument1","Proc22:argument2","P!!8:argument0","P!!8:argument1","P!!8:argument2","P!!8:argument3","Proc18:argument0","Proc18:argument1","P!!9:argument0","P!!9:argument1","P!!9:argument2"],
"predicateIndices":[2,20,24,43,46],
"predicateOccurrenceInClause":[3,2,3,2,3],
"predicateStrongConnectedComponent":[0,0,0,0,0],
"argumentEdges":[[3,2],[4,2],[5,2],[21,20],[22,20],[23,20],[25,24],[26,24],[27,24],[28,24],[44,43],[45,43],[47,46],[48,46],[49,46]],
"guardASTEdges":[[8,13],[11,13],[15,19],[18,19],[31,36],[33,36],[34,36],[35,36],[39,40],[41,42],[52,56],[54,56],[55,56],[59,60],[41,61],[63,65]],
"ASTEdges":[],
"AST_1Edges":[[3,6],[6,8],[4,9],[9,10],[10,11],[3,14],[14,15],[4,16],[16,17],[17,18],[4,30],[30,31],[27,33],[25,34],[26,35],[37,38],[28,39],[21,51],[51,52],[23,54],[47,55],[57,58],[48,59],[44,63]],
"AST_2Edges":[[7,6],[5,10],[12,11],[7,14],[5,17],[12,18],[21,29],[29,30],[32,31],[23,33],[7,35],[26,39],[44,50],[50,51],[53,52],[45,54],[7,59],[64,63]],
"templateASTEdges":[],
"templateEdges":[],
"verifHintTplPredEdges":[],
"verifHintTplPredPosNegEdges":[],
"verifHintTplEqTermEdges":[],
"verifHintTplInEqTermEdges":[],
"verifHintTplInEqTermPosNegEdges":[],
"dataFlowASTEdges":[],
"controlFlowHyperEdges":[[1,13,2],[1,19,2],[2,36,20],[24,36,20],[1,40,24],[1,42,24],[46,56,43],[20,56,43],[1,60,46],[1,61,46],[43,65,62]],
"dataFlowHyperEdges":[[3,36,21],[28,36,22],[27,36,23],[38,40,25],[23,56,45],[58,60,47]],
"controlLocationEdgeForSCC":[],
"predicateTransitiveEdges":[],
"dummyFiled":[]
}