{
"nodeIds":[0,1,2,3,4,5,6,7,8,9,10,11,12,13,14,15,16],
"nodeSymbolList":["Initial","CONTROL_0","predicateArgument_0","CONTROL_1","predicateArgument_1","false","guard_0",">=","3","guard_1",">=","2","guard_2",">=","guard_3","FALSE","guard_4"],
"falseIndices":[15],
"initialIndices":[0],
"argumentIndices":[2,4],
"argumentBoundList":[[1,0],[0,0]],
"argumentBinaryOccurrenceList":[0,0],
"argumentOccurrence":[0,0],
"templateIndices":[],
"templateRelevanceLabel":[],
"templateCostLabel":[],
"clauseIndices":[],
"guardIndices":[6,9,12,14,16],
"clauseBinaryOccurrenceInCounterExampleList":[0,0,0,0,0],
"controlLocationIndices":[1,3],
"binaryAdjacentList":[[2,1],[2,7],[4,3],[4,10],[4,13],[5,6],[5,16],[7,9],[8,7],[8,13],[10,12],[11,10],[13,14]],
"ternaryAdjacencyList":[[3,6,1],[3,9,1],[4,9,2],[0,12,3],[0,14,3],[1,16,15]],
"unknownEdges":[],
"argumentIDList":[0,1],
"argumentNameList":["predh47_11:argument0","predh6_17:argument0"],
"predicateIndices":[1,3],
"predicateOccurrenceInClause":[3,4],
"predicateStrongConnectedComponent":[0,0],
"argumentEdges":[[2,1],[4,3]],
"guardASTEdges":[[5,6],[7,9],[10,12],[13,14],[5,16]],
"ASTEdges":[],
"AST_1Edges":[[2,7],[11,10],[4,13]],
"AST_2Edges":[[8,7],[4,10],[8,13]],
"templateASTEdges":[],
"templateEdges":[],
"verifHintTplPredEdges":[],
"verifHintTplPredPosNegEdges":[],
"verifHintTplEqTermEdges":[],
"verifHintTplInEqTermEdges":[],
"verifHintTplInEqTermPosNegEdges":[],
"dataFlowASTEdges":[],
"controlFlowHyperEdges":[[3,6,1],[3,9,1],[0,12,3],[0,14,3],[1,16,15]],
"dataFlowHyperEdges":[[4,9,2]],
"controlLocationEdgeForSCC":[],
"predicateTransitiveEdges":[],
"dummyFiled":[]
}