{
"nodeIds":[0,1,2,3,4,5,6,7,8,9,10,11,12,13,14,15,16,17,18,19,20,21,22,23,24,25,26,27,28,29,30,31,32,33,34,35,36,37,38,39,40,41,42,43,44,45,46,47,48,49,50,51,52,53,54,55,56,57,58,59,60,61,62,63,64,65,66,67,68,69,70,71,72,73,74,75,76,77,78,79,80,81,82,83,84,85,86,87,88,89,90,91,92,93,94,95,96,97,98,99,100,101,102,103,104,105,106,107,108,109,110,111,112,113,114,115,116,117,118,119,120,121,122,123,124,125,126,127,128,129,130,131,132,133,134,135,136,137,138,139,140,141,142,143,144,145,146,147,148,149,150,151,152,153,154,155,156,157,158,159,160,161,162,163,164,165,166,167,168,169,170,171,172,173,174,175,176,177,178,179,180,181,182,183,184,185,186,187,188,189,190,191,192,193,194,195,196,197,198,199,200,201,202,203,204,205,206,207,208,209,210,211,212,213,214,215,216,217,218,219,220,221,222,223,224,225,226,227,228,229],
"nodeSymbolList":["predicateName_0","predicateArgument_0","predicateArgument_1","predicateArgument_2","predicateName_1","predicateArgument_3","predicateArgument_4","predicateArgument_5","predicateArgument_6","FALSE","clause_0",">=","-1","symbolicConstant_0","=","symbolicConstant_1","0","!",">=",">=","-2147483648",">=","2147483647",">=","symbolicConstant_2",">=","symbolicConstant_3",">=","symbolicConstant_4",">=","symbolicConstant_5",">=",">=",">=","symbolicConstant_6",">=",">=",">=","symbolicConstant_7","=","symbolicConstant_8","+","symbolicConstant_9","=","1","clauseHead_0","clauseArgument_0","clauseArgument_1","clauseArgument_2","clause_1",">=","symbolicConstant_10","100",">=","!","=","symbolicConstant_11","!",">=",">=",">=",">=","symbolicConstant_12",">=","symbolicConstant_13",">=","symbolicConstant_14",">=","symbolicConstant_15",">=",">=",">=","symbolicConstant_16",">=",">=",">=","symbolicConstant_17","=","symbolicConstant_18","+","=","clauseHead_1","clauseArgument_3","clauseArgument_4","clauseArgument_5","clause_2","+","symbolicConstant_19","5",">=",">=","!",">=","!","=","symbolicConstant_20","!",">=",">=",">=",">=","symbolicConstant_21",">=","symbolicConstant_22",">=","symbolicConstant_23",">=","symbolicConstant_24",">=",">=",">=","symbolicConstant_25",">=",">=",">=","symbolicConstant_26","=","+","-5","=","symbolicConstant_27","+","symbolicConstant_28","=","clauseHead_2","clauseArgument_6","clauseArgument_7","clauseArgument_8","clauseArgument_9","clause_3","+","symbolicConstant_29",">=","!",">=","!",">=","!","=","symbolicConstant_30","!",">=",">=",">=",">=","symbolicConstant_31",">=","symbolicConstant_32",">=","symbolicConstant_33",">=","symbolicConstant_34",">=",">=",">=","symbolicConstant_35",">=",">=",">=","symbolicConstant_36","=","symbolicConstant_37","+","symbolicConstant_38","=","+","=","symbolicConstant_39","clauseHead_3","clauseArgument_10","clauseArgument_11","clauseArgument_12","clauseArgument_13","clause_4",">=","symbolicConstant_40","symbolicConstant_41","clauseHead_4","clauseArgument_14","symbolicConstant_42","clauseArgument_15","symbolicConstant_43","clauseArgument_16","clauseBody_0","clauseArgument_17","clauseArgument_18","clauseArgument_19","clauseArgument_20","clause_5",">=","symbolicConstant_44","symbolicConstant_45","!","clauseHead_5","clauseArgument_21","symbolicConstant_46","clauseArgument_22","symbolicConstant_47","clauseArgument_23","clauseBody_1","clauseArgument_24","clauseArgument_25","clauseArgument_26","clauseArgument_27","clause_6","=","symbolicConstant_48","2","!",">=","symbolicConstant_49",">=",">=",">=","symbolicConstant_50",">=","symbolicConstant_51",">=","symbolicConstant_52",">=","symbolicConstant_53",">=",">=",">=","symbolicConstant_54","clauseHead_6","clauseBody_2","clauseArgument_28","clauseArgument_29","clauseArgument_30"],
"falseIndices":[9],
"initialIndices":[],
"argumentIndices":[1,2,3,5,6,7,8],
"argumentBoundList":[["None","None"],["None","None"],["None","None"],["None","None"],["None","None"],["None","None"],["None","None"]],
"argumentBinaryOccurrenceList":[0,0,0,0,0,0,0],
"argumentOccurrence":[0,0,0,0,0,0,0],
"templateIndices":[],
"templateRelevanceLabel":[],
"templateCostLabel":[],
"clauseIndices":[10,49,85,129,173,188,204],
"guardIndices":[],
"clauseBinaryOccurrenceInCounterExampleList":[0,0,0,0,0,0,1],
"predictedLabel":[],
"controlLocationIndices":[],
"binaryAdjacentList":[[0,1],[0,2],[0,3],[0,45],[0,81],[0,177],[0,193],[1,46],[1,82],[1,178],[1,194],[1,227],[2,47],[2,83],[2,180],[2,196],[2,228],[3,48],[3,84],[3,182],[3,198],[3,229],[4,5],[4,6],[4,7],[4,8],[4,124],[4,168],[5,125],[5,169],[5,184],[5,200],[6,126],[6,170],[6,185],[6,201],[7,127],[7,171],[7,186],[7,202],[8,128],[8,172],[8,187],[8,203],[9,225],[10,45],[11,10],[12,11],[12,41],[12,53],[12,79],[12,92],[12,121],[12,136],[12,162],[13,11],[13,18],[13,19],[13,21],[14,17],[15,14],[16,14],[16,18],[16,23],[16,25],[16,27],[16,29],[16,33],[16,37],[16,39],[16,55],[16,58],[16,61],[16,63],[16,65],[16,67],[16,71],[16,75],[16,77],[16,89],[16,94],[16,97],[16,100],[16,102],[16,104],[16,106],[16,110],[16,114],[16,132],[16,138],[16,141],[16,144],[16,146],[16,148],[16,150],[16,154],[16,158],[16,209],[16,213],[16,215],[16,217],[16,219],[16,223],[17,10],[17,10],[17,10],[17,10],[18,10],[19,10],[20,19],[20,31],[20,35],[20,59],[20,69],[20,73],[20,98],[20,108],[20,112],[20,142],[20,152],[20,156],[20,211],[20,221],[21,10],[22,21],[22,32],[22,36],[22,60],[22,70],[22,74],[22,99],[22,109],[22,113],[22,143],[22,153],[22,157],[22,212],[22,222],[23,10],[23,10],[24,23],[25,10],[25,10],[25,10],[25,10],[25,10],[25,10],[25,10],[25,10],[25,10],[25,10],[25,10],[25,10],[26,25],[27,10],[27,10],[27,10],[27,10],[27,10],[27,10],[28,27],[29,10],[30,29],[30,31],[30,32],[31,10],[32,10],[33,10],[33,10],[33,10],[33,10],[34,33],[34,35],[34,36],[35,10],[35,10],[35,10],[35,10],[36,10],[36,10],[36,10],[36,10],[37,10],[37,10],[37,10],[37,10],[38,37],[39,10],[40,39],[41,43],[42,41],[43,10],[44,43],[44,80],[44,123],[44,164],[45,46],[45,47],[45,48],[46,42],[47,13],[48,40],[49,81],[50,49],[51,50],[51,53],[51,58],[51,59],[51,60],[52,50],[52,90],[52,134],[53,54],[54,49],[55,57],[56,55],[57,49],[57,49],[57,49],[57,49],[58,49],[59,49],[60,49],[61,49],[61,49],[62,61],[63,49],[63,49],[63,49],[63,49],[63,49],[63,49],[63,49],[63,49],[63,49],[63,49],[63,49],[63,49],[64,63],[64,79],[65,49],[65,49],[65,49],[65,49],[65,49],[65,49],[66,65],[67,49],[68,67],[68,69],[68,70],[69,49],[70,49],[71,49],[71,49],[71,49],[71,49],[72,71],[72,73],[72,74],[73,49],[73,49],[73,49],[73,49],[74,49],[74,49],[74,49],[74,49],[75,49],[75,49],[75,49],[75,49],[76,75],[77,49],[78,77],[79,80],[80,49],[81,82],[81,83],[81,84],[82,64],[83,51],[84,78],[85,124],[86,89],[87,86],[87,90],[87,92],[87,97],[87,98],[87,99],[87,117],[88,86],[88,116],[88,130],[89,85],[90,91],[91,85],[92,93],[93,85],[94,96],[95,94],[96,85],[96,85],[96,85],[96,85],[97,85],[98,85],[99,85],[100,85],[100,85],[101,100],[102,85],[102,85],[102,85],[102,85],[102,85],[102,85],[102,85],[102,85],[102,85],[102,85],[102,85],[102,85],[103,102],[104,85],[104,85],[104,85],[104,85],[104,85],[104,85],[105,104],[106,85],[107,106],[107,108],[107,109],[108,85],[109,85],[110,85],[110,85],[110,85],[110,85],[111,110],[111,112],[111,113],[111,116],[112,85],[112,85],[112,85],[112,85],[113,85],[113,85],[113,85],[113,85],[114,85],[114,85],[114,85],[114,85],[115,114],[116,85],[117,119],[118,117],[118,165],[119,85],[120,119],[121,123],[122,121],[123,85],[124,125],[124,126],[124,127],[124,128],[125,122],[126,87],[127,120],[128,111],[129,168],[130,132],[131,130],[131,134],[131,136],[131,141],[131,142],[131,143],[131,160],[131,165],[132,133],[133,129],[134,135],[135,129],[136,137],[137,129],[138,140],[139,138],[140,129],[140,129],[140,129],[140,129],[141,129],[142,129],[143,129],[144,129],[144,129],[145,144],[146,129],[146,129],[146,129],[146,129],[146,129],[146,129],[146,129],[146,129],[146,129],[146,129],[146,129],[146,129],[147,146],[148,129],[148,129],[148,129],[148,129],[148,129],[148,129],[149,148],[150,129],[151,150],[151,152],[151,153],[152,129],[153,129],[154,129],[154,129],[154,129],[154,129],[155,154],[155,156],[155,157],[156,129],[156,129],[156,129],[156,129],[157,129],[157,129],[157,129],[157,129],[158,129],[158,129],[158,129],[158,129],[159,158],[160,129],[161,160],[162,164],[163,162],[164,129],[165,166],[166,129],[167,166],[168,169],[168,170],[168,171],[168,172],[169,163],[170,131],[171,167],[172,161],[173,177],[174,173],[175,174],[175,187],[176,174],[176,186],[177,178],[177,180],[177,182],[178,179],[179,184],[180,181],[181,185],[182,176],[183,4],[183,173],[184,183],[185,183],[186,183],[187,183],[188,193],[189,192],[190,189],[190,203],[191,189],[191,202],[192,188],[193,194],[193,196],[193,198],[194,195],[195,200],[196,197],[197,201],[198,190],[199,4],[199,188],[200,199],[201,199],[202,199],[203,199],[204,225],[205,208],[206,205],[206,229],[207,205],[207,227],[208,204],[209,204],[210,209],[210,211],[210,212],[210,228],[211,204],[212,204],[213,204],[214,213],[215,204],[215,204],[215,204],[215,204],[215,204],[215,204],[216,215],[217,204],[217,204],[217,204],[218,217],[219,204],[219,204],[220,219],[220,221],[220,222],[221,204],[221,204],[222,204],[222,204],[223,204],[223,204],[224,223],[226,0],[226,204],[227,226],[228,226],[229,226]],
"ternaryAdjacencyList":[],
"unknownEdges":[],
"argumentIDList":[4,5,6,0,1,2,3],
"argumentNameList":["<Main: int test(int,int)>_Block6:argument0","<Main: int test(int,int)>_Block6:argument1","<Main: int test(int,int)>_Block6:argument2","<Main: int test(int,int)>_Block13:argument0","<Main: int test(int,int)>_Block13:argument1","<Main: int test(int,int)>_Block13:argument2","<Main: int test(int,int)>_Block13:argument3"],
"predicateIndices":[0,4],
"predicateOccurrenceInClause":[5,4],
"predicateStrongConnectedComponent":[0,0],
"predicateArgumentEdges":[[0,1],[0,2],[0,3],[4,5],[4,6],[4,7],[4,8]],
"predicateInstanceEdges":[[0,45],[0,81],[4,124],[4,168],[0,177],[183,4],[0,193],[199,4],[9,225],[226,0]],
"argumentInstanceEdges":[[1,46],[2,47],[3,48],[1,82],[2,83],[3,84],[5,125],[6,126],[7,127],[8,128],[5,169],[6,170],[7,171],[8,172],[1,178],[2,180],[3,182],[5,184],[6,185],[7,186],[8,187],[1,194],[2,196],[3,198],[5,200],[6,201],[7,202],[8,203],[1,227],[2,228],[3,229]],
"controlHeadEdges":[[10,45],[49,81],[85,124],[129,168],[173,177],[188,193],[204,225]],
"controlBodyEdges":[[183,173],[199,188],[226,204]],
"controlEdges":[],
"controlArgumentEdges":[[45,46],[45,47],[45,48],[81,82],[81,83],[81,84],[124,125],[124,126],[124,127],[124,128],[168,169],[168,170],[168,171],[168,172],[177,178],[177,180],[177,182],[184,183],[185,183],[186,183],[187,183],[193,194],[193,196],[193,198],[200,199],[201,199],[202,199],[203,199],[227,226],[228,226],[229,226]],
"subTermEdges":[[12,11],[13,11],[15,14],[16,14],[14,17],[13,18],[16,18],[13,19],[20,19],[22,21],[13,21],[24,23],[16,23],[26,25],[16,25],[28,27],[16,27],[30,29],[16,29],[30,31],[20,31],[22,32],[30,32],[34,33],[16,33],[34,35],[20,35],[22,36],[34,36],[38,37],[16,37],[40,39],[16,39],[42,41],[12,41],[41,43],[44,43],[51,50],[52,50],[12,53],[51,53],[53,54],[56,55],[16,55],[55,57],[51,58],[16,58],[51,59],[20,59],[22,60],[51,60],[62,61],[16,61],[64,63],[16,63],[66,65],[16,65],[68,67],[16,67],[68,69],[20,69],[22,70],[68,70],[72,71],[16,71],[72,73],[20,73],[22,74],[72,74],[76,75],[16,75],[78,77],[16,77],[64,79],[12,79],[79,80],[44,80],[87,86],[88,86],[16,89],[86,89],[87,90],[52,90],[90,91],[12,92],[87,92],[92,93],[95,94],[16,94],[94,96],[87,97],[16,97],[87,98],[20,98],[22,99],[87,99],[101,100],[16,100],[103,102],[16,102],[105,104],[16,104],[107,106],[16,106],[107,108],[20,108],[22,109],[107,109],[111,110],[16,110],[111,112],[20,112],[22,113],[111,113],[115,114],[16,114],[111,116],[88,116],[87,117],[118,117],[120,119],[117,119],[122,121],[12,121],[121,123],[44,123],[131,130],[88,130],[16,132],[130,132],[132,133],[131,134],[52,134],[134,135],[12,136],[131,136],[136,137],[139,138],[16,138],[138,140],[131,141],[16,141],[131,142],[20,142],[22,143],[131,143],[145,144],[16,144],[147,146],[16,146],[149,148],[16,148],[151,150],[16,150],[151,152],[20,152],[22,153],[151,153],[155,154],[16,154],[155,156],[20,156],[22,157],[155,157],[159,158],[16,158],[161,160],[131,160],[163,162],[12,162],[162,164],[44,164],[131,165],[118,165],[167,166],[165,166],[175,174],[176,174],[190,189],[191,189],[189,192],[206,205],[207,205],[205,208],[210,209],[16,209],[210,211],[20,211],[22,212],[210,212],[214,213],[16,213],[216,215],[16,215],[218,217],[16,217],[220,219],[16,219],[220,221],[20,221],[22,222],[220,222],[224,223],[16,223]],
"guardEdges":[[11,10],[17,10],[17,10],[17,10],[17,10],[18,10],[19,10],[21,10],[23,10],[25,10],[27,10],[25,10],[29,10],[31,10],[32,10],[23,10],[25,10],[27,10],[25,10],[33,10],[35,10],[36,10],[37,10],[25,10],[27,10],[25,10],[33,10],[35,10],[36,10],[37,10],[25,10],[27,10],[25,10],[33,10],[35,10],[36,10],[37,10],[25,10],[27,10],[25,10],[33,10],[35,10],[36,10],[37,10],[25,10],[27,10],[25,10],[39,10],[43,10],[50,49],[54,49],[57,49],[57,49],[57,49],[57,49],[58,49],[59,49],[60,49],[61,49],[63,49],[65,49],[63,49],[67,49],[69,49],[70,49],[61,49],[63,49],[65,49],[63,49],[71,49],[73,49],[74,49],[75,49],[63,49],[65,49],[63,49],[71,49],[73,49],[74,49],[75,49],[63,49],[65,49],[63,49],[71,49],[73,49],[74,49],[75,49],[63,49],[65,49],[63,49],[71,49],[73,49],[74,49],[75,49],[63,49],[65,49],[63,49],[77,49],[80,49],[89,85],[91,85],[93,85],[96,85],[96,85],[96,85],[96,85],[97,85],[98,85],[99,85],[100,85],[102,85],[104,85],[102,85],[106,85],[108,85],[109,85],[100,85],[102,85],[104,85],[102,85],[110,85],[112,85],[113,85],[114,85],[102,85],[104,85],[102,85],[110,85],[112,85],[113,85],[114,85],[102,85],[104,85],[102,85],[110,85],[112,85],[113,85],[114,85],[102,85],[104,85],[102,85],[110,85],[112,85],[113,85],[114,85],[102,85],[104,85],[102,85],[116,85],[119,85],[123,85],[133,129],[135,129],[137,129],[140,129],[140,129],[140,129],[140,129],[141,129],[142,129],[143,129],[144,129],[146,129],[148,129],[146,129],[150,129],[152,129],[153,129],[144,129],[146,129],[148,129],[146,129],[154,129],[156,129],[157,129],[158,129],[146,129],[148,129],[146,129],[154,129],[156,129],[157,129],[158,129],[146,129],[148,129],[146,129],[154,129],[156,129],[157,129],[158,129],[146,129],[148,129],[146,129],[154,129],[156,129],[157,129],[158,129],[146,129],[148,129],[146,129],[160,129],[164,129],[166,129],[174,173],[192,188],[208,204],[209,204],[211,204],[212,204],[213,204],[215,204],[217,204],[215,204],[219,204],[221,204],[222,204],[223,204],[215,204],[217,204],[215,204],[219,204],[221,204],[222,204],[223,204],[215,204],[217,204],[215,204]],
"dataEdges":[[46,42],[47,13],[48,40],[82,64],[83,51],[84,78],[125,122],[126,87],[127,120],[128,111],[169,163],[170,131],[171,167],[172,161],[178,179],[180,181],[182,176],[179,184],[181,185],[176,186],[175,187],[194,195],[196,197],[198,190],[195,200],[197,201],[191,202],[190,203],[207,227],[210,228],[206,229]],
"predicateInstanceHeadEdges":[],
"predicateInstanceBodyEdges":[],
"controlArgumentHeadEdges":[],
"controlArgumentBodyEdges":[],
"guardConstantEdges":[],
"guardOperatorEdges":[],
"guardScEdges":[],
"dataConstantEdges":[],
"dataOperatorEdges":[],
"dataScEdges":[],
"subTermConstantOperatorEdges":[],
"subTermOperatorOperatorEdges":[],
"subTermScOperatorEdges":[],
"dummyFiled":[]
}