{
"nodeIds":[0,1,2,3,4,5,6,7,8,9,10,11],
"nodeSymbolList":["Initial","CONTROL_0","predicateArgument_0",">=","-1","guard_0",">=","0","guard_1","FALSE","false","guard_2"],
"falseIndices":[9],
"initialIndices":[0],
"argumentIndices":[2],
"argumentBoundList":[[0,0]],
"argumentBinaryOccurrenceList":[0],
"argumentOccurrence":[0],
"templateIndices":[],
"templateRelevanceLabel":[],
"templateCostLabel":[],
"clauseIndices":[],
"guardIndices":[5,8,11],
"clauseBinaryOccurrenceInCounterExampleList":[0,0,0],
"controlLocationIndices":[1],
"binaryAdjacentList":[[2,1],[2,3],[2,6],[3,5],[4,3],[6,8],[7,6],[10,11]],
"ternaryAdjacencyList":[[0,5,1],[0,8,1],[1,11,9]],
"unknownEdges":[],
"argumentIDList":[0],
"argumentNameList":["predh6_32:argument0"],
"predicateIndices":[1],
"predicateOccurrenceInClause":[3],
"predicateStrongConnectedComponent":[0],
"argumentEdges":[[2,1]],
"guardASTEdges":[[3,5],[6,8],[10,11]],
"ASTEdges":[],
"AST_1Edges":[[4,3],[2,6]],
"AST_2Edges":[[2,3],[7,6]],
"templateASTEdges":[],
"templateEdges":[],
"verifHintTplPredEdges":[],
"verifHintTplPredPosNegEdges":[],
"verifHintTplEqTermEdges":[],
"verifHintTplInEqTermEdges":[],
"verifHintTplInEqTermPosNegEdges":[],
"dataFlowASTEdges":[],
"controlFlowHyperEdges":[[0,5,1],[0,8,1],[1,11,9]],
"dataFlowHyperEdges":[],
"controlLocationEdgeForSCC":[],
"predicateTransitiveEdges":[],
"dummyFiled":[]
}