{
"nodeIds":[0,1,2,3,4,5,6,7,8,9,10,11,12,13,14,15,16,17,18,19,20,21,22,23,24,25,26,27,28,29,30,31,32,33,34,35,36,37,38,39,40,41,42,43,44,45,46,47,48,49,50,51,52,53,54,55,56,57,58,59,60,61,62,63,64,65,66,67,68,69,70,71,72,73,74,75,76,77,78,79,80,81,82,83,84,85,86,87,88,89,90,91,92,93,94,95,96,97,98,99,100],
"nodeSymbolList":["predicateName_0","predicateArgument_0","predicateArgument_1","predicateArgument_2","predicateName_1","predicateName_2","FALSE","clause_0","+","symbolicConstant_0","-1",">=","10","!",">=","1",">=","symbolicConstant_1","!","clauseHead_0","clauseArgument_0","clauseArgument_1","symbolicConstant_2","clauseArgument_2","clauseBody_0","clauseArgument_3","clauseArgument_4","clauseArgument_5","clause_1","=","symbolicConstant_3","0","clauseHead_1","clauseArgument_6","symbolicConstant_4","clauseArgument_7","symbolicConstant_5","clauseArgument_8","clause_2",">=","symbolicConstant_6","symbolicConstant_7","!",">=","symbolicConstant_8","!",">=",">=","clauseHead_2","clauseBody_1","clauseArgument_9","clauseArgument_10","clauseArgument_11","clause_3",">=","symbolicConstant_9","symbolicConstant_10","!",">=","symbolicConstant_11","!",">=",">=","clauseHead_3","clauseBody_2","clauseArgument_12","clauseArgument_13","clauseArgument_14","clause_4","-","symbolicConstant_12","+","symbolicConstant_13",">=",">=","clauseHead_4","clauseBody_3","clauseArgument_15","clauseArgument_16","symbolicConstant_14","clauseArgument_17","clause_5","-","symbolicConstant_15","+","symbolicConstant_16",">=",">=","clauseHead_5","clauseBody_4","clauseArgument_18","clauseArgument_19","symbolicConstant_17","clauseArgument_20","clause_6","true","clauseHead_6","clauseBody_5","clause_7","clauseHead_7","clauseBody_6"],
"falseIndices":[6],
"initialIndices":[],
"argumentIndices":[1,2,3],
"argumentBoundList":[["None","None"],["None","None"],["None","None"]],
"argumentBinaryOccurrenceList":[0,0,0],
"argumentOccurrence":[0,0,0],
"templateIndices":[],
"templateRelevanceLabel":[],
"templateCostLabel":[],
"clauseIndices":[7,28,38,53,68,81,94,98],
"guardIndices":[],
"clauseBinaryOccurrenceInCounterExampleList":[1,1,0,0,1,0,0,1],
"predictedLabel":[],
"controlLocationIndices":[],
"binaryAdjacentList":[[0,1],[0,2],[0,3],[0,19],[0,32],[1,20],[1,25],[1,33],[1,50],[1,65],[1,77],[1,90],[2,21],[2,26],[2,35],[2,51],[2,66],[2,78],[2,91],[3,23],[3,27],[3,37],[3,52],[3,67],[3,80],[3,93],[4,48],[4,63],[5,75],[5,88],[5,96],[6,99],[7,19],[8,11],[8,16],[8,27],[9,8],[9,14],[10,8],[10,87],[11,13],[12,11],[12,74],[13,7],[14,7],[15,14],[15,73],[15,86],[16,18],[17,16],[17,25],[18,7],[19,20],[19,21],[19,23],[20,17],[21,22],[22,26],[23,9],[24,0],[24,7],[25,24],[26,24],[27,24],[28,32],[29,28],[30,29],[31,29],[31,46],[31,61],[32,33],[32,35],[32,37],[33,34],[35,36],[37,30],[38,48],[39,42],[40,39],[40,43],[40,47],[40,50],[41,39],[41,47],[41,52],[42,38],[43,45],[44,43],[44,46],[44,51],[45,38],[46,38],[47,38],[49,0],[49,38],[50,49],[51,49],[52,49],[53,63],[54,57],[55,54],[55,58],[55,62],[55,65],[56,54],[56,62],[56,67],[57,53],[58,60],[59,58],[59,61],[59,66],[60,53],[61,53],[62,53],[64,0],[64,53],[65,64],[66,64],[67,64],[68,75],[69,71],[70,69],[70,74],[70,80],[71,73],[72,71],[72,77],[73,68],[74,68],[76,0],[76,68],[77,76],[78,76],[79,78],[80,76],[81,88],[82,84],[83,82],[83,87],[83,93],[84,86],[85,84],[85,90],[86,81],[87,81],[89,0],[89,81],[90,89],[91,89],[92,91],[93,89],[94,96],[95,94],[95,98],[97,4],[97,94],[98,99],[100,5],[100,98]],
"ternaryAdjacencyList":[],
"unknownEdges":[],
"argumentIDList":[0,1,2],
"argumentNameList":["main_s3:argument0","main_s3:argument1","main_s3:argument2"],
"predicateIndices":[0,4,5],
"predicateOccurrenceInClause":[7,3,4],
"predicateStrongConnectedComponent":[1,0,0],
"predicateArgumentEdges":[[0,1],[0,2],[0,3]],
"predicateInstanceEdges":[[0,19],[24,0],[0,32],[4,48],[49,0],[4,63],[64,0],[5,75],[76,0],[5,88],[89,0],[5,96],[97,4],[6,99],[100,5]],
"argumentInstanceEdges":[[1,20],[2,21],[3,23],[1,25],[2,26],[3,27],[1,33],[2,35],[3,37],[1,50],[2,51],[3,52],[1,65],[2,66],[3,67],[1,77],[2,78],[3,80],[1,90],[2,91],[3,93]],
"controlHeadEdges":[[7,19],[28,32],[38,48],[53,63],[68,75],[81,88],[94,96],[98,99]],
"controlBodyEdges":[[24,7],[49,38],[64,53],[76,68],[89,81],[97,94],[100,98]],
"controlEdges":[],
"controlArgumentEdges":[[19,20],[19,21],[19,23],[25,24],[26,24],[27,24],[32,33],[32,35],[32,37],[50,49],[51,49],[52,49],[65,64],[66,64],[67,64],[77,76],[78,76],[80,76],[90,89],[91,89],[93,89]],
"subTermEdges":[[9,8],[10,8],[8,11],[12,11],[11,13],[9,14],[15,14],[8,16],[17,16],[16,18],[30,29],[31,29],[40,39],[41,39],[39,42],[44,43],[40,43],[43,45],[44,46],[31,46],[41,47],[40,47],[55,54],[56,54],[54,57],[59,58],[55,58],[58,60],[59,61],[31,61],[56,62],[55,62],[70,69],[72,71],[69,71],[71,73],[15,73],[70,74],[12,74],[83,82],[85,84],[82,84],[84,86],[15,86],[10,87],[83,87]],
"guardEdges":[[13,7],[14,7],[18,7],[29,28],[42,38],[45,38],[46,38],[47,38],[57,53],[60,53],[61,53],[62,53],[73,68],[74,68],[86,81],[87,81],[95,94],[95,98]],
"dataEdges":[[20,17],[21,22],[23,9],[17,25],[22,26],[8,27],[33,34],[35,36],[37,30],[40,50],[44,51],[41,52],[55,65],[59,66],[56,67],[72,77],[79,78],[70,80],[85,90],[92,91],[83,93]],
"predicateInstanceHeadEdges":[],
"predicateInstanceBodyEdges":[],
"controlArgumentHeadEdges":[],
"controlArgumentBodyEdges":[],
"guardConstantEdges":[],
"guardOperatorEdges":[],
"guardScEdges":[],
"dataConstantEdges":[],
"dataOperatorEdges":[],
"dataScEdges":[],
"subTermConstantOperatorEdges":[],
"subTermOperatorOperatorEdges":[],
"subTermScOperatorEdges":[],
"dummyFiled":[]
}