{
"nodeIds":[0,1,2,3,4,5,6,7,8,9,10,11,12,13,14,15,16,17,18,19,20,21,22,23,24,25,26,27,28,29,30,31,32,33,34,35,36,37,38,39,40,41,42,43,44,45,46,47,48,49,50,51,52,53,54,55,56,57,58],
"nodeSymbolList":["dummy","Initial","CONTROL_0","predicateArgument_0","predicateArgument_1","predicateArgument_2","predicateArgument_3","predicateArgument_4","predicateArgument_5","CONTROL_1","predicateArgument_6","predicateArgument_7","predicateArgument_8","predicateArgument_9","predicateArgument_10","predicateArgument_11","+","1","+",">=","-","+","+","=","5","guard_0","true","guard_1","CONTROL_2","predicateArgument_12","predicateArgument_13","predicateArgument_14","predicateArgument_15","CONTROL_3","predicateArgument_16","predicateArgument_17","predicateArgument_18","predicateArgument_19","+",">=","*","-5","-","-","+","+","+","=","guard_2","guard_3","0","guard_4",">=","guard_5","FALSE","=","!",">=","guard_6"],
"falseIndices":[54],
"initialIndices":[1],
"argumentIndices":[3,4,5,6,7,8,10,11,12,13,14,15,29,30,31,32,34,35,36,37],
"argumentBoundList":[["None","None"],["None","None"],["None","None"],["None","None"],["None","None"],["None","None"],["None","None"],["None","None"],["None","None"],["None","None"],["None","None"],["None","None"],["None","None"],["None","None"],["None","None"],["None","None"],["None","None"],["None","None"],["None","None"],["None","None"]],
"argumentBinaryOccurrenceList":[0,0,0,0,0,0,0,0,0,0,0,0,0,0,0,0,0,0,0,0],
"argumentOccurrence":[0,0,0,0,0,0,0,0,0,0,0,0,0,0,0,0,0,0,0,0],
"templateIndices":[],
"templateRelevanceLabel":[],
"templateCostLabel":[],
"clauseIndices":[],
"guardIndices":[25,27,48,49,51,53,58],
"clauseBinaryOccurrenceInCounterExampleList":[1,1,1,1,1,1,1],
"predictedLabel":[],
"controlLocationIndices":[2,9,28,33],
"binaryAdjacentList":[[2,2],[3,2],[3,19],[3,52],[3,57],[4,2],[5,2],[6,2],[6,19],[6,57],[7,2],[7,22],[7,55],[8,2],[8,20],[8,55],[9,9],[10,9],[11,9],[12,9],[13,9],[13,16],[14,9],[14,18],[15,9],[15,18],[15,21],[17,16],[17,38],[19,25],[20,21],[21,22],[22,23],[23,25],[24,23],[26,27],[26,49],[26,51],[28,28],[29,28],[29,39],[30,28],[30,43],[31,28],[31,39],[31,40],[31,52],[32,28],[32,46],[33,33],[34,33],[35,33],[36,33],[36,38],[37,33],[37,42],[39,48],[40,45],[41,40],[41,47],[42,44],[43,44],[44,45],[45,46],[46,47],[47,48],[52,53],[55,56],[56,58],[57,58]],
"ternaryAdjacencyList":[[9,25,2],[10,25,3],[11,25,4],[12,25,5],[16,25,6],[18,25,8],[2,27,9],[3,27,10],[4,27,11],[5,27,12],[6,27,13],[7,27,14],[8,27,15],[33,48,28],[34,48,29],[35,48,30],[38,48,31],[28,49,33],[29,49,34],[30,49,35],[31,49,36],[32,49,37],[1,51,28],[50,51,31],[50,51,32],[28,53,2],[29,53,3],[30,53,4],[32,53,5],[50,53,6],[50,53,7],[50,53,8],[2,58,54]],
"unknownEdges":[],
"argumentIDList":[8,9,10,11,12,13,14,15,16,17,18,19,0,1,2,3,4,5,6,7],
"argumentNameList":["inv_main26:argument0","inv_main26:argument1","inv_main26:argument2","inv_main26:argument3","inv_main26:argument4","inv_main26:argument5","inv_main26_0_1:argument0","inv_main26_0_1:argument1","inv_main26_0_1:argument2","inv_main26_0_1:argument3","inv_main26_0_1:argument4","inv_main26_0_1:argument5","inv_main12:argument0","inv_main12:argument1","inv_main12:argument2","inv_main12:argument3","inv_main12_1_1:argument0","inv_main12_1_1:argument1","inv_main12_1_1:argument2","inv_main12_1_1:argument3"],
"predicateIndices":[2,9,28,33],
"predicateOccurrenceInClause":[4,2,4,2],
"predicateStrongConnectedComponent":[1,1,1,1],
"argumentEdges":[[3,2],[4,2],[5,2],[6,2],[7,2],[8,2],[10,9],[11,9],[12,9],[13,9],[14,9],[15,9],[29,28],[30,28],[31,28],[32,28],[34,33],[35,33],[36,33],[37,33]],
"guardASTEdges":[[19,25],[23,25],[26,27],[39,48],[47,48],[26,49],[26,51],[52,53],[56,58],[57,58]],
"ASTEdges":[],
"AST_1Edges":[[17,16],[14,18],[3,19],[8,20],[20,21],[7,22],[22,23],[17,38],[29,39],[31,40],[37,42],[42,44],[40,45],[32,46],[46,47],[31,52],[7,55],[55,56],[6,57]],
"AST_2Edges":[[13,16],[15,18],[6,19],[15,21],[21,22],[24,23],[36,38],[31,39],[41,40],[30,43],[43,44],[44,45],[45,46],[41,47],[3,52],[8,55],[3,57]],
"templateASTEdges":[],
"templateEdges":[],
"verifHintTplPredEdges":[],
"verifHintTplPredPosNegEdges":[],
"verifHintTplEqTermEdges":[],
"verifHintTplInEqTermEdges":[],
"verifHintTplInEqTermPosNegEdges":[],
"dataFlowASTEdges":[],
"controlFlowHyperEdges":[[9,25,2],[2,27,9],[33,48,28],[28,49,33],[1,51,28],[28,53,2],[2,58,54]],
"dataFlowHyperEdges":[[10,25,3],[11,25,4],[12,25,5],[16,25,6],[18,25,8],[3,27,10],[4,27,11],[5,27,12],[6,27,13],[7,27,14],[8,27,15],[34,48,29],[35,48,30],[38,48,31],[29,49,34],[30,49,35],[31,49,36],[32,49,37],[50,51,31],[50,51,32],[29,53,3],[30,53,4],[32,53,5],[50,53,6],[50,53,7],[50,53,8]],
"controlLocationEdgeForSCC":[],
"predicateTransitiveEdges":[[9,9],[33,33],[28,28],[2,2]],
"dummyFiled":[]
}