{
"nodeIds":[0,1,2,3,4,5,6,7,8,9,10,11,12,13,14,15,16,17,18,19,20,21,22,23,24,25,26,27,28,29],
"nodeSymbolList":["predicateName_0","predicateName_1","FALSE","clause_0","=","symbolicConstant_0","0","!","=","symbolicConstant_1","!","clauseHead_0","clause_1","true","clauseHead_1","clause_2","=","symbolicConstant_2","!","=","symbolicConstant_3","!","clauseHead_2","clauseBody_0","clause_3","clauseHead_3","clauseBody_1","clause_4","clauseHead_4","clauseBody_2"],
"falseIndices":[2],
"initialIndices":[],
"argumentIndices":[],
"argumentBoundList":[],
"argumentBinaryOccurrenceList":[],
"argumentOccurrence":[],
"templateIndices":[],
"templateRelevanceLabel":[],
"templateCostLabel":[],
"clauseIndices":[3,12,15,24,27],
"guardIndices":[],
"clauseBinaryOccurrenceInCounterExampleList":[0,0,0,0,1],
"predictedLabel":[],
"controlLocationIndices":[],
"binaryAdjacentList":[[0,11],[0,22],[1,14],[1,25],[2,28],[3,11],[4,7],[5,4],[6,4],[6,8],[6,16],[6,19],[7,3],[8,10],[9,8],[10,3],[12,14],[13,12],[13,24],[13,27],[15,22],[16,18],[17,16],[18,15],[19,21],[20,19],[21,15],[23,0],[23,15],[24,25],[26,0],[26,24],[27,28],[29,1],[29,27]],
"ternaryAdjacencyList":[],
"unknownEdges":[],
"argumentIDList":[],
"argumentNameList":[],
"predicateIndices":[0,1],
"predicateOccurrenceInClause":[4,3],
"predicateStrongConnectedComponent":[1,0],
"predicateArgumentEdges":[],
"predicateInstanceEdges":[[0,11],[1,14],[0,22],[23,0],[1,25],[26,0],[2,28],[29,1]],
"argumentInstanceEdges":[],
"controlHeadEdges":[[3,11],[12,14],[15,22],[24,25],[27,28]],
"controlBodyEdges":[[23,15],[26,24],[29,27]],
"controlEdges":[],
"controlArgumentEdges":[],
"subTermEdges":[[5,4],[6,4],[4,7],[9,8],[6,8],[8,10],[17,16],[6,16],[16,18],[20,19],[6,19],[19,21]],
"guardEdges":[[7,3],[10,3],[13,12],[18,15],[21,15],[13,24],[13,27]],
"dataEdges":[],
"predicateInstanceHeadEdges":[],
"predicateInstanceBodyEdges":[],
"controlArgumentHeadEdges":[],
"controlArgumentBodyEdges":[],
"guardConstantEdges":[],
"guardOperatorEdges":[],
"guardScEdges":[],
"dataConstantEdges":[],
"dataOperatorEdges":[],
"dataScEdges":[],
"subTermConstantOperatorEdges":[],
"subTermOperatorOperatorEdges":[],
"subTermScOperatorEdges":[],
"dummyFiled":[]
}