{
"nodeIds":[0,1,2,3,4,5,6,7,8,9,10,11,12,13,14,15,16,17,18,19,20,21,22,23,24,25,26,27,28,29,30,31,32,33,34,35,36,37,38,39,40,41,42,43,44,45,46,47,48,49,50,51,52,53,54,55,56,57,58,59,60,61,62,63,64,65,66,67,68,69,70,71,72,73,74,75,76,77,78,79,80,81,82,83,84,85,86,87,88,89,90,91,92,93,94,95,96,97,98,99,100,101,102,103,104,105,106,107,108,109,110,111,112,113,114,115,116,117,118,119,120,121,122,123,124,125,126,127,128,129,130,131,132,133,134,135,136,137,138,139,140,141,142,143,144,145,146,147,148,149,150,151,152,153,154,155,156,157,158,159,160,161,162,163,164,165,166,167,168,169,170,171,172,173,174,175,176,177,178,179,180,181,182,183,184,185,186,187,188,189,190,191,192,193,194,195,196,197,198,199,200,201,202,203,204,205,206,207,208,209,210,211,212,213,214,215,216,217,218,219,220,221,222,223,224,225,226,227,228,229,230,231,232,233,234,235,236,237,238,239,240,241,242,243,244,245,246,247,248,249,250,251,252,253,254,255,256,257,258,259,260,261,262,263,264,265,266,267,268,269,270,271,272,273,274,275,276,277,278,279,280,281,282,283,284,285,286,287,288,289,290,291,292,293,294,295,296,297,298,299,300,301,302,303,304,305,306,307,308,309,310,311,312,313,314,315,316,317,318,319,320,321,322,323,324,325,326,327,328,329,330,331,332,333,334,335,336,337,338,339,340],
"nodeSymbolList":["dummy","Initial","CONTROL_0","predicateArgument_0","predicateArgument_1","CONTROL_1","predicateArgument_2","predicateArgument_3","1",">=","guard_0","CONTROL_2","predicateArgument_4","predicateArgument_5","predicateArgument_6","0","2",">=","guard_1","CONTROL_3","predicateArgument_7","false","guard_2","CONTROL_4","predicateArgument_8","predicateArgument_9","CONTROL_5","predicateArgument_10","3","true","guard_3","guard_4","=","guard_5","-","+",">=",">=","-1","guard_6","CONTROL_6","predicateArgument_11","predicateArgument_12","predicateArgument_13","-","+",">=",">=","guard_7","CONTROL_7","predicateArgument_14","predicateArgument_15","predicateArgument_16","predicateArgument_17","CONTROL_8","predicateArgument_18","predicateArgument_19","predicateArgument_20","predicateArgument_21","-","+",">=","=","+","=",">=","=","=","guard_8","CONTROL_9","predicateArgument_22","predicateArgument_23","predicateArgument_24","predicateArgument_25","guard_9","CONTROL_10","predicateArgument_26","predicateArgument_27","predicateArgument_28","predicateArgument_29",">=","guard_10","-","+",">=","guard_11",">=",">=","guard_12","-","+",">=",">=","-2","guard_13","guard_14","CONTROL_11","predicateArgument_30","predicateArgument_31","predicateArgument_32","+","-","+",">=",">=","guard_15","CONTROL_12","predicateArgument_33","predicateArgument_34","CONTROL_13","predicateArgument_35","predicateArgument_36","predicateArgument_37","-","+",">=","+","=",">=","=","guard_16","+","guard_17","-","+",">=",">=","guard_18","CONTROL_14","predicateArgument_38","predicateArgument_39","predicateArgument_40","predicateArgument_41","predicateArgument_42","-","+",">=","=",">=","=","=","guard_19",">=","guard_20","-","+",">=",">=","guard_21","-","+",">=","-","+",">=",">=","guard_22","-","+",">=","-","+",">=",">=","guard_23","CONTROL_15","predicateArgument_43","predicateArgument_44","predicateArgument_45","predicateArgument_46","predicateArgument_47","predicateArgument_48","+","-","+",">=",">=","=","-","+","=","+","=",">=","=","guard_24",">=","guard_25","-","+",">=",">=","guard_26","-","+",">=",">=","guard_27","CONTROL_16","predicateArgument_49","predicateArgument_50","predicateArgument_51","predicateArgument_52","-","+",">=",">=","=","guard_28","+","guard_29","guard_30","guard_31","=","=","guard_32","guard_33","guard_34","CONTROL_17","predicateArgument_53","predicateArgument_54","predicateArgument_55","=","=","guard_35","guard_36","CONTROL_18","predicateArgument_56","predicateArgument_57","guard_37",">=",">=","2147483647","guard_38","=","guard_39","CONTROL_19","predicateArgument_58","predicateArgument_59","predicateArgument_60",">=","=","guard_40","-","+",">=",">=","-","+","+","=","guard_41","-","+",">=","-","+","+","=",">=","guard_42","CONTROL_20","predicateArgument_61","predicateArgument_62","+","-","+",">=",">=","+","=","+","=","=","guard_43","+",">=",">=","-","+","+","=","+","=","=","guard_44","+","guard_45","=","!",">=","guard_46",">=","=","guard_47","CONTROL_21","predicateArgument_63","predicateArgument_64","predicateArgument_65","=","!",">=","=","=","=","guard_48",">=","=","=","=","=","guard_49",">=","guard_50",">=","guard_51","CONTROL_22","predicateArgument_66","predicateArgument_67","=",">=","guard_52","=",">=","guard_53","CONTROL_23","guard_54","=","!","guard_55","-","+",">=",">=","guard_56",">=","guard_57",">=","guard_58","FALSE","guard_59"],
"falseIndices":[339],
"initialIndices":[1],
"argumentIndices":[3,4,6,7,12,13,14,20,24,25,27,41,42,43,50,51,52,53,55,56,57,58,70,71,72,73,76,77,78,79,97,98,99,107,108,110,111,112,129,130,131,132,133,166,167,168,169,170,171,199,200,201,202,219,220,221,227,228,237,238,239,262,263,296,297,298,317,318],
"argumentBoundList":[[1,1],[1,0],[1,1],[1,1],[1,1],[1,1],[1,1],[1,1],[1,1],[1,1],[1,1],[1,1],[1,1],[1,1],[1,1],[1,1],[1,1],[1,1],[1,1],[1,1],[1,1],[1,1],[1,1],[1,1],[1,0],[1,1],[1,1],[1,1],[1,0],[1,1],[1,1],[1,1],[1,1],[1,1],[1,0],[1,1],[1,1],[1,1],[1,1],[1,1],[1,1],[1,0],[1,1],[1,1],[1,1],[1,1],[1,1],[1,0],[1,1],[1,1],[1,1],[1,0],[1,1],[1,1],[1,1],[0,0],[1,1],[0,0],[1,1],[1,1],[1,1],[1,1],[1,1],[1,1],[1,1],[1,1],[1,1],[1,1]],
"argumentBinaryOccurrenceList":[0,0,0,0,0,0,0,0,0,0,0,0,0,0,0,0,0,0,0,0,0,0,0,0,0,0,0,0,0,0,0,0,0,0,0,0,0,0,0,0,0,0,0,0,0,0,0,0,0,0,0,0,0,0,0,0,0,0,0,0,0,0,0,0,0,0,0,0],
"argumentOccurrence":[0,0,0,0,0,0,0,0,0,0,0,0,0,0,0,0,0,0,0,0,0,0,0,0,0,0,0,0,0,0,0,0,0,0,0,0,0,0,0,0,0,0,0,0,0,0,0,0,0,0,0,0,0,0,0,0,0,0,0,0,0,0,0,0,0,0,0,0],
"templateIndices":[],
"templateRelevanceLabel":[],
"templateCostLabel":[],
"clauseIndices":[],
"guardIndices":[10,18,22,30,31,33,39,48,68,74,81,85,88,94,95,105,120,122,127,141,143,148,156,164,185,187,192,197,208,210,211,212,215,216,217,224,225,229,233,235,242,251,260,274,285,287,291,294,305,311,313,315,321,324,326,329,334,336,338,340],
"clauseBinaryOccurrenceInCounterExampleList":[0,0,0,0,0,0,0,0,0,0,0,0,0,0,0,0,0,0,0,0,0,0,0,0,0,0,0,0,0,0,0,0,0,0,0,0,0,0,0,0,0,0,0,0,0,0,0,0,0,0,0,0,0,0,0,0,0,0,0,0],
"predictedLabel":[],
"controlLocationIndices":[2,5,11,19,23,26,40,49,54,69,75,96,106,109,128,165,198,218,226,236,261,295,316,325],
"binaryAdjacentList":[[2,2],[3,2],[3,9],[4,2],[4,17],[4,34],[4,37],[5,5],[6,5],[6,234],[6,331],[7,5],[7,9],[7,240],[7,330],[7,333],[8,36],[8,46],[8,61],[8,100],[8,103],[8,115],[8,121],[8,125],[8,136],[8,146],[8,151],[8,154],[8,159],[8,162],[8,172],[8,175],[8,176],[8,190],[8,195],[8,205],[8,230],[8,245],[8,254],[8,267],[8,268],[8,276],[8,286],[8,312],[8,319],[8,320],[8,322],[8,332],[8,335],[9,10],[11,11],[12,11],[12,17],[12,241],[13,11],[13,32],[14,11],[14,32],[15,47],[15,65],[15,87],[15,104],[15,118],[15,126],[15,138],[15,163],[15,196],[15,206],[15,250],[15,258],[15,259],[15,270],[15,272],[15,281],[15,283],[15,288],[15,293],[15,299],[15,304],[15,309],[15,310],[15,327],[16,62],[16,91],[16,137],[16,177],[16,290],[16,292],[16,301],[16,306],[16,314],[16,323],[17,18],[19,19],[20,19],[20,35],[20,82],[20,86],[20,90],[20,147],[20,150],[20,186],[20,189],[21,22],[21,95],[21,211],[21,216],[21,229],[21,326],[23,23],[24,23],[25,23],[26,26],[27,26],[29,30],[29,31],[29,74],[29,122],[29,210],[29,212],[29,217],[29,225],[29,287],[29,340],[32,33],[34,35],[35,36],[36,39],[37,39],[38,37],[38,64],[38,80],[38,84],[38,117],[38,155],[38,180],[38,182],[38,191],[38,209],[38,246],[38,333],[40,40],[41,40],[41,45],[41,124],[41,158],[41,290],[41,292],[41,312],[41,314],[42,40],[42,44],[42,47],[42,123],[42,126],[42,157],[42,163],[43,40],[44,45],[45,46],[46,48],[47,48],[49,49],[50,49],[50,60],[50,67],[51,49],[52,49],[52,59],[52,65],[52,66],[53,49],[53,63],[54,54],[55,54],[55,67],[55,140],[55,184],[55,213],[55,303],[55,308],[55,320],[55,323],[56,54],[56,66],[56,139],[56,172],[56,181],[56,214],[56,304],[56,310],[56,319],[56,322],[57,54],[57,62],[57,137],[57,177],[57,302],[57,307],[58,54],[59,60],[59,63],[60,61],[61,68],[62,68],[63,64],[64,68],[65,68],[66,68],[67,68],[69,69],[70,69],[71,69],[72,69],[73,69],[73,86],[73,87],[75,75],[76,75],[77,75],[77,142],[78,75],[79,75],[79,80],[79,83],[79,89],[79,92],[79,100],[79,116],[80,81],[82,83],[83,84],[84,85],[86,88],[87,88],[89,90],[90,91],[91,94],[92,94],[93,92],[96,96],[97,96],[97,102],[97,194],[97,244],[97,247],[97,253],[97,255],[98,96],[98,101],[98,104],[98,193],[98,196],[98,243],[98,246],[98,248],[98,252],[98,256],[98,259],[99,96],[99,249],[99,257],[101,102],[102,103],[103,105],[104,105],[106,106],[107,106],[107,114],[107,119],[108,106],[108,121],[109,109],[110,109],[110,119],[110,207],[110,213],[110,223],[110,273],[110,284],[111,109],[111,113],[111,118],[111,203],[111,206],[111,214],[111,222],[111,264],[111,271],[111,275],[111,282],[112,109],[112,264],[112,266],[112,268],[112,275],[112,276],[112,277],[112,279],[113,114],[113,116],[114,115],[115,120],[116,117],[117,120],[118,120],[119,120],[123,124],[124,125],[125,127],[126,127],[128,128],[129,128],[129,135],[129,140],[130,128],[130,142],[130,145],[130,153],[130,161],[130,174],[131,128],[131,144],[131,152],[131,160],[132,128],[133,128],[133,134],[133,138],[133,139],[133,147],[133,149],[133,155],[134,135],[135,136],[136,141],[137,141],[138,141],[139,141],[140,141],[142,143],[144,145],[145,146],[146,148],[147,148],[149,150],[150,151],[151,156],[152,153],[153,154],[154,156],[155,156],[157,158],[158,159],[159,164],[160,161],[161,162],[162,164],[163,164],[165,165],[166,165],[166,183],[166,184],[167,165],[168,165],[168,176],[168,178],[168,183],[168,186],[168,188],[168,191],[169,165],[169,173],[170,165],[171,165],[171,179],[173,174],[174,175],[175,185],[176,185],[177,185],[178,179],[178,181],[179,180],[180,185],[181,182],[182,185],[183,185],[184,185],[186,187],[188,189],[189,190],[190,192],[191,192],[193,194],[194,195],[195,197],[196,197],[198,198],[199,198],[199,204],[199,207],[200,198],[201,198],[202,198],[202,209],[203,204],[204,205],[205,208],[206,208],[207,208],[213,215],[214,215],[218,218],[219,218],[219,223],[220,218],[220,222],[221,218],[222,224],[223,224],[227,226],[227,230],[227,231],[228,226],[228,234],[230,233],[231,233],[232,231],[234,235],[236,236],[237,236],[237,288],[237,293],[237,299],[237,309],[237,327],[238,236],[238,240],[238,241],[239,236],[240,242],[241,242],[243,244],[244,245],[245,251],[246,251],[247,248],[248,249],[249,250],[250,251],[252,253],[253,254],[254,260],[255,256],[256,257],[257,258],[258,260],[259,260],[261,261],[262,261],[262,265],[262,273],[262,277],[262,278],[262,284],[263,261],[263,269],[263,280],[263,286],[265,266],[266,267],[266,269],[266,271],[267,274],[268,274],[269,270],[270,274],[271,272],[272,274],[273,274],[276,285],[277,285],[278,279],[279,280],[279,282],[280,281],[281,285],[282,283],[283,285],[284,285],[288,289],[289,291],[290,291],[292,294],[293,294],[295,295],[296,295],[297,295],[297,301],[297,303],[297,306],[297,308],[297,335],[298,295],[298,302],[298,307],[299,300],[300,305],[301,305],[302,305],[303,305],[304,305],[306,311],[307,311],[308,311],[309,311],[310,311],[312,313],[314,315],[317,316],[317,337],[318,316],[318,337],[319,321],[320,321],[322,324],[323,324],[327,328],[328,329],[330,331],[331,332],[332,334],[333,334],[335,336],[337,338]],
"ternaryAdjacencyList":[[5,10,2],[6,10,3],[8,10,4],[2,18,11],[3,18,12],[15,18,13],[16,18,14],[2,22,19],[19,30,23],[26,30,23],[20,30,24],[28,30,25],[19,31,26],[23,33,11],[24,33,12],[25,33,14],[2,39,19],[3,39,20],[2,48,40],[3,48,41],[4,48,42],[16,48,43],[2,68,49],[54,68,49],[55,68,50],[58,68,51],[56,68,52],[49,74,69],[50,74,70],[51,74,71],[52,74,72],[53,74,73],[69,81,75],[70,81,76],[71,81,77],[72,81,78],[73,81,79],[75,85,19],[76,85,20],[69,88,19],[70,88,20],[75,94,19],[76,94,20],[69,95,19],[75,105,96],[76,105,97],[100,105,98],[77,105,99],[75,120,106],[109,120,106],[110,120,107],[78,120,108],[106,122,2],[107,122,3],[121,122,4],[69,127,40],[70,127,41],[73,127,42],[16,127,43],[69,141,128],[54,141,128],[55,141,129],[58,141,130],[71,141,131],[72,141,132],[56,141,133],[128,143,75],[129,143,76],[131,143,77],[132,143,78],[133,143,79],[128,148,19],[129,148,20],[128,156,19],[129,156,20],[128,164,40],[129,164,41],[133,164,42],[16,164,43],[128,185,165],[54,185,165],[55,185,166],[58,185,167],[172,185,168],[131,185,169],[132,185,170],[165,187,19],[166,187,20],[165,192,19],[166,192,20],[165,197,96],[166,197,97],[168,197,98],[167,197,99],[165,208,198],[109,208,198],[110,208,199],[169,208,200],[170,208,201],[171,208,202],[198,210,69],[199,210,70],[200,210,71],[201,210,72],[209,210,73],[40,211,54],[40,212,54],[41,212,55],[42,212,56],[43,212,57],[15,212,58],[40,215,54],[109,215,54],[110,215,55],[111,215,56],[43,215,57],[112,215,58],[96,216,109],[96,217,109],[97,217,110],[98,217,111],[99,217,112],[96,224,109],[218,224,109],[219,224,110],[220,224,111],[99,224,112],[96,225,218],[97,225,219],[98,225,220],[1,229,226],[1,233,226],[226,235,5],[228,235,6],[15,235,7],[5,242,236],[11,242,236],[13,242,237],[12,242,238],[14,242,239],[5,251,96],[6,251,97],[7,251,98],[5,260,96],[6,260,97],[7,260,98],[5,274,261],[109,274,261],[264,274,262],[110,274,262],[5,285,261],[109,285,261],[275,285,262],[110,285,262],[261,287,5],[262,287,6],[286,287,7],[236,291,40],[238,291,41],[15,291,42],[239,291,43],[236,294,40],[238,294,41],[15,294,42],[239,294,43],[236,305,295],[54,305,295],[58,305,296],[55,305,297],[57,305,298],[236,311,295],[54,311,295],[58,311,296],[55,311,297],[57,311,298],[295,313,40],[297,313,41],[8,313,42],[298,313,43],[295,315,40],[297,315,41],[8,315,42],[298,315,43],[295,321,316],[54,321,316],[58,321,317],[296,321,318],[295,324,316],[54,324,316],[58,324,317],[296,324,318],[1,326,325],[236,329,325],[5,334,325],[295,336,325],[316,338,325],[325,340,339]],
"unknownEdges":[],
"argumentIDList":[52,53,18,19,30,31,32,60,61,62,63,4,5,6,64,65,66,67,0,1,2,3,33,34,35,36,37,38,39,40,13,14,15,58,59,7,8,9,41,42,43,44,45,46,47,48,49,50,51,54,55,56,57,10,11,12,16,17,20,21,22,23,24,27,28,29,25,26],
"argumentNameList":["<Main: void sort(JayArray_int)>_Block2:argument0","<Main: void sort(JayArray_int)>_Block2:argument1","<Main: void main(JayArray_java_lang_String)>_Block5:argument0","<Main: void main(JayArray_java_lang_String)>_Block5:argument1","<Main: void sort(JayArray_int)>_Block0:argument0","<Main: void sort(JayArray_int)>_Block0:argument1","<Main: void sort(JayArray_int)>_Block0:argument2","<Main: void sort(JayArray_int)>_Block7:argument0","<Main: void sort(JayArray_int)>_Block7_3:argument0","<Main: void sort(JayArray_int)>_Block7_3:argument1","<Main: void sort(JayArray_int)>_Block7_3_1:argument0","<JayArray_int: int get(int)>_pre:argument0","<JayArray_int: int get(int)>_pre:argument1","<JayArray_int: int get(int)>_pre:argument2","<Main: void sort(JayArray_int)>_Block9_1:argument0","<Main: void sort(JayArray_int)>_Block9_1:argument1","<Main: void sort(JayArray_int)>_Block9_1:argument2","<Main: void sort(JayArray_int)>_Block9_1:argument3","<JayArray_int: int get(int)>_Block1_2:argument0","<JayArray_int: int get(int)>_Block1_2:argument1","<JayArray_int: int get(int)>_Block1_2:argument2","<JayArray_int: int get(int)>_Block1_2:argument3","<Main: void sort(JayArray_int)>_Block10:argument0","<Main: void sort(JayArray_int)>_Block10:argument1","<Main: void sort(JayArray_int)>_Block10:argument2","<Main: void sort(JayArray_int)>_Block10:argument3","<Main: void sort(JayArray_int)>_Block11:argument0","<Main: void sort(JayArray_int)>_Block11:argument1","<Main: void sort(JayArray_int)>_Block11:argument2","<Main: void sort(JayArray_int)>_Block11:argument3","<JayArray_int: void set(int,int)>_pre:argument0","<JayArray_int: void set(int,int)>_pre:argument1","<JayArray_int: void set(int,int)>_pre:argument2","<Main: void sort(JayArray_int)>_Block25_1:argument0","<Main: void sort(JayArray_int)>_Block25_1:argument1","<JayArray_int: void set(int,int)>_Block1_2:argument0","<JayArray_int: void set(int,int)>_Block1_2:argument1","<JayArray_int: void set(int,int)>_Block1_2:argument2","<Main: void sort(JayArray_int)>_Block15_1:argument0","<Main: void sort(JayArray_int)>_Block15_1:argument1","<Main: void sort(JayArray_int)>_Block15_1:argument2","<Main: void sort(JayArray_int)>_Block15_1:argument3","<Main: void sort(JayArray_int)>_Block15_1:argument4","<Main: void sort(JayArray_int)>_Block19_1:argument0","<Main: void sort(JayArray_int)>_Block19_1:argument1","<Main: void sort(JayArray_int)>_Block19_1:argument2","<Main: void sort(JayArray_int)>_Block19_1:argument3","<Main: void sort(JayArray_int)>_Block19_1:argument4","<Main: void sort(JayArray_int)>_Block19_1:argument5","<Main: void sort(JayArray_int)>_Block22_1:argument0","<Main: void sort(JayArray_int)>_Block22_1:argument1","<Main: void sort(JayArray_int)>_Block22_1:argument2","<Main: void sort(JayArray_int)>_Block22_1:argument3","<JayArray_int: void set(int,int)>_Block1_2_34_1:argument0","<JayArray_int: void set(int,int)>_Block1_2_34_1:argument1","<JayArray_int: void set(int,int)>_Block1_2_34_1:argument2","<Main: void main(JayArray_java_lang_String)>_Block4_8:argument0","<Main: void main(JayArray_java_lang_String)>_Block4_8:argument1","<Main: void main(JayArray_java_lang_String)>_Block6_1:argument0","<Main: void main(JayArray_java_lang_String)>_Block6_1:argument1","<Main: void main(JayArray_java_lang_String)>_Block6_1:argument2","<Main: void main(JayArray_java_lang_String)>_Block7_9:argument0","<Main: void main(JayArray_java_lang_String)>_Block7_9:argument1","<Main: void main(JayArray_java_lang_String)>_Block9_6:argument0","<Main: void main(JayArray_java_lang_String)>_Block9_6:argument1","<Main: void main(JayArray_java_lang_String)>_Block9_6:argument2","<Main: void main(JayArray_java_lang_String)>_Block9_12:argument0","<Main: void main(JayArray_java_lang_String)>_Block9_12:argument1"],
"predicateIndices":[2,5,11,19,23,26,40,49,54,69,75,96,106,109,128,165,198,218,226,236,261,295,316,325],
"predicateOccurrenceInClause":[7,9,3,12,2,2,10,2,10,7,6,8,2,8,6,5,2,2,3,6,3,7,3,6],
"predicateStrongConnectedComponent":[1,1,1,1,1,1,1,1,1,1,1,1,1,1,1,1,1,1,0,1,1,1,0,0],
"argumentEdges":[[3,2],[4,2],[6,5],[7,5],[12,11],[13,11],[14,11],[20,19],[24,23],[25,23],[27,26],[41,40],[42,40],[43,40],[50,49],[51,49],[52,49],[53,49],[55,54],[56,54],[57,54],[58,54],[70,69],[71,69],[72,69],[73,69],[76,75],[77,75],[78,75],[79,75],[97,96],[98,96],[99,96],[107,106],[108,106],[110,109],[111,109],[112,109],[129,128],[130,128],[131,128],[132,128],[133,128],[166,165],[167,165],[168,165],[169,165],[170,165],[171,165],[199,198],[200,198],[201,198],[202,198],[219,218],[220,218],[221,218],[227,226],[228,226],[237,236],[238,236],[239,236],[262,261],[263,261],[296,295],[297,295],[298,295],[317,316],[318,316]],
"guardASTEdges":[[9,10],[17,18],[21,22],[29,30],[29,31],[32,33],[36,39],[37,39],[46,48],[47,48],[61,68],[62,68],[64,68],[65,68],[66,68],[67,68],[29,74],[80,81],[84,85],[86,88],[87,88],[91,94],[92,94],[21,95],[103,105],[104,105],[115,120],[117,120],[118,120],[119,120],[29,122],[125,127],[126,127],[136,141],[137,141],[138,141],[139,141],[140,141],[142,143],[146,148],[147,148],[151,156],[154,156],[155,156],[159,164],[162,164],[163,164],[175,185],[176,185],[177,185],[180,185],[182,185],[183,185],[184,185],[186,187],[190,192],[191,192],[195,197],[196,197],[205,208],[206,208],[207,208],[29,210],[21,211],[29,212],[213,215],[214,215],[21,216],[29,217],[222,224],[223,224],[29,225],[21,229],[230,233],[231,233],[234,235],[240,242],[241,242],[245,251],[246,251],[250,251],[254,260],[258,260],[259,260],[267,274],[268,274],[270,274],[272,274],[273,274],[276,285],[277,285],[281,285],[283,285],[284,285],[29,287],[289,291],[290,291],[292,294],[293,294],[300,305],[301,305],[302,305],[303,305],[304,305],[306,311],[307,311],[308,311],[309,311],[310,311],[312,313],[314,315],[319,321],[320,321],[322,324],[323,324],[21,326],[328,329],[332,334],[333,334],[335,336],[337,338],[29,340]],
"ASTEdges":[],
"AST_1Edges":[[7,9],[4,17],[13,32],[4,34],[34,35],[35,36],[38,37],[41,45],[45,46],[42,47],[50,60],[60,61],[57,62],[53,63],[63,64],[52,65],[56,66],[55,67],[38,80],[79,83],[83,84],[73,86],[73,87],[79,89],[89,90],[90,91],[93,92],[8,100],[97,102],[102,103],[98,104],[107,114],[114,115],[79,116],[116,117],[111,118],[110,119],[8,121],[42,123],[123,124],[124,125],[42,126],[129,135],[135,136],[57,137],[133,138],[56,139],[55,140],[77,142],[131,144],[144,145],[145,146],[133,147],[133,149],[149,150],[150,151],[130,153],[153,154],[38,155],[42,157],[157,158],[158,159],[130,161],[161,162],[42,163],[8,172],[130,174],[174,175],[168,176],[57,177],[171,179],[179,180],[56,181],[181,182],[166,183],[55,184],[168,186],[168,188],[188,189],[189,190],[38,191],[97,194],[194,195],[98,196],[199,204],[204,205],[111,206],[110,207],[38,209],[110,213],[111,214],[220,222],[219,223],[227,230],[232,231],[228,234],[7,240],[12,241],[97,244],[244,245],[38,246],[97,247],[247,248],[99,249],[249,250],[97,253],[253,254],[97,255],[255,256],[99,257],[257,258],[98,259],[111,264],[262,265],[265,266],[266,267],[112,268],[263,269],[269,270],[111,271],[271,272],[110,273],[111,275],[112,276],[262,277],[262,278],[278,279],[263,280],[280,281],[111,282],[282,283],[110,284],[8,286],[237,288],[288,289],[41,290],[41,292],[237,293],[237,299],[299,300],[297,301],[57,302],[55,303],[56,304],[297,306],[57,307],[55,308],[237,309],[56,310],[8,312],[41,314],[56,319],[8,320],[56,322],[55,323],[237,327],[327,328],[6,331],[331,332],[38,333],[8,335],[318,337]],
"AST_2Edges":[[3,9],[12,17],[14,32],[20,35],[8,36],[4,37],[42,44],[44,45],[8,46],[15,47],[52,59],[59,60],[8,61],[16,62],[59,63],[38,64],[15,65],[52,66],[50,67],[79,80],[20,82],[82,83],[38,84],[20,86],[15,87],[20,90],[16,91],[79,92],[79,100],[98,101],[101,102],[8,103],[15,104],[111,113],[113,114],[8,115],[113,116],[38,117],[15,118],[107,119],[108,121],[41,124],[8,125],[15,126],[133,134],[134,135],[8,136],[16,137],[15,138],[133,139],[129,140],[130,142],[130,145],[8,146],[20,147],[20,150],[8,151],[131,152],[152,153],[8,154],[133,155],[41,158],[8,159],[131,160],[160,161],[8,162],[15,163],[56,172],[169,173],[173,174],[8,175],[8,176],[16,177],[168,178],[178,179],[38,180],[178,181],[38,182],[168,183],[166,184],[20,186],[20,189],[8,190],[168,191],[98,193],[193,194],[8,195],[15,196],[111,203],[203,204],[8,205],[15,206],[199,207],[202,209],[55,213],[56,214],[111,222],[110,223],[8,230],[227,231],[6,234],[238,240],[238,241],[98,243],[243,244],[8,245],[98,246],[98,248],[248,249],[15,250],[98,252],[252,253],[8,254],[98,256],[256,257],[15,258],[15,259],[112,264],[112,266],[8,267],[8,268],[266,269],[15,270],[266,271],[15,272],[262,273],[112,275],[8,276],[112,277],[112,279],[279,280],[15,281],[279,282],[15,283],[262,284],[263,286],[15,288],[16,290],[16,292],[15,293],[15,299],[16,301],[298,302],[297,303],[15,304],[16,306],[298,307],[297,308],[15,309],[15,310],[41,312],[16,314],[8,319],[55,320],[8,322],[16,323],[15,327],[7,330],[330,331],[8,332],[7,333],[297,335],[317,337]],
"templateASTEdges":[],
"templateEdges":[],
"verifHintTplPredEdges":[],
"verifHintTplPredPosNegEdges":[],
"verifHintTplEqTermEdges":[],
"verifHintTplInEqTermEdges":[],
"verifHintTplInEqTermPosNegEdges":[],
"dataFlowASTEdges":[],
"controlFlowHyperEdges":[[5,10,2],[2,18,11],[2,22,19],[19,30,23],[26,30,23],[19,31,26],[23,33,11],[2,39,19],[2,48,40],[2,68,49],[54,68,49],[49,74,69],[69,81,75],[75,85,19],[69,88,19],[75,94,19],[69,95,19],[75,105,96],[75,120,106],[109,120,106],[106,122,2],[69,127,40],[69,141,128],[54,141,128],[128,143,75],[128,148,19],[128,156,19],[128,164,40],[128,185,165],[54,185,165],[165,187,19],[165,192,19],[165,197,96],[165,208,198],[109,208,198],[198,210,69],[40,211,54],[40,212,54],[40,215,54],[109,215,54],[96,216,109],[96,217,109],[96,224,109],[218,224,109],[96,225,218],[1,229,226],[1,233,226],[226,235,5],[5,242,236],[11,242,236],[5,251,96],[5,260,96],[5,274,261],[109,274,261],[5,285,261],[109,285,261],[261,287,5],[236,291,40],[236,294,40],[236,305,295],[54,305,295],[236,311,295],[54,311,295],[295,313,40],[295,315,40],[295,321,316],[54,321,316],[295,324,316],[54,324,316],[1,326,325],[236,329,325],[5,334,325],[295,336,325],[316,338,325],[325,340,339]],
"dataFlowHyperEdges":[[6,10,3],[8,10,4],[3,18,12],[15,18,13],[16,18,14],[20,30,24],[28,30,25],[24,33,12],[25,33,14],[3,39,20],[3,48,41],[4,48,42],[16,48,43],[55,68,50],[58,68,51],[56,68,52],[50,74,70],[51,74,71],[52,74,72],[53,74,73],[70,81,76],[71,81,77],[72,81,78],[73,81,79],[76,85,20],[70,88,20],[76,94,20],[76,105,97],[100,105,98],[77,105,99],[110,120,107],[78,120,108],[107,122,3],[121,122,4],[70,127,41],[73,127,42],[16,127,43],[55,141,129],[58,141,130],[71,141,131],[72,141,132],[56,141,133],[129,143,76],[131,143,77],[132,143,78],[133,143,79],[129,148,20],[129,156,20],[129,164,41],[133,164,42],[16,164,43],[55,185,166],[58,185,167],[172,185,168],[131,185,169],[132,185,170],[166,187,20],[166,192,20],[166,197,97],[168,197,98],[167,197,99],[110,208,199],[169,208,200],[170,208,201],[171,208,202],[199,210,70],[200,210,71],[201,210,72],[209,210,73],[41,212,55],[42,212,56],[43,212,57],[15,212,58],[110,215,55],[111,215,56],[43,215,57],[112,215,58],[97,217,110],[98,217,111],[99,217,112],[219,224,110],[220,224,111],[99,224,112],[97,225,219],[98,225,220],[228,235,6],[15,235,7],[13,242,237],[12,242,238],[14,242,239],[6,251,97],[7,251,98],[6,260,97],[7,260,98],[264,274,262],[110,274,262],[275,285,262],[110,285,262],[262,287,6],[286,287,7],[238,291,41],[15,291,42],[239,291,43],[238,294,41],[15,294,42],[239,294,43],[58,305,296],[55,305,297],[57,305,298],[58,311,296],[55,311,297],[57,311,298],[297,313,41],[8,313,42],[298,313,43],[297,315,41],[8,315,42],[298,315,43],[58,321,317],[296,321,318],[58,324,317],[296,324,318]],
"controlLocationEdgeForSCC":[],
"predicateTransitiveEdges":[[218,218],[11,11],[128,128],[236,236],[106,106],[165,165],[261,261],[26,26],[5,5],[109,109],[295,295],[40,40],[198,198],[96,96],[69,69],[19,19],[23,23],[2,2],[75,75],[49,49],[54,54]],
"dummyFiled":[]
}