{
"nodeIds":[0,1,2,3,4,5,6,7,8,9,10,11,12,13,14,15,16,17,18,19,20,21,22,23,24,25,26,27,28,29,30,31,32,33,34,35,36,37,38,39,40,41,42,43,44,45,46,47,48,49,50,51,52,53,54,55,56,57,58,59,60,61,62,63,64,65,66,67,68,69,70,71,72,73,74,75,76,77,78,79,80,81],
"nodeSymbolList":["predicateName_0","predicateArgument_0","predicateArgument_1","predicateArgument_2","predicateArgument_3","FALSE","clause_0","=","symbolicConstant_0","4","=","symbolicConstant_1","0","clauseHead_0","clauseArgument_0","clauseArgument_1","clauseArgument_2","symbolicConstant_2","clauseArgument_3","symbolicConstant_3","clause_1","+","symbolicConstant_4","symbolicConstant_5","=","symbolicConstant_6","+","symbolicConstant_7","symbolicConstant_8","=","symbolicConstant_9","=","symbolicConstant_10","!","-","+",">=","-4","clauseHead_1","clauseArgument_4","clauseArgument_5","clauseArgument_6","clauseArgument_7","clauseBody_0","clauseArgument_8","+","1","clauseArgument_9","+","-1","clauseArgument_10","clauseArgument_11","clause_2","+","symbolicConstant_11","symbolicConstant_12","-","symbolicConstant_13","+","=","+","symbolicConstant_14","symbolicConstant_15","-","symbolicConstant_16","+","=","=","symbolicConstant_17","symbolicConstant_18","!","=","symbolicConstant_19","!","+",">=","clauseHead_2","clauseBody_1","clauseArgument_12","clauseArgument_13","clauseArgument_14","clauseArgument_15"],
"falseIndices":[5],
"initialIndices":[],
"argumentIndices":[1,2,3,4],
"argumentBoundList":[[1,1],[1,1],[0,0],[0,0]],
"argumentBinaryOccurrenceList":[0,0,0,0],
"argumentOccurrence":[0,0,0,0],
"templateIndices":[],
"templateRelevanceLabel":[],
"templateCostLabel":[],
"clauseIndices":[6,20,52],
"guardIndices":[],
"clauseBinaryOccurrenceInCounterExampleList":[0,0,0],
"predictedLabel":[],
"controlLocationIndices":[],
"binaryAdjacentList":[[0,1],[0,2],[0,3],[0,4],[0,13],[0,38],[1,14],[1,39],[1,44],[1,78],[2,15],[2,40],[2,47],[2,79],[3,16],[3,41],[3,50],[3,80],[4,18],[4,42],[4,51],[4,81],[5,76],[6,13],[7,6],[8,7],[9,7],[10,6],[11,10],[12,10],[12,31],[12,71],[13,14],[13,15],[13,16],[13,18],[14,8],[15,11],[16,17],[18,19],[20,38],[21,24],[22,21],[22,45],[23,21],[23,51],[24,20],[25,24],[26,29],[27,26],[27,48],[28,26],[28,35],[28,50],[29,20],[30,29],[30,34],[31,33],[32,31],[33,20],[34,35],[35,36],[36,20],[37,36],[37,75],[38,39],[38,40],[38,41],[38,42],[39,22],[40,27],[41,28],[42,23],[43,0],[43,20],[44,43],[45,44],[46,45],[46,59],[47,43],[48,47],[49,48],[49,66],[50,43],[51,43],[52,76],[53,58],[54,53],[54,78],[55,53],[55,81],[56,58],[57,56],[58,59],[59,52],[60,65],[61,60],[61,79],[62,60],[62,74],[62,80],[63,65],[63,74],[64,63],[65,66],[66,52],[67,70],[68,67],[69,67],[70,52],[71,73],[72,71],[73,52],[74,75],[75,52],[77,0],[77,52],[78,77],[79,77],[80,77],[81,77]],
"ternaryAdjacencyList":[],
"unknownEdges":[],
"argumentIDList":[0,1,2,3],
"argumentNameList":["main_1_1:argument0","main_1_1:argument1","main_1_1:argument2","main_1_1:argument3"],
"predicateIndices":[0],
"predicateOccurrenceInClause":[4],
"predicateStrongConnectedComponent":[1],
"predicateArgumentEdges":[[0,1],[0,2],[0,3],[0,4]],
"predicateInstanceEdges":[[0,13],[0,38],[43,0],[5,76],[77,0]],
"argumentInstanceEdges":[[1,14],[2,15],[3,16],[4,18],[1,39],[2,40],[3,41],[4,42],[1,44],[2,47],[3,50],[4,51],[1,78],[2,79],[3,80],[4,81]],
"controlHeadEdges":[[6,13],[20,38],[52,76]],
"controlBodyEdges":[[43,20],[77,52]],
"controlEdges":[],
"controlArgumentEdges":[[13,14],[13,15],[13,16],[13,18],[38,39],[38,40],[38,41],[38,42],[44,43],[47,43],[50,43],[51,43],[78,77],[79,77],[80,77],[81,77]],
"subTermEdges":[[8,7],[9,7],[11,10],[12,10],[22,21],[23,21],[21,24],[25,24],[27,26],[28,26],[26,29],[30,29],[32,31],[12,31],[31,33],[30,34],[28,35],[34,35],[35,36],[37,36],[22,45],[46,45],[27,48],[49,48],[54,53],[55,53],[57,56],[53,58],[56,58],[58,59],[46,59],[61,60],[62,60],[64,63],[60,65],[63,65],[65,66],[49,66],[68,67],[69,67],[67,70],[72,71],[12,71],[71,73],[62,74],[63,74],[74,75],[37,75]],
"guardEdges":[[7,6],[10,6],[24,20],[29,20],[33,20],[36,20],[59,52],[66,52],[70,52],[73,52],[75,52]],
"dataEdges":[[14,8],[15,11],[16,17],[18,19],[39,22],[40,27],[41,28],[42,23],[45,44],[48,47],[28,50],[23,51],[54,78],[61,79],[62,80],[55,81]],
"predicateInstanceHeadEdges":[],
"predicateInstanceBodyEdges":[],
"controlArgumentHeadEdges":[],
"controlArgumentBodyEdges":[],
"guardConstantEdges":[],
"guardOperatorEdges":[],
"guardScEdges":[],
"dataConstantEdges":[],
"dataOperatorEdges":[],
"dataScEdges":[],
"subTermConstantOperatorEdges":[],
"subTermOperatorOperatorEdges":[],
"subTermScOperatorEdges":[],
"dummyFiled":[]
}