{
"nodeIds":[0,1,2,3,4,5,6,7,8,9,10,11,12,13,14,15,16,17,18,19,20,21,22,23,24,25,26,27,28,29,30,31,32,33,34,35,36,37,38,39,40,41,42,43,44,45,46,47,48,49,50,51,52,53,54,55,56,57,58,59,60,61,62,63,64,65,66,67,68,69,70,71,72,73,74,75,76,77,78],
"nodeSymbolList":["dummy","Initial","CONTROL_0","predicateArgument_0","predicateArgument_1","CONTROL_1","predicateArgument_2","0",">=","guard_0","CONTROL_2","predicateArgument_3","+","-1",">=","1","guard_1","true","guard_2","CONTROL_3","predicateArgument_4","predicateArgument_5","+",">=","2","guard_3","=","guard_4","+","-2","guard_5","CONTROL_4","predicateArgument_6","predicateArgument_7","predicateArgument_8","+","guard_6","+","guard_7","CONTROL_5","predicateArgument_9","predicateArgument_10",">=","-2147483648",">=","guard_8",">=",">=","45","guard_9","guard_10","+",">=","44",">=","guard_11","CONTROL_6","predicateArgument_11","predicateArgument_12","predicateArgument_13","CONTROL_7","predicateArgument_14","predicateArgument_15","+","+",">=",">=","46","guard_12","+","guard_13","+","guard_14","FALSE",">=","9",">=","33","guard_15"],
"falseIndices":[73],
"initialIndices":[1],
"argumentIndices":[3,4,6,11,20,21,32,33,34,40,41,57,58,59,61,62],
"argumentBoundList":[[1,0],[1,0],[1,0],[1,0],[1,0],[1,0],[1,0],[1,0],[1,0],[0,0],[1,1],[1,0],[0,0],[1,1],[1,0],[0,0]],
"argumentBinaryOccurrenceList":[0,0,0,0,0,0,0,0,0,0,0,0,0,0,0,0],
"argumentOccurrence":[0,0,0,0,0,0,0,0,0,0,0,0,0,0,0,0],
"templateIndices":[],
"templateRelevanceLabel":[],
"templateCostLabel":[],
"clauseIndices":[],
"guardIndices":[9,16,18,25,27,30,36,38,45,49,50,55,68,70,72,78],
"clauseBinaryOccurrenceInCounterExampleList":[0,0,0,0,0,0,0,0,0,0,0,0,0,0,0,0],
"predictedLabel":[],
"controlLocationIndices":[2,5,10,19,31,39,56,60],
"binaryAdjacentList":[[2,2],[3,2],[3,8],[3,22],[3,35],[3,51],[3,63],[3,69],[4,2],[5,5],[6,5],[6,14],[6,26],[6,46],[6,47],[6,52],[6,54],[7,8],[7,44],[7,54],[8,9],[10,10],[11,10],[11,12],[13,12],[13,51],[13,69],[14,16],[15,14],[15,22],[15,26],[15,46],[15,63],[17,18],[17,30],[17,36],[17,38],[17,50],[17,70],[17,72],[19,19],[20,19],[20,23],[20,28],[21,19],[23,25],[24,23],[24,35],[24,64],[24,65],[26,27],[29,28],[31,31],[32,31],[33,31],[33,37],[34,31],[34,37],[40,39],[40,76],[41,39],[41,42],[41,44],[41,74],[42,45],[43,42],[44,45],[46,49],[47,49],[48,47],[52,55],[53,52],[54,55],[57,56],[57,71],[58,56],[58,71],[59,56],[59,65],[59,66],[61,60],[61,64],[62,60],[65,68],[66,68],[67,66],[74,78],[75,74],[76,78],[77,76]],
"ternaryAdjacencyList":[[5,9,2],[6,9,3],[7,9,4],[10,16,5],[12,16,6],[5,18,10],[6,18,11],[5,25,19],[2,25,19],[22,25,20],[6,25,20],[4,25,21],[5,27,2],[15,27,3],[15,27,4],[19,30,5],[28,30,6],[19,36,31],[2,36,31],[35,36,32],[20,36,32],[21,36,33],[4,36,34],[31,38,2],[32,38,3],[37,38,4],[1,45,39],[7,45,40],[1,49,5],[1,50,39],[15,50,40],[15,50,41],[2,55,5],[51,55,6],[2,68,56],[60,68,56],[4,68,57],[62,68,58],[63,68,59],[64,68,59],[2,70,60],[69,70,61],[56,72,39],[71,72,40],[59,72,41],[39,78,73]],
"unknownEdges":[],
"argumentIDList":[0,1,9,10,4,5,6,7,8,11,12,13,14,15,2,3],
"argumentNameList":["<Main: int fibonacci(int)>_Block0:argument0","<Main: int fibonacci(int)>_Block0:argument1","<Main: int fibonacci(int)>_pre:argument0","<Main: int fibonacci(int)>_pre_1_1:argument0","<Main: int fibonacci(int)>_Block4_2:argument0","<Main: int fibonacci(int)>_Block4_2:argument1","<Main: int fibonacci(int)>_Block7_2:argument0","<Main: int fibonacci(int)>_Block7_2:argument1","<Main: int fibonacci(int)>_Block7_2:argument2","<Main: void main(JayArray_java_lang_String)>_Block10:argument0","<Main: void main(JayArray_java_lang_String)>_Block10:argument1","<Main: void main(JayArray_java_lang_String)>_Block17_2:argument0","<Main: void main(JayArray_java_lang_String)>_Block17_2:argument1","<Main: void main(JayArray_java_lang_String)>_Block17_2:argument2","<Main: int fibonacci(int)>_Block0_11_1:argument0","<Main: int fibonacci(int)>_Block0_11_1:argument1"],
"predicateIndices":[2,5,10,19,31,39,56,60],
"predicateOccurrenceInClause":[8,8,2,3,2,4,2,2],
"predicateStrongConnectedComponent":[1,1,1,1,1,0,0,0],
"argumentEdges":[[3,2],[4,2],[6,5],[11,10],[20,19],[21,19],[32,31],[33,31],[34,31],[40,39],[41,39],[57,56],[58,56],[59,56],[61,60],[62,60]],
"guardASTEdges":[[8,9],[14,16],[17,18],[23,25],[26,27],[17,30],[17,36],[17,38],[42,45],[44,45],[46,49],[47,49],[17,50],[52,55],[54,55],[65,68],[66,68],[17,70],[17,72],[74,78],[76,78]],
"ASTEdges":[],
"AST_1Edges":[[7,8],[13,12],[6,14],[15,22],[20,23],[6,26],[29,28],[24,35],[34,37],[41,42],[7,44],[6,46],[48,47],[13,51],[53,52],[6,54],[15,63],[24,64],[59,65],[67,66],[13,69],[57,71],[41,74],[77,76]],
"AST_2Edges":[[3,8],[11,12],[15,14],[3,22],[24,23],[15,26],[20,28],[3,35],[33,37],[43,42],[41,44],[15,46],[6,47],[3,51],[6,52],[7,54],[3,63],[61,64],[24,65],[59,66],[3,69],[58,71],[75,74],[40,76]],
"templateASTEdges":[],
"templateEdges":[],
"verifHintTplPredEdges":[],
"verifHintTplPredPosNegEdges":[],
"verifHintTplEqTermEdges":[],
"verifHintTplInEqTermEdges":[],
"verifHintTplInEqTermPosNegEdges":[],
"dataFlowASTEdges":[],
"controlFlowHyperEdges":[[5,9,2],[10,16,5],[5,18,10],[5,25,19],[2,25,19],[5,27,2],[19,30,5],[19,36,31],[2,36,31],[31,38,2],[1,45,39],[1,49,5],[1,50,39],[2,55,5],[2,68,56],[60,68,56],[2,70,60],[56,72,39],[39,78,73]],
"dataFlowHyperEdges":[[6,9,3],[7,9,4],[12,16,6],[6,18,11],[22,25,20],[6,25,20],[4,25,21],[15,27,3],[15,27,4],[28,30,6],[35,36,32],[20,36,32],[21,36,33],[4,36,34],[32,38,3],[37,38,4],[7,45,40],[15,50,40],[15,50,41],[51,55,6],[4,68,57],[62,68,58],[63,68,59],[64,68,59],[69,70,61],[71,72,40],[59,72,41]],
"controlLocationEdgeForSCC":[],
"predicateTransitiveEdges":[[5,5],[10,10],[31,31],[19,19],[2,2]],
"dummyFiled":[]
}