{
"nodeIds":[0,1,2,3,4,5,6,7,8,9,10,11,12,13,14,15,16,17,18,19,20,21,22,23,24,25,26,27,28,29,30,31,32,33,34,35,36,37,38,39,40,41,42,43,44,45,46,47,48,49,50,51,52,53,54,55,56,57,58,59,60,61,62,63,64,65,66,67,68,69,70,71,72,73,74,75,76,77,78,79,80,81,82,83,84,85,86,87,88,89,90,91,92,93,94,95,96,97,98,99,100,101,102,103,104,105,106,107,108,109,110,111,112,113,114,115,116,117],
"nodeSymbolList":["dummy","Initial","CONTROL_0","predicateArgument_0","predicateArgument_1","predicateArgument_2","predicateArgument_3","CONTROL_1","predicateArgument_4","predicateArgument_5","predicateArgument_6","predicateArgument_7","CONTROL_2","predicateArgument_8","predicateArgument_9","predicateArgument_10","predicateArgument_11","-","+",">=","2",">=","0","=","guard_0","-","+",">=",">=","=","guard_1","-1073741824","=","!","-","+",">=","guard_2","-1073741771","=","!","-","+",">=","guard_3","-1073741670","=","!","-","+",">=","guard_4","-1073741823","=","!","-","+",">=","guard_5","=","!","-","+",">=","guard_6","-","-","-","+",">=","guard_7","=","guard_8","CONTROL_3","predicateArgument_12","predicateArgument_13","predicateArgument_14","CONTROL_4","predicateArgument_15","predicateArgument_16","predicateArgument_17","predicateArgument_18","-","+",">=","7","=","=","guard_9","-","-","=","guard_10","true","guard_11","CONTROL_5","predicateArgument_19","predicateArgument_20","CONTROL_6","predicateArgument_21","predicateArgument_22","predicateArgument_23","-","+",">=","27","=","=","guard_12","-","-",">=","guard_13","guard_14","FALSE",">=","5123","guard_15"],
"falseIndices":[114],
"initialIndices":[1],
"argumentIndices":[3,4,5,6,8,9,10,11,13,14,15,16,74,75,76,78,79,80,81,96,97,99,100,101],
"argumentBoundList":[["None","None"],["None","None"],["None","None"],["None","None"],["None","None"],["None","None"],["None","None"],["None","None"],["None","None"],["None","None"],["None","None"],["None","None"],["None","None"],["None","None"],["None","None"],["None","None"],["None","None"],["None","None"],["None","None"],["None","None"],["None","None"],["None","None"],["None","None"],["None","None"]],
"argumentBinaryOccurrenceList":[0,0,0,0,0,0,0,0,0,0,0,0,0,0,0,0,0,0,0,0,0,0,0,0],
"argumentOccurrence":[0,0,0,0,0,0,0,0,0,0,0,0,0,0,0,0,0,0,0,0,0,0,0,0],
"templateIndices":[],
"templateRelevanceLabel":[],
"templateCostLabel":[],
"clauseIndices":[],
"guardIndices":[24,30,37,44,51,58,64,70,72,88,92,94,108,112,113,117],
"clauseBinaryOccurrenceInCounterExampleList":[1,1,0,0,0,0,1,1,1,1,1,1,1,1,1,1],
"predictedLabel":[],
"controlLocationIndices":[2,7,12,73,77,95,98],
"binaryAdjacentList":[[3,2],[4,2],[4,83],[5,2],[6,2],[8,7],[8,23],[8,29],[9,7],[9,68],[9,71],[10,7],[10,18],[10,26],[10,67],[10,71],[11,7],[11,25],[13,12],[13,32],[13,39],[13,46],[13,53],[13,59],[14,12],[14,34],[14,41],[14,48],[14,55],[14,61],[15,12],[15,17],[15,35],[15,42],[15,49],[15,56],[15,62],[16,12],[16,21],[16,28],[17,18],[18,19],[19,24],[20,19],[20,27],[20,36],[20,43],[20,50],[20,57],[20,63],[20,69],[21,24],[22,21],[22,28],[22,32],[22,39],[22,46],[22,53],[22,59],[22,111],[23,24],[25,26],[26,27],[27,30],[28,30],[29,30],[32,33],[33,37],[34,35],[35,36],[36,37],[39,40],[40,44],[41,42],[42,43],[43,44],[46,47],[47,51],[48,49],[49,50],[50,51],[53,54],[54,58],[55,56],[56,57],[57,58],[59,60],[60,64],[61,62],[62,63],[63,64],[65,66],[67,68],[68,69],[69,70],[71,72],[74,73],[74,82],[74,103],[75,73],[76,73],[76,86],[76,106],[78,77],[78,87],[79,77],[79,91],[80,77],[80,86],[81,77],[81,91],[82,83],[83,84],[84,88],[85,84],[86,88],[87,88],[89,90],[91,92],[93,94],[93,113],[96,95],[96,102],[96,115],[97,95],[97,106],[99,98],[99,107],[100,98],[100,111],[101,98],[102,103],[103,104],[104,108],[105,104],[106,108],[107,108],[109,110],[111,112],[115,117],[116,115]],
"ternaryAdjacencyList":[[7,24,2],[12,24,2],[13,24,3],[14,24,4],[13,24,5],[12,30,2],[7,30,2],[9,30,3],[14,30,4],[9,30,5],[1,37,12],[31,37,16],[1,44,12],[38,44,16],[1,51,12],[45,51,16],[1,58,12],[52,58,16],[1,64,12],[22,64,16],[1,70,7],[66,70,8],[1,72,7],[2,88,73],[77,88,73],[3,88,74],[81,88,75],[80,88,76],[1,92,77],[90,92,78],[1,94,77],[98,108,95],[73,108,95],[76,108,97],[1,112,98],[110,112,99],[1,113,98],[95,117,114]],
"unknownEdges":[],
"argumentIDList":[0,1,2,3,8,9,10,11,4,5,6,7,21,22,23,12,13,14,15,19,20,16,17,18],
"argumentNameList":["P!!1:argument0","P!!1:argument1","P!!1:argument2","P!!1:argument3","P!!6:argument0","P!!6:argument1","P!!6:argument2","P!!6:argument3","P!!5:argument0","P!!5:argument1","P!!5:argument2","P!!5:argument3","Proc25:argument0","Proc25:argument1","Proc25:argument2","P!!7:argument0","P!!7:argument1","P!!7:argument2","P!!7:argument3","Proc21:argument0","Proc21:argument1","P!!8:argument0","P!!8:argument1","P!!8:argument2"],
"predicateIndices":[2,7,12,73,77,95,98],
"predicateOccurrenceInClause":[3,4,7,2,3,2,3],
"predicateStrongConnectedComponent":[0,0,0,0,0,0,0],
"argumentEdges":[[3,2],[4,2],[5,2],[6,2],[8,7],[9,7],[10,7],[11,7],[13,12],[14,12],[15,12],[16,12],[74,73],[75,73],[76,73],[78,77],[79,77],[80,77],[81,77],[96,95],[97,95],[99,98],[100,98],[101,98]],
"guardASTEdges":[[19,24],[21,24],[23,24],[27,30],[28,30],[29,30],[33,37],[36,37],[40,44],[43,44],[47,51],[50,51],[54,58],[57,58],[60,64],[63,64],[69,70],[71,72],[84,88],[86,88],[87,88],[91,92],[93,94],[104,108],[106,108],[107,108],[111,112],[93,113],[115,117]],
"ASTEdges":[],
"AST_1Edges":[[10,18],[18,19],[16,21],[8,23],[10,26],[26,27],[16,28],[8,29],[13,32],[32,33],[15,35],[35,36],[13,39],[39,40],[15,42],[42,43],[13,46],[46,47],[15,49],[49,50],[13,53],[53,54],[15,56],[56,57],[13,59],[59,60],[15,62],[62,63],[65,66],[10,67],[67,68],[68,69],[10,71],[4,83],[83,84],[80,86],[78,87],[89,90],[81,91],[74,103],[103,104],[76,106],[99,107],[109,110],[100,111],[96,115]],
"AST_2Edges":[[15,17],[17,18],[20,19],[22,21],[11,25],[25,26],[20,27],[22,28],[22,32],[14,34],[34,35],[20,36],[22,39],[14,41],[41,42],[20,43],[22,46],[14,48],[48,49],[20,50],[22,53],[14,55],[55,56],[20,57],[22,59],[14,61],[61,62],[20,63],[9,68],[20,69],[9,71],[74,82],[82,83],[85,84],[76,86],[79,91],[96,102],[102,103],[105,104],[97,106],[22,111],[116,115]],
"templateASTEdges":[],
"templateEdges":[],
"verifHintTplPredEdges":[],
"verifHintTplPredPosNegEdges":[],
"verifHintTplEqTermEdges":[],
"verifHintTplInEqTermEdges":[],
"verifHintTplInEqTermPosNegEdges":[],
"dataFlowASTEdges":[],
"controlFlowHyperEdges":[[7,24,2],[12,24,2],[12,30,2],[7,30,2],[1,37,12],[1,44,12],[1,51,12],[1,58,12],[1,64,12],[1,70,7],[1,72,7],[2,88,73],[77,88,73],[1,92,77],[1,94,77],[98,108,95],[73,108,95],[1,112,98],[1,113,98],[95,117,114]],
"dataFlowHyperEdges":[[13,24,3],[14,24,4],[13,24,5],[9,30,3],[14,30,4],[9,30,5],[31,37,16],[38,44,16],[45,51,16],[52,58,16],[22,64,16],[66,70,8],[3,88,74],[81,88,75],[80,88,76],[90,92,78],[76,108,97],[110,112,99]],
"controlLocationEdgeForSCC":[],
"predicateTransitiveEdges":[],
"dummyFiled":[]
}