{
"nodeIds":[0,1,2,3,4,5,6,7,8,9,10,11,12,13,14,15,16,17,18,19],
"nodeSymbolList":["Initial","CONTROL_0","predicateArgument_0","predicateArgument_1","predicateArgument_2",">=","3","=","=","guard_0",">=","=","=","guard_1","FALSE",">=",">=",">=","0","guard_2"],
"falseIndices":[14],
"initialIndices":[0],
"argumentIndices":[2,3,4],
"argumentBoundList":[[1,0],[1,0],[1,0]],
"argumentBinaryOccurrenceList":[0,0,0],
"argumentOccurrence":[0,0,0],
"templateIndices":[],
"templateRelevanceLabel":[],
"templateCostLabel":[],
"clauseIndices":[],
"guardIndices":[9,13,19],
"clauseBinaryOccurrenceInCounterExampleList":[0,0,0],
"controlLocationIndices":[1],
"binaryAdjacentList":[[2,1],[2,5],[2,7],[2,8],[2,10],[2,11],[2,12],[2,15],[3,1],[3,7],[3,11],[3,16],[4,1],[4,8],[4,12],[4,17],[5,9],[6,5],[6,10],[6,15],[6,16],[7,9],[8,9],[10,13],[11,13],[12,13],[15,19],[16,19],[17,19],[18,17]],
"ternaryAdjacencyList":[[0,9,1],[0,13,1],[1,19,14]],
"unknownEdges":[],
"argumentIDList":[0,1,2],
"argumentNameList":["predh27_2:argument0","predh27_2:argument1","predh27_2:argument2"],
"predicateIndices":[1],
"predicateOccurrenceInClause":[3],
"predicateStrongConnectedComponent":[0],
"argumentEdges":[[2,1],[3,1],[4,1]],
"guardASTEdges":[[5,9],[7,9],[8,9],[10,13],[11,13],[12,13],[15,19],[16,19],[17,19]],
"ASTEdges":[],
"AST_1Edges":[[2,5],[3,7],[4,8],[2,10],[3,11],[4,12],[2,15],[3,16],[18,17]],
"AST_2Edges":[[6,5],[2,7],[2,8],[6,10],[2,11],[2,12],[6,15],[6,16],[4,17]],
"templateASTEdges":[],
"templateEdges":[],
"verifHintTplPredEdges":[],
"verifHintTplPredPosNegEdges":[],
"verifHintTplEqTermEdges":[],
"verifHintTplInEqTermEdges":[],
"verifHintTplInEqTermPosNegEdges":[],
"dataFlowASTEdges":[],
"controlFlowHyperEdges":[[0,9,1],[0,13,1],[1,19,14]],
"dataFlowHyperEdges":[],
"controlLocationEdgeForSCC":[],
"predicateTransitiveEdges":[],
"dummyFiled":[]
}