{
"nodeIds":[0,1,2,3,4,5,6,7,8,9,10,11,12,13,14,15,16,17,18,19,20,21,22,23,24,25,26,27,28,29,30,31,32,33,34,35,36,37,38,39,40,41,42,43,44,45,46,47,48,49,50,51,52,53,54,55,56,57,58,59,60,61,62,63,64,65,66,67,68,69,70],
"nodeSymbolList":["dummy","Initial","CONTROL_0","predicateArgument_0","predicateArgument_1","predicateArgument_2",">=","1",">=",">=","guard_0","CONTROL_1","true","guard_1","guard_2","guard_3","guard_4","guard_5","guard_6","guard_7","CONTROL_2","predicateArgument_3","predicateArgument_4","predicateArgument_5","guard_8","+","-1","+",">=",">=",">=","guard_9","CONTROL_3","predicateArgument_6","predicateArgument_7","predicateArgument_8","+",">=",">=","guard_10","guard_11",">=","2",">=","guard_12",">=",">=","guard_13",">=",">=","guard_14",">=",">=","guard_15",">=",">=","guard_16",">=",">=","guard_17",">=",">=","guard_18",">=","guard_19",">=","guard_20",">=","guard_21","FALSE","guard_22"],
"falseIndices":[69],
"initialIndices":[1],
"argumentIndices":[3,4,5,21,22,23,33,34,35],
"argumentBoundList":[["None","None"],["None","None"],["None","None"],["None","None"],["None","None"],["None","None"],["None","None"],["None","None"],["None","None"]],
"argumentBinaryOccurrenceList":[0,0,0,0,0,0,0,0,0],
"argumentOccurrence":[0,0,0,0,0,0,0,0,0],
"templateIndices":[],
"templateRelevanceLabel":[],
"templateCostLabel":[],
"clauseIndices":[],
"guardIndices":[10,13,14,15,16,17,18,19,24,31,39,40,44,47,50,53,56,59,62,64,66,68,70],
"clauseBinaryOccurrenceInCounterExampleList":[0,0,0,0,0,0,0,0,0,0,0,0,0,0,0,0,0,0,0,0,0,0,1],
"predictedLabel":[],
"controlLocationIndices":[2,11,20,32],
"binaryAdjacentList":[[2,2],[3,2],[3,6],[3,28],[4,2],[4,9],[4,30],[5,2],[5,8],[5,29],[6,10],[7,6],[7,8],[7,9],[7,28],[7,29],[7,30],[7,37],[7,38],[7,43],[7,46],[7,52],[7,54],[7,55],[7,58],[7,60],[7,61],[7,63],[7,67],[8,10],[9,10],[12,13],[12,14],[12,15],[12,16],[12,17],[12,18],[12,19],[12,24],[12,40],[12,70],[20,20],[21,20],[21,25],[21,41],[21,46],[21,49],[21,52],[21,55],[21,57],[21,61],[22,20],[22,37],[22,63],[22,65],[22,67],[23,20],[23,27],[23,38],[23,43],[23,45],[23,48],[23,51],[23,54],[23,58],[23,60],[26,25],[26,27],[26,36],[28,31],[29,31],[30,31],[32,32],[33,32],[34,32],[34,36],[35,32],[37,39],[38,39],[41,44],[42,41],[42,45],[42,48],[42,49],[42,51],[42,57],[42,65],[43,44],[45,47],[46,47],[48,50],[49,50],[51,53],[52,53],[54,56],[55,56],[57,59],[58,59],[60,62],[61,62],[63,64],[65,66],[67,68]],
"ternaryAdjacencyList":[[1,10,2],[1,13,11],[1,14,11],[1,15,11],[1,16,11],[1,17,11],[1,18,11],[1,19,11],[2,24,20],[3,24,21],[5,24,22],[4,24,23],[20,31,2],[25,31,3],[27,31,4],[32,39,20],[33,39,21],[36,39,22],[20,40,32],[21,40,33],[22,40,34],[23,40,35],[20,44,11],[20,47,11],[20,50,11],[20,53,11],[20,56,11],[20,59,11],[20,62,11],[20,64,11],[20,66,11],[20,68,11],[11,70,69]],
"unknownEdges":[],
"argumentIDList":[0,1,2,3,4,5,6,7,8],
"argumentNameList":["main_1_1:argument0","main_1_1:argument1","main_1_1:argument2","main_1_3:argument0","main_1_3:argument1","main_1_3:argument2","main_1_3_10_1:argument0","main_1_3_10_1:argument1","main_1_3_10_1:argument2"],
"predicateIndices":[2,11,20,32],
"predicateOccurrenceInClause":[3,18,14,2],
"predicateStrongConnectedComponent":[1,0,1,1],
"argumentEdges":[[3,2],[4,2],[5,2],[21,20],[22,20],[23,20],[33,32],[34,32],[35,32]],
"guardASTEdges":[[6,10],[8,10],[9,10],[12,13],[12,14],[12,15],[12,16],[12,17],[12,18],[12,19],[12,24],[28,31],[29,31],[30,31],[37,39],[38,39],[12,40],[41,44],[43,44],[45,47],[46,47],[48,50],[49,50],[51,53],[52,53],[54,56],[55,56],[57,59],[58,59],[60,62],[61,62],[63,64],[65,66],[67,68],[12,70]],
"ASTEdges":[],
"AST_1Edges":[[3,6],[5,8],[4,9],[26,25],[26,27],[3,28],[5,29],[4,30],[26,36],[22,37],[23,38],[21,41],[7,43],[23,45],[7,46],[23,48],[21,49],[23,51],[7,52],[7,54],[7,55],[21,57],[7,58],[7,60],[7,61],[7,63],[22,65],[7,67]],
"AST_2Edges":[[7,6],[7,8],[7,9],[21,25],[23,27],[7,28],[7,29],[7,30],[34,36],[7,37],[7,38],[42,41],[23,43],[42,45],[21,46],[42,48],[42,49],[42,51],[21,52],[23,54],[21,55],[42,57],[23,58],[23,60],[21,61],[22,63],[42,65],[22,67]],
"templateASTEdges":[],
"templateEdges":[],
"verifHintTplPredEdges":[],
"verifHintTplPredPosNegEdges":[],
"verifHintTplEqTermEdges":[],
"verifHintTplInEqTermEdges":[],
"verifHintTplInEqTermPosNegEdges":[],
"dataFlowASTEdges":[],
"controlFlowHyperEdges":[[1,10,2],[1,13,11],[1,14,11],[1,15,11],[1,16,11],[1,17,11],[1,18,11],[1,19,11],[2,24,20],[20,31,2],[32,39,20],[20,40,32],[20,44,11],[20,47,11],[20,50,11],[20,53,11],[20,56,11],[20,59,11],[20,62,11],[20,64,11],[20,66,11],[20,68,11],[11,70,69]],
"dataFlowHyperEdges":[[3,24,21],[5,24,22],[4,24,23],[25,31,3],[27,31,4],[33,39,21],[36,39,22],[21,40,33],[22,40,34],[23,40,35]],
"controlLocationEdgeForSCC":[],
"predicateTransitiveEdges":[[2,2],[32,32],[20,20]],
"dummyFiled":[]
}