{
"nodeIds":[0,1,2,3,4,5,6,7,8,9,10,11,12,13,14,15,16,17,18,19,20,21,22,23,24,25,26,27,28,29,30,31,32,33,34,35,36,37,38,39,40,41,42,43,44,45,46,47,48,49,50,51,52,53,54,55,56,57,58,59,60,61,62,63],
"nodeSymbolList":["Initial","CONTROL_0","predicateArgument_0","predicateArgument_1","predicateArgument_2","predicateArgument_3","predicateArgument_4","2","0","true","guard_0","CONTROL_1","predicateArgument_5","predicateArgument_6","predicateArgument_7","predicateArgument_8","predicateArgument_9",">=","-1","guard_1",">=","1","guard_2","CONTROL_2","predicateArgument_10","predicateArgument_11","predicateArgument_12","predicateArgument_13","predicateArgument_14","+","4",">=","guard_3","+",">=","guard_4","guard_5","+","+","=","guard_6","CONTROL_3","predicateArgument_15","predicateArgument_16",">=","=","guard_7",">=","=","guard_8","CONTROL_4","-","*","+",">=","guard_9","*","-2","+",">=","3","guard_10","FALSE","guard_11"],
"falseIndices":[62],
"initialIndices":[0],
"argumentIndices":[2,3,4,5,6,12,13,14,15,16,24,25,26,27,28,42,43],
"argumentBoundList":[[0,0],[0,0],[0,0],[1,0],[1,0],[0,0],[0,0],[0,0],[1,0],[1,0],[0,0],[0,0],[0,0],[1,0],[1,1],[1,1],[1,1]],
"argumentBinaryOccurrenceList":[0,0,0,0,0,0,0,0,0,0,0,0,0,0,0,0,0],
"argumentOccurrence":[0,0,0,0,0,0,0,0,0,0,0,0,0,0,0,0,0],
"templateIndices":[],
"templateRelevanceLabel":[],
"templateCostLabel":[],
"clauseIndices":[],
"guardIndices":[10,19,22,32,35,36,40,46,49,55,61,63],
"clauseBinaryOccurrenceInCounterExampleList":[0,0,0,0,0,0,0,0,0,0,0,0],
"controlLocationIndices":[1,11,23,41,50],
"binaryAdjacentList":[[2,1],[2,45],[2,48],[3,1],[4,1],[5,1],[6,1],[7,37],[7,52],[8,39],[8,45],[8,48],[9,10],[9,36],[9,63],[12,11],[12,17],[12,20],[13,11],[14,11],[14,39],[15,11],[15,29],[15,33],[15,37],[16,11],[16,38],[17,19],[18,17],[18,31],[18,44],[18,54],[20,22],[21,20],[21,34],[21,38],[21,47],[24,23],[25,23],[26,23],[26,31],[26,34],[27,23],[28,23],[30,29],[30,33],[31,32],[34,35],[39,40],[42,41],[42,51],[42,58],[43,41],[43,44],[43,47],[43,52],[43,56],[44,46],[45,46],[47,49],[48,49],[51,53],[52,53],[53,54],[54,55],[56,58],[57,56],[58,59],[59,61],[60,59]],
"ternaryAdjacencyList":[[0,10,1],[7,10,5],[8,10,6],[1,19,11],[2,19,12],[3,19,13],[4,19,14],[5,19,15],[6,19,16],[1,22,11],[2,22,12],[3,22,13],[4,22,14],[5,22,15],[6,22,16],[11,32,23],[12,32,24],[13,32,25],[14,32,26],[29,32,27],[16,32,28],[11,35,23],[12,35,24],[13,35,25],[14,35,26],[33,35,27],[16,35,28],[23,36,1],[24,36,2],[25,36,3],[26,36,4],[27,36,5],[28,36,6],[11,40,1],[12,40,2],[13,40,3],[8,40,4],[37,40,5],[38,40,6],[1,46,41],[5,46,42],[6,46,43],[1,49,41],[5,49,42],[6,49,43],[41,55,50],[41,61,50],[50,63,62]],
"unknownEdges":[],
"argumentIDList":[12,13,14,15,16,0,1,2,3,4,5,6,7,8,9,10,11],
"argumentNameList":["h5:argument0","h5:argument1","h5:argument2","h5:argument3","h5:argument4","h10:argument0","h10:argument1","h10:argument2","h10:argument3","h10:argument4","h16:argument0","h16:argument1","h16:argument2","h16:argument3","h16:argument4","h22:argument0","h22:argument1"],
"predicateIndices":[1,11,23,41,50],
"predicateOccurrenceInClause":[7,5,3,4,3],
"predicateStrongConnectedComponent":[1,1,1,0,0],
"argumentEdges":[[2,1],[3,1],[4,1],[5,1],[6,1],[12,11],[13,11],[14,11],[15,11],[16,11],[24,23],[25,23],[26,23],[27,23],[28,23],[42,41],[43,41]],
"guardASTEdges":[[9,10],[17,19],[20,22],[31,32],[34,35],[9,36],[39,40],[44,46],[45,46],[47,49],[48,49],[54,55],[59,61],[9,63]],
"ASTEdges":[],
"AST_1Edges":[[18,17],[12,20],[30,29],[18,31],[30,33],[26,34],[7,37],[21,38],[14,39],[18,44],[2,45],[43,47],[2,48],[42,51],[43,52],[51,53],[53,54],[43,56],[42,58],[58,59]],
"AST_2Edges":[[12,17],[21,20],[15,29],[26,31],[15,33],[21,34],[15,37],[16,38],[8,39],[43,44],[8,45],[21,47],[8,48],[7,52],[52,53],[18,54],[57,56],[56,58],[60,59]],
"templateASTEdges":[],
"templateEdges":[],
"verifHintTplPredEdges":[],
"verifHintTplPredPosNegEdges":[],
"verifHintTplEqTermEdges":[],
"verifHintTplInEqTermEdges":[],
"verifHintTplInEqTermPosNegEdges":[],
"dataFlowASTEdges":[],
"controlFlowHyperEdges":[[0,10,1],[1,19,11],[1,22,11],[11,32,23],[11,35,23],[23,36,1],[11,40,1],[1,46,41],[1,49,41],[41,55,50],[41,61,50],[50,63,62]],
"dataFlowHyperEdges":[[7,10,5],[8,10,6],[2,19,12],[3,19,13],[4,19,14],[5,19,15],[6,19,16],[2,22,12],[3,22,13],[4,22,14],[5,22,15],[6,22,16],[12,32,24],[13,32,25],[14,32,26],[29,32,27],[16,32,28],[12,35,24],[13,35,25],[14,35,26],[33,35,27],[16,35,28],[24,36,2],[25,36,3],[26,36,4],[27,36,5],[28,36,6],[12,40,2],[13,40,3],[8,40,4],[37,40,5],[38,40,6],[5,46,42],[6,46,43],[5,49,42],[6,49,43]],
"controlLocationEdgeForSCC":[],
"predicateTransitiveEdges":[],
"dummyFiled":[]
}