{
"nodeIds":[0,1,2,3,4,5,6,7,8,9,10,11,12,13,14,15,16,17,18,19,20,21,22,23,24,25,26,27,28,29,30,31,32,33,34,35],
"nodeSymbolList":["Initial","CONTROL_0","predicateArgument_0","predicateArgument_1","predicateArgument_2","predicateArgument_3","predicateArgument_4","CONTROL_1","predicateArgument_5","predicateArgument_6","predicateArgument_7","predicateArgument_8","predicateArgument_9","predicateArgument_10","predicateArgument_11","predicateArgument_12","predicateArgument_13","predicateArgument_14","2","+","1",">=",">=",">=","guard_0",">=",">=",">=","guard_1","false","guard_2","3",">=","guard_3","FALSE","guard_4"],
"falseIndices":[34],
"initialIndices":[0],
"argumentIndices":[2,3,4,5,6,8,9,10,11,12,13,14,15,16,17],
"argumentBoundList":[[1,0],[1,1],[1,1],[0,0],[1,1],[0,0],[1,0],[1,1],[1,1],[0,0],[0,0],[0,0],[0,0],[0,0],[1,1]],
"argumentBinaryOccurrenceList":[0,0,0,0,0,0,0,0,0,0,0,0,0,0,0],
"argumentOccurrence":[0,0,0,0,0,0,0,0,0,0,0,0,0,0,0],
"templateIndices":[],
"templateRelevanceLabel":[],
"templateCostLabel":[],
"clauseIndices":[],
"guardIndices":[24,28,30,33,35],
"clauseBinaryOccurrenceInCounterExampleList":[0,0,0,0,0],
"controlLocationIndices":[1,7],
"binaryAdjacentList":[[2,1],[2,21],[2,22],[2,25],[2,27],[3,1],[4,1],[4,21],[4,27],[5,1],[6,1],[6,23],[6,26],[8,7],[9,7],[9,32],[10,7],[10,19],[11,7],[12,7],[13,7],[14,7],[15,7],[16,7],[17,7],[18,32],[20,19],[20,22],[20,23],[20,25],[20,26],[21,24],[22,24],[23,24],[25,28],[26,28],[27,28],[29,30],[29,35],[32,33]],
"ternaryAdjacencyList":[[7,24,1],[9,24,2],[18,24,3],[19,24,4],[17,24,6],[7,28,1],[9,28,2],[18,28,3],[10,28,4],[17,28,6],[0,30,7],[0,33,7],[20,33,10],[20,33,11],[31,33,17],[1,35,34]],
"unknownEdges":[],
"argumentIDList":[0,1,2,3,4,5,6,7,8,9,10,11,12,13,14],
"argumentNameList":["predh104_11:argument0","predh104_11:argument1","predh104_11:argument2","predh104_11:argument3","predh104_11:argument4","predh78_17:argument0","predh78_17:argument1","predh78_17:argument2","predh78_17:argument3","predh78_17:argument4","predh78_17:argument5","predh78_17:argument6","predh78_17:argument7","predh78_17:argument8","predh78_17:argument9"],
"predicateIndices":[1,7],
"predicateOccurrenceInClause":[3,4],
"predicateStrongConnectedComponent":[0,0],
"argumentEdges":[[2,1],[3,1],[4,1],[5,1],[6,1],[8,7],[9,7],[10,7],[11,7],[12,7],[13,7],[14,7],[15,7],[16,7],[17,7]],
"guardASTEdges":[[21,24],[22,24],[23,24],[25,28],[26,28],[27,28],[29,30],[32,33],[29,35]],
"ASTEdges":[],
"AST_1Edges":[[20,19],[2,21],[2,22],[6,23],[2,25],[6,26],[4,27],[9,32]],
"AST_2Edges":[[10,19],[4,21],[20,22],[20,23],[20,25],[20,26],[2,27],[18,32]],
"templateASTEdges":[],
"templateEdges":[],
"verifHintTplPredEdges":[],
"verifHintTplPredPosNegEdges":[],
"verifHintTplEqTermEdges":[],
"verifHintTplInEqTermEdges":[],
"verifHintTplInEqTermPosNegEdges":[],
"dataFlowASTEdges":[],
"controlFlowHyperEdges":[[7,24,1],[7,28,1],[0,30,7],[0,33,7],[1,35,34]],
"dataFlowHyperEdges":[[9,24,2],[18,24,3],[19,24,4],[17,24,6],[9,28,2],[18,28,3],[10,28,4],[17,28,6],[20,33,10],[20,33,11],[31,33,17]],
"controlLocationEdgeForSCC":[],
"predicateTransitiveEdges":[],
"dummyFiled":[]
}