{
"nodeIds":[0,1,2,3,4,5,6,7,8,9,10,11,12,13,14,15,16,17,18,19,20,21,22,23,24,25,26,27,28,29,30,31,32,33,34,35,36,37,38,39,40,41,42,43,44,45,46,47,48,49],
"nodeSymbolList":["Initial","CONTROL_0","predicateArgument_0","predicateArgument_1","predicateArgument_2","predicateArgument_3","0","true","guard_0","CONTROL_1","predicateArgument_4","predicateArgument_5","predicateArgument_6","predicateArgument_7","+","1","+","-","+","+","=","*","11","+",">=","guard_1","guard_2","CONTROL_2","predicateArgument_8","predicateArgument_9","predicateArgument_10","predicateArgument_11","+","+","-","+","+","=","*","-11","+",">=","-10","guard_3","guard_4","FALSE",">=",">=","101","guard_5"],
"falseIndices":[45],
"initialIndices":[0],
"argumentIndices":[2,3,4,5,10,11,12,13,28,29,30,31],
"argumentBoundList":[[1,0],[1,0],[1,0],[1,0],[1,0],[1,0],[1,0],[1,0],[1,0],[1,0],[1,0],[1,0]],
"argumentBinaryOccurrenceList":[0,0,0,0,0,0,0,0,0,0,0,0],
"argumentOccurrence":[0,0,0,0,0,0,0,0,0,0,0,0],
"templateIndices":[],
"templateRelevanceLabel":[],
"templateCostLabel":[],
"clauseIndices":[],
"guardIndices":[8,25,26,43,44,49],
"clauseBinaryOccurrenceInCounterExampleList":[0,0,0,0,0,0],
"controlLocationIndices":[1,9,27],
"binaryAdjacentList":[[2,1],[2,18],[2,21],[2,35],[2,38],[2,47],[3,1],[3,17],[3,34],[3,40],[4,1],[4,46],[5,1],[5,46],[7,8],[7,26],[7,44],[10,9],[10,14],[11,9],[11,19],[12,9],[13,9],[13,16],[15,14],[15,16],[15,20],[15,32],[15,33],[15,37],[17,18],[17,23],[18,19],[19,20],[20,25],[21,23],[22,21],[22,24],[23,24],[24,25],[28,27],[28,32],[29,27],[29,36],[30,27],[30,33],[31,27],[34,35],[35,36],[36,37],[37,43],[38,40],[39,38],[40,41],[41,43],[42,41],[46,49],[47,49],[48,47]],
"ternaryAdjacencyList":[[0,8,1],[6,8,2],[6,8,3],[6,8,4],[6,8,5],[9,25,1],[14,25,2],[12,25,4],[16,25,5],[1,26,9],[2,26,10],[3,26,11],[4,26,12],[5,26,13],[27,43,1],[32,43,2],[33,43,4],[31,43,5],[1,44,27],[2,44,28],[3,44,29],[4,44,30],[5,44,31],[1,49,45]],
"unknownEdges":[],
"argumentIDList":[0,1,2,3,4,5,6,7,8,9,10,11],
"argumentNameList":["inv:argument0","inv:argument1","inv:argument2","inv:argument3","inv_1_1:argument0","inv_1_1:argument1","inv_1_1:argument2","inv_1_1:argument3","inv_2_1:argument0","inv_2_1:argument1","inv_2_1:argument2","inv_2_1:argument3"],
"predicateIndices":[1,9,27],
"predicateOccurrenceInClause":[6,2,2],
"predicateStrongConnectedComponent":[1,1,1],
"argumentEdges":[[2,1],[3,1],[4,1],[5,1],[10,9],[11,9],[12,9],[13,9],[28,27],[29,27],[30,27],[31,27]],
"guardASTEdges":[[7,8],[20,25],[24,25],[7,26],[37,43],[41,43],[7,44],[46,49],[47,49]],
"ASTEdges":[],
"AST_1Edges":[[15,14],[15,16],[2,18],[11,19],[19,20],[2,21],[21,23],[23,24],[15,32],[15,33],[2,35],[29,36],[36,37],[2,38],[38,40],[40,41],[5,46],[2,47]],
"AST_2Edges":[[10,14],[13,16],[3,17],[17,18],[18,19],[15,20],[22,21],[17,23],[22,24],[28,32],[30,33],[3,34],[34,35],[35,36],[15,37],[39,38],[3,40],[42,41],[4,46],[48,47]],
"templateASTEdges":[],
"templateEdges":[],
"verifHintTplPredEdges":[],
"verifHintTplPredPosNegEdges":[],
"verifHintTplEqTermEdges":[],
"verifHintTplInEqTermEdges":[],
"verifHintTplInEqTermPosNegEdges":[],
"dataFlowASTEdges":[],
"controlFlowHyperEdges":[[0,8,1],[9,25,1],[1,26,9],[27,43,1],[1,44,27],[1,49,45]],
"dataFlowHyperEdges":[[6,8,2],[6,8,3],[6,8,4],[6,8,5],[14,25,2],[12,25,4],[16,25,5],[2,26,10],[3,26,11],[4,26,12],[5,26,13],[32,43,2],[33,43,4],[31,43,5],[2,44,28],[3,44,29],[4,44,30],[5,44,31]],
"controlLocationEdgeForSCC":[],
"predicateTransitiveEdges":[],
"dummyFiled":[]
}