{
"nodeIds":[0,1,2,3,4,5,6,7,8,9,10,11,12,13,14,15,16,17,18,19,20,21,22,23,24,25,26,27],
"nodeSymbolList":["Initial","CONTROL_0","predicateArgument_0","predicateArgument_1",">=","1","guard_0","CONTROL_1","true","guard_1","CONTROL_2","predicateArgument_2","predicateArgument_3","*","2","-","+",">=","+","+","=","0","guard_2","guard_3",">=","guard_4","FALSE","guard_5"],
"falseIndices":[26],
"initialIndices":[0],
"argumentIndices":[2,3,11,12],
"argumentBoundList":[[0,0],[1,0],[0,0],[1,0]],
"argumentBinaryOccurrenceList":[0,0,0,0],
"argumentOccurrence":[0,0,0,0],
"templateIndices":[],
"templateRelevanceLabel":[],
"templateCostLabel":[],
"clauseIndices":[],
"guardIndices":[6,9,22,23,25,27],
"clauseBinaryOccurrenceInCounterExampleList":[0,0,0,0,0,0],
"controlLocationIndices":[1,7,10],
"binaryAdjacentList":[[2,1],[2,15],[2,24],[3,1],[3,4],[3,13],[3,18],[3,24],[4,6],[5,4],[5,17],[8,9],[8,23],[8,27],[11,10],[11,19],[12,10],[13,16],[14,13],[15,16],[15,18],[16,17],[17,22],[18,19],[19,20],[20,22],[21,20],[24,25]],
"ternaryAdjacencyList":[[0,6,1],[0,9,7],[10,22,1],[12,22,3],[1,23,10],[2,23,11],[3,23,12],[1,25,7],[7,27,26]],
"unknownEdges":[],
"argumentIDList":[0,1,2,3],
"argumentNameList":["main_1_1:argument0","main_1_1:argument1","main_1_1_2_1:argument0","main_1_1_2_1:argument1"],
"predicateIndices":[1,7,10],
"predicateOccurrenceInClause":[4,3,2],
"predicateStrongConnectedComponent":[1,0,1],
"argumentEdges":[[2,1],[3,1],[11,10],[12,10]],
"guardASTEdges":[[4,6],[8,9],[17,22],[20,22],[8,23],[24,25],[8,27]],
"ASTEdges":[],
"AST_1Edges":[[3,4],[3,13],[13,16],[16,17],[3,18],[11,19],[19,20],[2,24]],
"AST_2Edges":[[5,4],[14,13],[2,15],[15,16],[5,17],[15,18],[18,19],[21,20],[3,24]],
"templateASTEdges":[],
"templateEdges":[],
"verifHintTplPredEdges":[],
"verifHintTplPredPosNegEdges":[],
"verifHintTplEqTermEdges":[],
"verifHintTplInEqTermEdges":[],
"verifHintTplInEqTermPosNegEdges":[],
"dataFlowASTEdges":[],
"controlFlowHyperEdges":[[0,6,1],[0,9,7],[10,22,1],[1,23,10],[1,25,7],[7,27,26]],
"dataFlowHyperEdges":[[12,22,3],[2,23,11],[3,23,12]],
"controlLocationEdgeForSCC":[],
"predicateTransitiveEdges":[],
"dummyFiled":[]
}