{
"nodeIds":[0,1,2,3,4,5,6,7,8,9,10,11,12,13,14,15,16,17,18,19,20,21,22,23,24,25,26,27,28,29,30,31,32,33,34,35,36,37,38,39,40,41,42,43,44,45,46,47,48,49,50,51,52,53,54,55,56,57,58,59,60,61,62,63,64,65,66,67,68,69,70,71,72,73,74,75],
"nodeSymbolList":["dummy","Initial","CONTROL_0","predicateArgument_0","CONTROL_1","CONTROL_2","3","true","guard_0","guard_1","CONTROL_3","predicateArgument_1","guard_2","CONTROL_4","predicateArgument_2","predicateArgument_3","predicateArgument_4","predicateArgument_5",">=","-2147483645",">=","guard_3",">=","4",">=","2147483650","guard_4","CONTROL_5","predicateArgument_6","CONTROL_6","predicateArgument_7","predicateArgument_8","predicateArgument_9","predicateArgument_10","=","0","!","=","!",">=","guard_5","guard_6","=","guard_7","CONTROL_7","predicateArgument_11","CONTROL_8","predicateArgument_12","predicateArgument_13","predicateArgument_14","predicateArgument_15","=","!","=","!",">=","1","guard_8","guard_9","=","guard_10","CONTROL_9","=","!","guard_11","guard_12","=","!","guard_13","CONTROL_10","=","!","guard_14","guard_15","FALSE","guard_16"],
"falseIndices":[74],
"initialIndices":[1],
"argumentIndices":[3,11,14,15,16,17,28,30,31,32,33,45,47,48,49,50],
"argumentBoundList":[["None","None"],["None","None"],["None","None"],["None","None"],["None","None"],["None","None"],["None","None"],["None","None"],["None","None"],["None","None"],["None","None"],["None","None"],["None","None"],["None","None"],["None","None"],["None","None"]],
"argumentBinaryOccurrenceList":[0,0,0,0,0,0,0,0,0,0,0,0,0,0,0,0],
"argumentOccurrence":[0,0,0,0,0,0,0,0,0,0,0,0,0,0,0,0],
"templateIndices":[],
"templateRelevanceLabel":[],
"templateCostLabel":[],
"clauseIndices":[],
"guardIndices":[8,9,12,21,26,40,41,43,57,58,60,64,65,68,72,73,75],
"clauseBinaryOccurrenceInCounterExampleList":[0,0,0,0,0,0,0,0,1,1,0,0,0,0,0,1,1],
"predictedLabel":[],
"controlLocationIndices":[2,4,5,10,13,27,29,44,46,61,69],
"binaryAdjacentList":[[3,2],[6,20],[7,8],[7,9],[7,12],[7,41],[7,58],[7,65],[7,73],[7,75],[11,10],[11,70],[14,13],[15,13],[15,18],[15,20],[15,22],[15,24],[16,13],[16,37],[17,13],[17,53],[18,21],[19,18],[20,21],[22,26],[23,22],[24,26],[25,24],[28,27],[28,34],[28,42],[28,62],[30,29],[31,29],[31,39],[32,29],[33,29],[34,36],[35,34],[35,37],[35,39],[35,42],[35,51],[35,53],[35,59],[35,62],[35,66],[35,70],[36,40],[37,38],[38,40],[39,40],[39,40],[42,43],[45,44],[45,51],[45,59],[45,66],[47,46],[48,46],[48,55],[49,46],[50,46],[51,52],[52,57],[53,54],[54,57],[55,57],[55,57],[56,55],[59,60],[62,63],[63,64],[66,67],[67,68],[70,71],[71,72]],
"ternaryAdjacencyList":[[4,8,2],[5,8,2],[6,8,3],[4,9,5],[2,12,10],[3,12,11],[1,21,13],[1,26,13],[13,40,27],[29,40,27],[32,40,28],[13,41,29],[14,41,30],[27,43,4],[13,57,44],[46,57,44],[50,57,45],[13,58,46],[15,58,48],[44,60,4],[27,64,61],[61,65,10],[35,65,11],[44,68,61],[10,72,69],[44,73,69],[69,75,74]],
"unknownEdges":[],
"argumentIDList":[15,14,0,1,2,3,12,4,5,6,7,13,8,9,10,11],
"argumentNameList":["<Main: void main(JayArray_java_lang_String)>_Block8_3:argument0","<Main: void main(JayArray_java_lang_String)>_Block6:argument0","<Main: void main(JayArray_java_lang_String)>_Block15:argument0","<Main: void main(JayArray_java_lang_String)>_Block15:argument1","<Main: void main(JayArray_java_lang_String)>_Block15:argument2","<Main: void main(JayArray_java_lang_String)>_Block15:argument3","<Main: void main(JayArray_java_lang_String)>_Block17_3:argument0","<Main: void main(JayArray_java_lang_String)>_Block15_4_1:argument0","<Main: void main(JayArray_java_lang_String)>_Block15_4_1:argument1","<Main: void main(JayArray_java_lang_String)>_Block15_4_1:argument2","<Main: void main(JayArray_java_lang_String)>_Block15_4_1:argument3","<Main: void main(JayArray_java_lang_String)>_Block18_3:argument0","<Main: void main(JayArray_java_lang_String)>_Block15_6_1:argument0","<Main: void main(JayArray_java_lang_String)>_Block15_6_1:argument1","<Main: void main(JayArray_java_lang_String)>_Block15_6_1:argument2","<Main: void main(JayArray_java_lang_String)>_Block15_6_1:argument3"],
"predicateIndices":[2,4,5,10,13,27,29,44,46,61,69],
"predicateOccurrenceInClause":[2,4,2,3,6,3,2,4,2,3,3],
"predicateStrongConnectedComponent":[0,0,0,0,0,0,0,0,0,0,0],
"argumentEdges":[[3,2],[11,10],[14,13],[15,13],[16,13],[17,13],[28,27],[30,29],[31,29],[32,29],[33,29],[45,44],[47,46],[48,46],[49,46],[50,46]],
"guardASTEdges":[[7,8],[7,9],[7,12],[18,21],[20,21],[22,26],[24,26],[36,40],[38,40],[39,40],[39,40],[7,41],[42,43],[52,57],[54,57],[55,57],[55,57],[7,58],[59,60],[63,64],[7,65],[67,68],[71,72],[7,73],[7,75]],
"ASTEdges":[],
"AST_1Edges":[[15,18],[6,20],[15,22],[25,24],[28,34],[34,36],[16,37],[37,38],[35,39],[28,42],[45,51],[51,52],[17,53],[53,54],[48,55],[45,59],[28,62],[62,63],[45,66],[66,67],[11,70],[70,71]],
"AST_2Edges":[[19,18],[15,20],[23,22],[15,24],[35,34],[35,37],[31,39],[35,42],[35,51],[35,53],[56,55],[35,59],[35,62],[35,66],[35,70]],
"templateASTEdges":[],
"templateEdges":[],
"verifHintTplPredEdges":[],
"verifHintTplPredPosNegEdges":[],
"verifHintTplEqTermEdges":[],
"verifHintTplInEqTermEdges":[],
"verifHintTplInEqTermPosNegEdges":[],
"dataFlowASTEdges":[],
"controlFlowHyperEdges":[[4,8,2],[5,8,2],[4,9,5],[2,12,10],[1,21,13],[1,26,13],[13,40,27],[29,40,27],[13,41,29],[27,43,4],[13,57,44],[46,57,44],[13,58,46],[44,60,4],[27,64,61],[61,65,10],[44,68,61],[10,72,69],[44,73,69],[69,75,74]],
"dataFlowHyperEdges":[[6,8,3],[3,12,11],[32,40,28],[14,41,30],[50,57,45],[15,58,48],[35,65,11]],
"controlLocationEdgeForSCC":[],
"predicateTransitiveEdges":[],
"dummyFiled":[]
}