{
"nodeIds":[0,1,2,3,4,5,6,7,8,9,10,11,12,13,14,15,16,17,18,19,20,21,22,23,24,25,26,27,28,29,30,31,32,33,34,35,36,37,38,39,40,41,42,43,44,45,46,47,48,49,50,51,52,53,54,55,56,57,58,59,60,61,62,63,64,65,66,67,68,69,70,71,72,73,74,75,76,77,78,79,80,81,82,83,84,85,86,87,88,89,90,91,92,93,94,95,96,97,98,99,100,101,102,103,104,105,106,107,108,109,110,111,112,113,114,115,116,117,118,119,120,121,122,123,124,125,126,127,128,129,130,131,132,133,134,135,136,137,138,139,140,141,142,143,144,145,146,147,148,149,150,151,152,153,154,155,156,157,158,159,160,161,162,163,164,165,166,167,168,169,170,171,172,173,174,175,176,177,178,179,180,181,182,183,184,185,186,187,188,189,190,191,192,193,194,195,196,197,198,199,200,201,202,203,204,205,206,207,208,209,210,211,212,213,214,215,216,217,218,219,220,221,222,223,224,225,226,227,228,229,230,231,232,233,234,235,236,237,238,239,240,241,242,243,244,245,246,247,248,249,250,251,252,253,254,255,256,257,258,259,260,261,262,263,264,265,266,267,268,269,270,271,272,273,274,275,276,277,278,279,280,281,282,283,284,285,286,287,288,289,290,291,292,293,294,295],
"nodeSymbolList":["predicateName_0","predicateArgument_0","predicateArgument_1","predicateArgument_2","predicateName_1","predicateArgument_3","predicateArgument_4","predicateArgument_5","predicateArgument_6","predicateArgument_7","predicateName_2","predicateArgument_8","predicateArgument_9","predicateArgument_10","predicateName_3","predicateArgument_11","predicateArgument_12","predicateName_4","predicateArgument_13","predicateArgument_14","predicateName_5","predicateArgument_15","FALSE","clause_0","=","symbolicConstant_0","0","=","symbolicConstant_1","symbolicConstant_2","clauseHead_0","clauseArgument_0","clauseArgument_1","clauseArgument_2","clause_1",">=","symbolicConstant_3",">=","symbolicConstant_4","=","symbolicConstant_5","symbolicConstant_6","=","symbolicConstant_7","clauseHead_1","clauseArgument_3","clauseArgument_4","clauseArgument_5","clauseArgument_6","clauseArgument_7","clauseBody_0","clauseArgument_8","clauseArgument_9","clauseArgument_10","clause_2","+","symbolicConstant_8","symbolicConstant_9","=","symbolicConstant_10",">=","symbolicConstant_11",">=","!","=","symbolicConstant_12","clauseHead_2","clauseArgument_11","clauseArgument_12","clauseArgument_13","clauseArgument_14","clauseArgument_15","symbolicConstant_13","clauseBody_1","clauseArgument_16","clauseArgument_17","clauseArgument_18","clauseBody_2","clauseArgument_19","+","-1","clauseArgument_20","clauseArgument_21","clause_3","+","symbolicConstant_14","1","+","symbolicConstant_15","=","symbolicConstant_16",">=","!",">=","symbolicConstant_17","clauseHead_3","clauseArgument_22","clauseArgument_23","clauseBody_3","clauseArgument_24","clauseArgument_25","clauseArgument_26","clause_4","+","symbolicConstant_18","symbolicConstant_19","=","symbolicConstant_20",">=","symbolicConstant_21",">=","!","=","symbolicConstant_22","symbolicConstant_23","clauseHead_4","clauseArgument_27","clauseArgument_28","clauseArgument_29","clauseArgument_30","clauseArgument_31","clauseBody_4","clauseArgument_32","clauseArgument_33","clauseArgument_34","clauseBody_5","clauseArgument_35","+","clauseArgument_36","clause_5","+","symbolicConstant_24",">=","!",">=","symbolicConstant_25","clauseHead_5","clauseArgument_37","clauseBody_6","clauseArgument_38","clauseArgument_39","clauseArgument_40","symbolicConstant_26","clause_6","+","symbolicConstant_27","symbolicConstant_28","=","symbolicConstant_29",">=","symbolicConstant_30","!",">=","!","+","symbolicConstant_31","=","symbolicConstant_32","clauseHead_6","clauseArgument_41","clauseArgument_42","clauseArgument_43","clauseArgument_44","clauseArgument_45","symbolicConstant_33","clauseBody_7","clauseArgument_46","clauseArgument_47","clauseArgument_48","clauseBody_8","clauseArgument_49","+","clauseArgument_50","+","clauseArgument_51","clauseArgument_52","clauseArgument_53","clause_7","+","symbolicConstant_34","+","symbolicConstant_35","=","symbolicConstant_36","+","symbolicConstant_37",">=","!",">=","!","clauseHead_7","clauseArgument_54","clauseArgument_55","clauseArgument_56","clauseBody_9","clauseArgument_57","clauseArgument_58","clauseArgument_59","clause_8",">=","symbolicConstant_38","=","symbolicConstant_39","clauseHead_8","clauseArgument_60","clauseArgument_61","clauseBody_10","clauseArgument_62","clause_9","+","symbolicConstant_40",">=","!","clauseHead_9","clauseArgument_63","clauseBody_11","clauseArgument_64","clause_10","+","symbolicConstant_41","symbolicConstant_42","=","symbolicConstant_43",">=","!","clauseHead_10","clauseArgument_65","clauseArgument_66","clauseBody_12","clauseArgument_67","clauseBody_13","clauseArgument_68","+","clauseArgument_69","clause_11",">=","symbolicConstant_44","=","symbolicConstant_45","symbolicConstant_46","clauseHead_11","clauseArgument_70","clauseArgument_71","clauseArgument_72","clauseBody_14","clauseArgument_73","clauseArgument_74","clause_12","+","symbolicConstant_47","+","symbolicConstant_48","=","symbolicConstant_49",">=","!","clauseHead_12","clauseArgument_75","clauseArgument_76","clauseBody_15","clauseArgument_77","clauseArgument_78","clause_13","+","symbolicConstant_50","symbolicConstant_51","=","symbolicConstant_52",">=","!","clauseHead_13","clauseArgument_79","clauseArgument_80","clauseArgument_81","symbolicConstant_53","clauseBody_16","clauseArgument_82","clauseArgument_83","clauseBody_17","clauseArgument_84","+","clauseArgument_85","clauseArgument_86","clause_14","=","symbolicConstant_54","symbolicConstant_55","!","clauseHead_14","clauseBody_18","clauseArgument_87","symbolicConstant_56","clauseArgument_88","clauseArgument_89","clauseArgument_90","clauseArgument_91"],
"falseIndices":[22],
"initialIndices":[],
"argumentIndices":[1,2,3,5,6,7,8,9,11,12,13,15,16,18,19,21],
"argumentBoundList":[[0,0],[0,0],[1,0],[0,0],[0,0],[1,0],[1,0],[1,0],[1,1],[1,1],[1,1],[1,1],[1,1],[1,1],[1,1],[1,1]],
"argumentBinaryOccurrenceList":[0,0,0,0,0,0,0,0,0,0,0,0,0,0,0,0],
"argumentOccurrence":[0,0,0,0,0,0,0,0,0,0,0,0,0,0,0,0],
"templateIndices":[],
"templateRelevanceLabel":[],
"templateCostLabel":[],
"clauseIndices":[23,34,54,83,102,129,143,177,198,208,217,234,247,262,283],
"guardIndices":[],
"clauseBinaryOccurrenceInCounterExampleList":[0,0,0,0,0,0,0,0,0,0,0,0,0,0,0],
"predictedLabel":[],
"controlLocationIndices":[],
"binaryAdjacentList":[[0,1],[0,2],[0,3],[0,30],[0,190],[1,31],[1,51],[1,74],[1,99],[1,122],[1,139],[1,166],[1,191],[1,195],[2,32],[2,52],[2,75],[2,100],[2,123],[2,140],[2,167],[2,192],[2,196],[3,33],[3,53],[3,76],[3,101],[3,124],[3,141],[3,168],[3,193],[3,197],[4,5],[4,6],[4,7],[4,8],[4,9],[4,44],[4,66],[4,115],[4,158],[5,45],[5,67],[5,116],[5,159],[5,170],[5,290],[6,46],[6,68],[6,117],[6,160],[6,172],[6,292],[7,47],[7,69],[7,118],[7,161],[7,174],[7,293],[8,48],[8,70],[8,119],[8,162],[8,175],[8,294],[9,49],[9,71],[9,120],[9,163],[9,176],[9,295],[10,11],[10,12],[10,13],[10,240],[10,270],[11,78],[11,241],[11,271],[11,279],[12,81],[12,242],[12,272],[12,281],[13,82],[13,243],[13,273],[13,282],[14,15],[14,16],[14,95],[14,256],[15,96],[15,245],[15,257],[15,260],[15,276],[16,97],[16,246],[16,258],[16,261],[16,277],[17,18],[17,19],[17,203],[17,225],[18,126],[18,204],[18,226],[18,231],[19,128],[19,205],[19,227],[19,233],[20,21],[20,136],[20,213],[21,137],[21,207],[21,214],[21,216],[21,229],[22,288],[23,30],[24,23],[25,24],[26,24],[26,35],[26,37],[26,42],[26,60],[26,62],[26,64],[26,91],[26,93],[26,108],[26,110],[26,132],[26,134],[26,149],[26,152],[26,186],[26,188],[26,199],[26,201],[26,211],[26,223],[26,235],[26,254],[26,268],[26,293],[27,23],[28,27],[29,27],[30,31],[30,32],[30,33],[31,28],[32,29],[33,25],[34,44],[35,34],[36,35],[36,51],[37,34],[38,37],[38,52],[39,34],[40,39],[41,39],[41,53],[42,34],[43,42],[44,45],[44,46],[44,47],[44,48],[44,49],[45,36],[46,38],[47,41],[48,43],[49,40],[50,0],[50,34],[51,50],[52,50],[53,50],[54,66],[55,58],[56,55],[56,62],[56,75],[56,79],[57,55],[57,76],[58,54],[59,58],[59,81],[60,54],[61,60],[61,74],[62,63],[63,54],[64,54],[65,64],[66,67],[66,68],[66,69],[66,70],[66,71],[67,61],[68,56],[69,57],[70,65],[71,72],[72,82],[73,0],[73,54],[74,73],[75,73],[76,73],[77,10],[77,54],[78,77],[79,78],[80,79],[80,127],[80,171],[80,173],[80,232],[80,280],[81,77],[82,77],[83,95],[84,87],[84,91],[84,100],[85,84],[86,84],[86,130],[86,178],[86,184],[86,209],[86,248],[87,89],[88,87],[88,101],[89,83],[90,89],[91,92],[92,83],[93,83],[94,93],[94,99],[95,96],[95,97],[96,85],[97,90],[98,0],[98,83],[99,98],[100,98],[101,98],[102,115],[103,106],[104,103],[104,110],[104,122],[104,127],[105,103],[105,128],[106,102],[107,106],[108,102],[109,108],[109,123],[110,111],[111,102],[112,102],[113,112],[114,112],[114,124],[115,116],[115,117],[115,118],[115,119],[115,120],[116,104],[117,109],[118,114],[119,107],[120,113],[121,0],[121,102],[122,121],[123,121],[124,121],[125,17],[125,102],[126,125],[127,126],[128,125],[129,136],[130,132],[130,139],[131,130],[132,133],[133,129],[134,129],[135,134],[135,140],[136,137],[137,131],[138,0],[138,129],[139,138],[140,138],[141,138],[142,141],[143,158],[144,147],[145,144],[145,152],[145,167],[145,173],[146,144],[146,168],[147,143],[148,147],[148,174],[149,151],[150,149],[150,154],[150,166],[150,171],[151,143],[152,153],[153,143],[154,156],[155,154],[155,175],[156,143],[157,156],[158,159],[158,160],[158,161],[158,162],[158,163],[159,150],[160,145],[161,146],[162,157],[163,164],[164,176],[165,0],[165,143],[166,165],[167,165],[168,165],[169,4],[169,143],[170,169],[171,170],[172,169],[173,172],[174,169],[175,169],[176,169],[177,190],[178,180],[178,188],[178,196],[179,178],[180,182],[181,180],[181,197],[182,177],[183,182],[184,186],[184,195],[185,184],[186,187],[187,177],[188,189],[189,177],[190,191],[190,192],[190,193],[191,185],[192,179],[193,183],[194,0],[194,177],[195,194],[196,194],[197,194],[198,203],[199,198],[200,199],[200,207],[201,198],[202,201],[203,204],[203,205],[204,200],[205,202],[206,20],[206,198],[207,206],[208,213],[209,211],[209,216],[210,209],[211,212],[212,208],[213,214],[214,210],[215,20],[215,208],[216,215],[217,225],[218,221],[219,218],[219,223],[219,229],[219,232],[220,218],[220,233],[221,217],[222,221],[223,224],[224,217],[225,226],[225,227],[226,219],[227,222],[228,20],[228,217],[229,228],[230,17],[230,217],[231,230],[232,231],[233,230],[234,240],[235,234],[236,235],[236,245],[237,234],[238,237],[239,237],[239,246],[240,241],[240,242],[240,243],[241,236],[242,239],[243,238],[244,14],[244,234],[245,244],[246,244],[247,256],[248,250],[248,254],[248,260],[249,248],[250,252],[251,250],[251,261],[252,247],[253,252],[254,255],[255,247],[256,257],[256,258],[257,249],[258,253],[259,14],[259,247],[260,259],[261,259],[262,270],[263,266],[264,263],[264,268],[264,276],[264,280],[265,263],[265,277],[266,262],[267,266],[267,281],[268,269],[269,262],[270,271],[270,272],[270,273],[271,264],[272,265],[273,274],[274,282],[275,14],[275,262],[276,275],[277,275],[278,10],[278,262],[279,278],[280,279],[281,278],[282,278],[283,288],[284,287],[285,284],[285,294],[286,284],[286,295],[287,283],[289,4],[289,283],[290,289],[291,290],[291,292],[292,289],[293,289],[294,289],[295,289]],
"ternaryAdjacencyList":[],
"unknownEdges":[],
"argumentIDList":[5,6,7,0,1,2,3,4,11,12,13,14,15,8,9,10],
"argumentNameList":["INV_REC_g^g_PRE:argument0","INV_REC_g^g_PRE:argument1","INV_REC_g^g_PRE:argument2","INV_REC_g^g:argument0","INV_REC_g^g:argument1","INV_REC_g^g:argument2","INV_REC_g^g:argument3","INV_REC_g^g:argument4","INV_REC_g__2:argument0","INV_REC_g__2:argument1","INV_REC_g__2:argument2","INV_REC_g__2_PRE:argument0","INV_REC_g__2_PRE:argument1","INV_REC_g__1:argument0","INV_REC_g__1:argument1","INV_REC_g__1_PRE:argument0"],
"predicateIndices":[0,4,10,14,17,20],
"predicateOccurrenceInClause":[9,6,4,5,4,5],
"predicateStrongConnectedComponent":[1,1,1,1,1,1],
"predicateArgumentEdges":[[0,1],[0,2],[0,3],[4,5],[4,6],[4,7],[4,8],[4,9],[10,11],[10,12],[10,13],[14,15],[14,16],[17,18],[17,19],[20,21]],
"predicateInstanceEdges":[[0,30],[4,44],[50,0],[4,66],[73,0],[77,10],[14,95],[98,0],[4,115],[121,0],[125,17],[20,136],[138,0],[4,158],[165,0],[169,4],[0,190],[194,0],[17,203],[206,20],[20,213],[215,20],[17,225],[228,20],[230,17],[10,240],[244,14],[14,256],[259,14],[10,270],[275,14],[278,10],[22,288],[289,4]],
"argumentInstanceEdges":[[1,31],[2,32],[3,33],[5,45],[6,46],[7,47],[8,48],[9,49],[1,51],[2,52],[3,53],[5,67],[6,68],[7,69],[8,70],[9,71],[1,74],[2,75],[3,76],[11,78],[12,81],[13,82],[15,96],[16,97],[1,99],[2,100],[3,101],[5,116],[6,117],[7,118],[8,119],[9,120],[1,122],[2,123],[3,124],[18,126],[19,128],[21,137],[1,139],[2,140],[3,141],[5,159],[6,160],[7,161],[8,162],[9,163],[1,166],[2,167],[3,168],[5,170],[6,172],[7,174],[8,175],[9,176],[1,191],[2,192],[3,193],[1,195],[2,196],[3,197],[18,204],[19,205],[21,207],[21,214],[21,216],[18,226],[19,227],[21,229],[18,231],[19,233],[11,241],[12,242],[13,243],[15,245],[16,246],[15,257],[16,258],[15,260],[16,261],[11,271],[12,272],[13,273],[15,276],[16,277],[11,279],[12,281],[13,282],[5,290],[6,292],[7,293],[8,294],[9,295]],
"controlHeadEdges":[[23,30],[34,44],[54,66],[83,95],[102,115],[129,136],[143,158],[177,190],[198,203],[208,213],[217,225],[234,240],[247,256],[262,270],[283,288]],
"controlBodyEdges":[[50,34],[73,54],[77,54],[98,83],[121,102],[125,102],[138,129],[165,143],[169,143],[194,177],[206,198],[215,208],[228,217],[230,217],[244,234],[259,247],[275,262],[278,262],[289,283]],
"controlEdges":[],
"controlArgumentEdges":[[30,31],[30,32],[30,33],[44,45],[44,46],[44,47],[44,48],[44,49],[51,50],[52,50],[53,50],[66,67],[66,68],[66,69],[66,70],[66,71],[74,73],[75,73],[76,73],[78,77],[81,77],[82,77],[95,96],[95,97],[99,98],[100,98],[101,98],[115,116],[115,117],[115,118],[115,119],[115,120],[122,121],[123,121],[124,121],[126,125],[128,125],[136,137],[139,138],[140,138],[141,138],[158,159],[158,160],[158,161],[158,162],[158,163],[166,165],[167,165],[168,165],[170,169],[172,169],[174,169],[175,169],[176,169],[190,191],[190,192],[190,193],[195,194],[196,194],[197,194],[203,204],[203,205],[207,206],[213,214],[216,215],[225,226],[225,227],[229,228],[231,230],[233,230],[240,241],[240,242],[240,243],[245,244],[246,244],[256,257],[256,258],[260,259],[261,259],[270,271],[270,272],[270,273],[276,275],[277,275],[279,278],[281,278],[282,278],[290,289],[292,289],[293,289],[294,289],[295,289]],
"subTermEdges":[[25,24],[26,24],[28,27],[29,27],[26,35],[36,35],[26,37],[38,37],[40,39],[41,39],[43,42],[26,42],[56,55],[57,55],[55,58],[59,58],[26,60],[61,60],[26,62],[56,62],[62,63],[65,64],[26,64],[56,79],[80,79],[85,84],[86,84],[84,87],[88,87],[87,89],[90,89],[26,91],[84,91],[91,92],[26,93],[94,93],[104,103],[105,103],[103,106],[107,106],[26,108],[109,108],[26,110],[104,110],[110,111],[113,112],[114,112],[104,127],[80,127],[131,130],[86,130],[26,132],[130,132],[132,133],[26,134],[135,134],[145,144],[146,144],[144,147],[148,147],[26,149],[150,149],[149,151],[26,152],[145,152],[152,153],[150,154],[155,154],[154,156],[157,156],[150,171],[80,171],[145,173],[80,173],[179,178],[86,178],[178,180],[181,180],[180,182],[183,182],[185,184],[86,184],[26,186],[184,186],[186,187],[26,188],[178,188],[188,189],[26,199],[200,199],[202,201],[26,201],[210,209],[86,209],[26,211],[209,211],[211,212],[219,218],[220,218],[218,221],[222,221],[26,223],[219,223],[223,224],[219,232],[80,232],[26,235],[236,235],[238,237],[239,237],[249,248],[86,248],[248,250],[251,250],[250,252],[253,252],[26,254],[248,254],[254,255],[264,263],[265,263],[263,266],[267,266],[26,268],[264,268],[268,269],[264,280],[80,280],[285,284],[286,284],[284,287]],
"guardEdges":[[24,23],[27,23],[35,34],[37,34],[39,34],[42,34],[58,54],[60,54],[63,54],[64,54],[89,83],[92,83],[93,83],[106,102],[108,102],[111,102],[112,102],[133,129],[134,129],[147,143],[151,143],[153,143],[156,143],[182,177],[187,177],[189,177],[199,198],[201,198],[212,208],[221,217],[224,217],[235,234],[237,234],[252,247],[255,247],[266,262],[269,262],[287,283]],
"dataEdges":[[31,28],[32,29],[33,25],[45,36],[46,38],[47,41],[48,43],[49,40],[36,51],[38,52],[41,53],[67,61],[68,56],[69,57],[70,65],[71,72],[61,74],[56,75],[57,76],[79,78],[59,81],[72,82],[96,85],[97,90],[94,99],[84,100],[88,101],[116,104],[117,109],[118,114],[119,107],[120,113],[104,122],[109,123],[114,124],[127,126],[105,128],[137,131],[130,139],[135,140],[142,141],[159,150],[160,145],[161,146],[162,157],[163,164],[150,166],[145,167],[146,168],[171,170],[173,172],[148,174],[155,175],[164,176],[191,185],[192,179],[193,183],[184,195],[178,196],[181,197],[204,200],[205,202],[200,207],[214,210],[209,216],[226,219],[227,222],[219,229],[232,231],[220,233],[241,236],[242,239],[243,238],[236,245],[239,246],[257,249],[258,253],[248,260],[251,261],[271,264],[272,265],[273,274],[264,276],[265,277],[280,279],[267,281],[274,282],[291,290],[291,292],[26,293],[285,294],[286,295]],
"predicateInstanceHeadEdges":[],
"predicateInstanceBodyEdges":[],
"controlArgumentHeadEdges":[],
"controlArgumentBodyEdges":[],
"guardConstantEdges":[],
"guardOperatorEdges":[],
"guardScEdges":[],
"dataConstantEdges":[],
"dataOperatorEdges":[],
"dataScEdges":[],
"subTermConstantOperatorEdges":[],
"subTermOperatorOperatorEdges":[],
"subTermScOperatorEdges":[],
"dummyFiled":[]
}