{
"nodeIds":[0,1,2,3,4,5,6,7,8,9,10,11,12,13,14,15,16,17,18,19,20,21,22,23,24,25,26,27,28,29,30,31,32,33,34,35,36,37,38,39,40,41,42,43,44,45,46,47,48,49,50,51,52,53,54,55,56,57,58,59,60,61,62,63,64,65,66,67,68,69,70,71,72,73,74,75,76,77],
"nodeSymbolList":["predicateName_0","predicateArgument_0","FALSE","clause_0","=","symbolicConstant_0","0","!",">=","symbolicConstant_1",">=","symbolicConstant_2",">=","symbolicConstant_3",">=","symbolicConstant_4",">=","symbolicConstant_5","clauseHead_0","clauseArgument_0","clause_1","=","symbolicConstant_6","!",">=","symbolicConstant_7",">=","symbolicConstant_8",">=","symbolicConstant_9",">=","symbolicConstant_10",">=","symbolicConstant_11",">=","symbolicConstant_12","clauseHead_1","clauseArgument_1","clause_2","=","symbolicConstant_13","!","=","symbolicConstant_14","!",">=","symbolicConstant_15",">=","symbolicConstant_16",">=","symbolicConstant_17",">=","symbolicConstant_18",">=","symbolicConstant_19","clauseHead_2","clauseBody_0","clauseArgument_2","clause_3","=","symbolicConstant_20","!","=","symbolicConstant_21","!",">=","symbolicConstant_22",">=","symbolicConstant_23",">=","symbolicConstant_24",">=","symbolicConstant_25",">=","symbolicConstant_26","clauseHead_3","clauseBody_1","clauseArgument_3"],
"falseIndices":[2],
"initialIndices":[],
"argumentIndices":[1],
"argumentBoundList":[["None","None"]],
"argumentBinaryOccurrenceList":[0],
"argumentOccurrence":[0],
"templateIndices":[],
"templateRelevanceLabel":[],
"templateCostLabel":[],
"clauseIndices":[3,20,38,58],
"guardIndices":[],
"clauseBinaryOccurrenceInCounterExampleList":[0,0,0,0],
"predictedLabel":[],
"controlLocationIndices":[],
"binaryAdjacentList":[[0,1],[0,18],[0,36],[1,19],[1,37],[1,57],[1,77],[2,55],[2,75],[3,18],[4,7],[5,4],[6,4],[6,8],[6,10],[6,12],[6,14],[6,16],[6,21],[6,24],[6,26],[6,28],[6,30],[6,32],[6,34],[6,39],[6,42],[6,45],[6,47],[6,49],[6,51],[6,53],[6,59],[6,62],[6,65],[6,67],[6,69],[6,71],[6,73],[7,3],[8,3],[8,3],[8,3],[8,3],[8,3],[8,3],[8,3],[8,3],[8,3],[8,3],[8,3],[8,3],[8,3],[8,3],[8,3],[8,3],[8,3],[8,3],[8,3],[8,3],[8,3],[8,3],[8,3],[8,3],[8,3],[8,3],[8,3],[8,3],[8,3],[8,3],[9,8],[10,3],[10,3],[10,3],[10,3],[10,3],[10,3],[10,3],[10,3],[10,3],[10,3],[10,3],[10,3],[10,3],[10,3],[10,3],[11,10],[12,3],[12,3],[12,3],[12,3],[12,3],[12,3],[12,3],[12,3],[12,3],[12,3],[12,3],[12,3],[13,12],[14,3],[14,3],[15,14],[16,3],[17,16],[18,19],[19,5],[20,36],[21,23],[22,21],[23,20],[24,20],[24,20],[24,20],[24,20],[24,20],[24,20],[24,20],[24,20],[24,20],[24,20],[24,20],[24,20],[24,20],[24,20],[24,20],[24,20],[24,20],[24,20],[24,20],[24,20],[24,20],[24,20],[24,20],[24,20],[24,20],[24,20],[24,20],[24,20],[24,20],[24,20],[25,24],[26,20],[26,20],[26,20],[26,20],[26,20],[26,20],[26,20],[26,20],[26,20],[26,20],[26,20],[26,20],[26,20],[26,20],[26,20],[27,26],[28,20],[28,20],[28,20],[28,20],[28,20],[28,20],[28,20],[28,20],[28,20],[28,20],[28,20],[28,20],[29,28],[30,20],[30,20],[31,30],[32,20],[33,32],[34,20],[35,34],[36,37],[37,22],[38,55],[39,41],[40,39],[40,57],[41,38],[42,44],[43,42],[44,38],[45,38],[45,38],[45,38],[45,38],[45,38],[45,38],[45,38],[45,38],[45,38],[45,38],[45,38],[45,38],[45,38],[45,38],[45,38],[45,38],[45,38],[45,38],[45,38],[45,38],[45,38],[45,38],[45,38],[45,38],[45,38],[45,38],[45,38],[45,38],[45,38],[45,38],[46,45],[47,38],[47,38],[47,38],[47,38],[47,38],[47,38],[47,38],[47,38],[47,38],[47,38],[47,38],[47,38],[47,38],[47,38],[47,38],[48,47],[49,38],[49,38],[49,38],[49,38],[49,38],[49,38],[49,38],[49,38],[49,38],[49,38],[49,38],[49,38],[50,49],[51,38],[51,38],[52,51],[53,38],[54,53],[56,0],[56,38],[57,56],[58,75],[59,61],[60,59],[60,77],[61,58],[62,64],[63,62],[64,58],[65,58],[65,58],[65,58],[65,58],[65,58],[65,58],[65,58],[65,58],[65,58],[65,58],[65,58],[65,58],[65,58],[65,58],[65,58],[65,58],[65,58],[65,58],[65,58],[65,58],[65,58],[65,58],[65,58],[65,58],[65,58],[65,58],[65,58],[65,58],[65,58],[65,58],[66,65],[67,58],[67,58],[67,58],[67,58],[67,58],[67,58],[67,58],[67,58],[67,58],[67,58],[67,58],[67,58],[67,58],[67,58],[67,58],[68,67],[69,58],[69,58],[69,58],[69,58],[69,58],[69,58],[69,58],[69,58],[69,58],[69,58],[69,58],[69,58],[70,69],[71,58],[71,58],[72,71],[73,58],[74,73],[76,0],[76,58],[77,76]],
"ternaryAdjacencyList":[],
"unknownEdges":[],
"argumentIDList":[0],
"argumentNameList":["<java.io.PrintStream: void println(java.lang.String)>_pre_0:argument0"],
"predicateIndices":[0],
"predicateOccurrenceInClause":[4],
"predicateStrongConnectedComponent":[0],
"predicateArgumentEdges":[[0,1]],
"predicateInstanceEdges":[[0,18],[0,36],[2,55],[56,0],[2,75],[76,0]],
"argumentInstanceEdges":[[1,19],[1,37],[1,57],[1,77]],
"controlHeadEdges":[[3,18],[20,36],[38,55],[58,75]],
"controlBodyEdges":[[56,38],[76,58]],
"controlEdges":[],
"controlArgumentEdges":[[18,19],[36,37],[57,56],[77,76]],
"subTermEdges":[[5,4],[6,4],[4,7],[9,8],[6,8],[11,10],[6,10],[13,12],[6,12],[15,14],[6,14],[17,16],[6,16],[22,21],[6,21],[21,23],[25,24],[6,24],[27,26],[6,26],[29,28],[6,28],[31,30],[6,30],[33,32],[6,32],[35,34],[6,34],[40,39],[6,39],[39,41],[43,42],[6,42],[42,44],[46,45],[6,45],[48,47],[6,47],[50,49],[6,49],[52,51],[6,51],[54,53],[6,53],[60,59],[6,59],[59,61],[63,62],[6,62],[62,64],[66,65],[6,65],[68,67],[6,67],[70,69],[6,69],[72,71],[6,71],[74,73],[6,73]],
"guardEdges":[[7,3],[8,3],[10,3],[8,3],[12,3],[8,3],[10,3],[8,3],[12,3],[8,3],[10,3],[8,3],[12,3],[8,3],[10,3],[8,3],[12,3],[8,3],[10,3],[8,3],[14,3],[8,3],[10,3],[8,3],[12,3],[8,3],[10,3],[8,3],[12,3],[8,3],[10,3],[8,3],[12,3],[8,3],[10,3],[8,3],[12,3],[8,3],[10,3],[8,3],[14,3],[8,3],[10,3],[8,3],[12,3],[8,3],[10,3],[8,3],[12,3],[8,3],[10,3],[8,3],[12,3],[8,3],[10,3],[8,3],[12,3],[8,3],[10,3],[8,3],[16,3],[23,20],[24,20],[26,20],[24,20],[28,20],[24,20],[26,20],[24,20],[28,20],[24,20],[26,20],[24,20],[28,20],[24,20],[26,20],[24,20],[28,20],[24,20],[26,20],[24,20],[30,20],[24,20],[26,20],[24,20],[28,20],[24,20],[26,20],[24,20],[28,20],[24,20],[26,20],[24,20],[28,20],[24,20],[26,20],[24,20],[28,20],[24,20],[26,20],[24,20],[30,20],[24,20],[26,20],[24,20],[28,20],[24,20],[26,20],[24,20],[28,20],[24,20],[26,20],[24,20],[28,20],[24,20],[26,20],[24,20],[28,20],[24,20],[26,20],[24,20],[32,20],[34,20],[41,38],[44,38],[45,38],[47,38],[45,38],[49,38],[45,38],[47,38],[45,38],[49,38],[45,38],[47,38],[45,38],[49,38],[45,38],[47,38],[45,38],[49,38],[45,38],[47,38],[45,38],[51,38],[45,38],[47,38],[45,38],[49,38],[45,38],[47,38],[45,38],[49,38],[45,38],[47,38],[45,38],[49,38],[45,38],[47,38],[45,38],[49,38],[45,38],[47,38],[45,38],[51,38],[45,38],[47,38],[45,38],[49,38],[45,38],[47,38],[45,38],[49,38],[45,38],[47,38],[45,38],[49,38],[45,38],[47,38],[45,38],[49,38],[45,38],[47,38],[45,38],[53,38],[61,58],[64,58],[65,58],[67,58],[65,58],[69,58],[65,58],[67,58],[65,58],[69,58],[65,58],[67,58],[65,58],[69,58],[65,58],[67,58],[65,58],[69,58],[65,58],[67,58],[65,58],[71,58],[65,58],[67,58],[65,58],[69,58],[65,58],[67,58],[65,58],[69,58],[65,58],[67,58],[65,58],[69,58],[65,58],[67,58],[65,58],[69,58],[65,58],[67,58],[65,58],[71,58],[65,58],[67,58],[65,58],[69,58],[65,58],[67,58],[65,58],[69,58],[65,58],[67,58],[65,58],[69,58],[65,58],[67,58],[65,58],[69,58],[65,58],[67,58],[65,58],[73,58]],
"dataEdges":[[19,5],[37,22],[40,57],[60,77]],
"predicateInstanceHeadEdges":[],
"predicateInstanceBodyEdges":[],
"controlArgumentHeadEdges":[],
"controlArgumentBodyEdges":[],
"guardConstantEdges":[],
"guardOperatorEdges":[],
"guardScEdges":[],
"dataConstantEdges":[],
"dataOperatorEdges":[],
"dataScEdges":[],
"subTermConstantOperatorEdges":[],
"subTermOperatorOperatorEdges":[],
"subTermScOperatorEdges":[],
"dummyFiled":[]
}