{
"nodeIds":[0,1,2,3,4,5,6,7,8,9,10,11,12,13,14,15,16,17,18,19,20,21,22,23,24,25,26,27,28,29,30,31,32,33,34,35,36,37,38,39,40,41,42,43,44,45,46,47,48,49,50,51,52,53,54,55,56,57,58,59,60,61,62,63,64,65,66,67,68,69,70,71,72,73,74,75,76,77,78,79,80,81,82,83,84,85,86,87,88,89,90,91,92,93,94,95,96,97,98,99,100,101,102,103,104,105,106,107,108,109,110,111,112,113,114,115,116,117,118,119,120,121,122,123,124,125,126,127,128,129,130,131,132,133,134,135,136,137,138,139,140,141,142,143,144,145,146,147,148,149,150,151,152,153,154,155,156,157,158,159,160,161,162,163,164,165,166,167,168,169,170,171,172,173,174,175,176,177,178,179,180,181,182,183,184,185,186,187,188,189,190,191,192,193,194,195,196,197,198,199,200,201,202,203,204,205,206,207,208,209,210,211,212,213,214,215,216,217,218,219,220,221,222,223,224,225,226,227,228,229,230,231,232,233,234,235,236,237,238,239,240,241,242,243,244,245,246,247,248,249,250,251,252,253,254,255,256,257,258,259,260,261,262,263,264,265,266,267,268,269],
"nodeSymbolList":["predicateName_0","predicateArgument_0","predicateArgument_1","predicateName_1","predicateArgument_2","predicateName_2","predicateArgument_3","predicateArgument_4","predicateName_3","predicateArgument_5","predicateArgument_6","predicateName_4","predicateArgument_7","predicateArgument_8","predicateName_5","predicateArgument_9","predicateArgument_10","predicateName_6","predicateArgument_11","predicateArgument_12","FALSE","clause_0","=","symbolicConstant_0","0","=","symbolicConstant_1","clauseHead_0","clauseArgument_0","clauseArgument_1","clauseBody_0","clauseArgument_2","clause_1","=","symbolicConstant_2","1","=","symbolicConstant_3","clauseHead_1","clauseArgument_3","clauseArgument_4","clauseBody_1","clauseArgument_5","clause_2","+","symbolicConstant_4","=","!","=","!","+","2","=","!","=","!","clauseHead_2","clauseArgument_6","clauseBody_2","clauseArgument_7","clause_3","+","symbolicConstant_5","-2","+","=","!","=","!","=","!","=","!","clauseHead_3","clauseArgument_8","clauseArgument_9","symbolicConstant_6","clauseBody_3","clauseArgument_10","clauseBody_4","clauseArgument_11","clauseArgument_12","clause_4","=","symbolicConstant_7","+","-1","symbolicConstant_8","=","clauseHead_4","clauseArgument_13","clauseArgument_14","clauseBody_5","clauseArgument_15","clause_5","true","clauseHead_5","clauseArgument_16","symbolicConstant_9","clauseArgument_17","symbolicConstant_10","clauseBody_6","clauseArgument_18","clauseArgument_19","clause_6","clauseHead_6","clauseArgument_20","symbolicConstant_11","clauseArgument_21","symbolicConstant_12","clauseBody_7","clauseArgument_22","clauseArgument_23","clause_7",">=","symbolicConstant_13","=","symbolicConstant_14","=","symbolicConstant_15","clauseHead_7","clauseArgument_24","clauseArgument_25","clause_8",">=","symbolicConstant_16","=","symbolicConstant_17","=","symbolicConstant_18","clauseHead_8","clauseArgument_26","clauseArgument_27","clause_9",">=","symbolicConstant_19","=","symbolicConstant_20","+","symbolicConstant_21","=","clauseHead_9","clauseArgument_28","clauseArgument_29","clause_10","clauseHead_10","clauseArgument_30","symbolicConstant_22","clauseArgument_31","symbolicConstant_23","clauseBody_8","clauseArgument_32","clauseArgument_33","clause_11","+","symbolicConstant_24","=","!","=","!","+","=","!","+","=","!","+","3","=","!","=","!",">=","-3",">=","-2147483648",">=","2147483647",">=","symbolicConstant_25","clauseHead_11","clauseArgument_34","clause_12",">=","symbolicConstant_26","=","symbolicConstant_27","+","symbolicConstant_28","=","clauseHead_12","clauseArgument_35","clauseArgument_36","clause_13","+","symbolicConstant_29","+","=","!","=","!","+","=","!","+","=","!","=","!","=","!",">=",">=",">=",">=","symbolicConstant_30","clauseHead_13","clauseArgument_37","symbolicConstant_31","clauseArgument_38","clauseBody_9","clauseArgument_39","clauseArgument_40","clause_14","clauseHead_14","clauseArgument_41","symbolicConstant_32","clauseArgument_42","symbolicConstant_33","clauseBody_10","clauseArgument_43","clauseArgument_44","clause_15","*","symbolicConstant_34","-","symbolicConstant_35","+","=","=","!",">=","clauseHead_15","clauseBody_11","clauseArgument_45","clauseArgument_46","clause_16","*","symbolicConstant_36","-","symbolicConstant_37","+","=","+",">=",">=","clauseHead_16","clauseBody_12","clauseArgument_47","clauseArgument_48","clause_17","*","symbolicConstant_38","=","symbolicConstant_39",">=","clauseHead_17","clauseBody_13","clauseArgument_49","clauseArgument_50"],
"falseIndices":[20],
"initialIndices":[],
"argumentIndices":[1,2,4,6,7,9,10,12,13,15,16,18,19],
"argumentBoundList":[[1,1],[1,1],[1,1],[1,1],[1,1],[1,1],[1,1],[1,1],[1,1],[1,1],[1,1],[1,1],[1,1]],
"argumentBinaryOccurrenceList":[0,0,0,0,0,0,0,0,0,0,0,0,0],
"argumentOccurrence":[0,0,0,0,0,0,0,0,0,0,0,0,0],
"templateIndices":[],
"templateRelevanceLabel":[],
"templateCostLabel":[],
"clauseIndices":[21,32,43,60,82,94,104,113,123,133,144,153,182,193,223,232,246,260],
"guardIndices":[],
"clauseBinaryOccurrenceInCounterExampleList":[0,0,0,0,0,0,0,0,0,0,0,0,0,0,0,0,0,0],
"predictedLabel":[],
"controlLocationIndices":[],
"binaryAdjacentList":[[0,1],[0,2],[0,27],[0,38],[0,105],[1,28],[1,39],[1,80],[1,106],[1,221],[2,29],[2,40],[2,81],[2,108],[2,222],[3,4],[3,56],[3,180],[4,31],[4,42],[4,57],[4,59],[4,78],[4,93],[4,181],[5,6],[5,7],[5,73],[6,74],[6,102],[7,75],[7,103],[8,9],[8,10],[8,89],[8,96],[9,90],[9,97],[9,111],[10,91],[10,99],[10,112],[11,12],[11,13],[11,120],[11,130],[11,145],[12,121],[12,131],[12,146],[12,244],[12,258],[12,268],[13,122],[13,132],[13,148],[13,245],[13,259],[13,269],[14,15],[14,16],[14,141],[14,224],[15,142],[15,151],[15,225],[16,143],[16,152],[16,227],[17,18],[17,19],[17,190],[17,216],[18,191],[18,217],[18,230],[19,192],[19,219],[19,231],[20,242],[20,256],[20,266],[21,27],[22,21],[23,22],[24,22],[24,25],[24,31],[24,48],[24,54],[24,67],[24,71],[24,83],[24,114],[24,118],[24,124],[24,126],[24,134],[24,158],[24,164],[24,170],[24,178],[24,183],[24,185],[24,199],[24,205],[24,209],[24,211],[24,214],[24,241],[24,255],[25,21],[26,25],[27,28],[27,29],[28,26],[29,23],[30,3],[30,21],[31,30],[32,38],[33,32],[34,33],[35,33],[35,36],[35,42],[35,44],[35,46],[35,52],[35,64],[35,65],[35,69],[35,88],[35,116],[35,128],[35,136],[35,140],[35,154],[35,156],[35,161],[35,163],[35,168],[35,196],[35,197],[35,202],[35,204],[35,207],[35,239],[35,252],[35,254],[35,265],[36,32],[37,36],[38,39],[38,40],[39,37],[40,34],[41,3],[41,32],[42,41],[43,56],[44,46],[44,48],[45,44],[45,50],[46,47],[47,43],[48,49],[49,43],[50,52],[50,54],[50,59],[51,50],[51,93],[51,160],[51,189],[51,201],[51,233],[51,247],[51,261],[52,53],[53,43],[54,55],[55,43],[56,57],[57,45],[58,3],[58,43],[59,58],[60,73],[61,64],[61,80],[62,61],[62,69],[62,71],[62,78],[63,61],[64,65],[64,67],[65,66],[66,60],[67,68],[68,60],[69,70],[70,60],[71,72],[72,60],[73,74],[73,75],[74,62],[75,76],[76,81],[77,3],[77,60],[78,77],[79,0],[79,60],[80,79],[81,79],[82,89],[83,82],[84,83],[85,88],[86,85],[86,138],[86,187],[86,238],[87,85],[88,82],[89,90],[89,91],[90,87],[91,84],[92,3],[92,82],[93,92],[94,96],[95,94],[95,104],[95,144],[95,223],[96,97],[96,99],[97,98],[98,102],[99,100],[100,103],[101,5],[101,94],[102,101],[103,101],[104,105],[105,106],[105,108],[106,107],[107,111],[108,109],[109,112],[110,8],[110,104],[111,110],[112,110],[113,120],[114,113],[115,114],[116,113],[117,116],[118,113],[119,118],[120,121],[120,122],[121,117],[122,119],[123,130],[124,123],[125,124],[126,123],[127,126],[128,123],[129,128],[130,131],[130,132],[131,127],[132,129],[133,141],[134,133],[135,134],[136,133],[137,136],[138,140],[139,138],[140,133],[141,142],[141,143],[142,137],[143,139],[144,145],[145,146],[145,148],[146,147],[147,151],[148,149],[149,152],[150,14],[150,144],[151,150],[152,150],[153,180],[154,156],[154,158],[154,163],[155,154],[155,160],[155,166],[155,172],[156,157],[157,153],[158,159],[159,153],[160,161],[161,162],[162,153],[163,164],[164,165],[165,153],[166,168],[166,170],[166,174],[166,176],[167,166],[168,169],[169,153],[170,171],[171,153],[172,153],[173,172],[173,194],[174,153],[175,174],[175,212],[176,153],[177,176],[177,213],[178,153],[179,178],[180,181],[181,155],[182,190],[183,182],[184,183],[185,182],[186,185],[187,189],[188,187],[189,182],[190,191],[190,192],[191,186],[192,188],[193,216],[194,196],[194,201],[194,221],[195,194],[195,207],[195,209],[195,211],[195,212],[195,213],[196,197],[196,199],[196,204],[197,198],[198,193],[199,200],[200,193],[201,202],[202,203],[203,193],[204,205],[205,206],[206,193],[207,208],[208,193],[209,210],[210,193],[211,193],[212,193],[213,193],[214,193],[215,214],[216,217],[216,219],[217,218],[218,222],[219,195],[220,0],[220,193],[221,220],[222,220],[223,224],[224,225],[224,227],[225,226],[226,230],[227,228],[228,231],[229,17],[229,223],[230,229],[231,229],[232,242],[233,237],[234,233],[234,239],[234,241],[234,244],[235,237],[236,235],[236,245],[237,238],[238,232],[239,240],[240,232],[241,232],[241,232],[243,11],[243,232],[244,243],[245,243],[246,256],[247,251],[248,247],[248,253],[248,255],[248,258],[249,251],[249,253],[250,249],[250,259],[251,252],[252,246],[253,254],[254,246],[255,246],[257,11],[257,246],[258,257],[259,257],[260,266],[261,263],[262,261],[262,265],[262,268],[263,260],[264,263],[264,269],[265,260],[267,11],[267,260],[268,267],[269,267]],
"ternaryAdjacencyList":[],
"unknownEdges":[],
"argumentIDList":[0,1,6,4,5,2,3,7,8,9,10,11,12],
"argumentNameList":["<Main: int isOdd(int)>_Block0:argument0","<Main: int isOdd(int)>_Block0:argument1","<Main: int isOdd(int)>_pre:argument0","<Main: int isOdd(int)>_Block14_2:argument0","<Main: int isOdd(int)>_Block14_2:argument1","<Main: int isOdd(int)>_Block10:argument0","<Main: int isOdd(int)>_Block10:argument1","<Main: void main(JayArray_java_lang_String)>_Block18:argument0","<Main: void main(JayArray_java_lang_String)>_Block18:argument1","<Main: void main(JayArray_java_lang_String)>_Block27:argument0","<Main: void main(JayArray_java_lang_String)>_Block27:argument1","<Main: void main(JayArray_java_lang_String)>_Block36:argument0","<Main: void main(JayArray_java_lang_String)>_Block36:argument1"],
"predicateIndices":[0,3,5,8,11,14,17],
"predicateOccurrenceInClause":[5,7,2,3,6,3,3],
"predicateStrongConnectedComponent":[1,1,1,1,0,0,0],
"predicateArgumentEdges":[[0,1],[0,2],[3,4],[5,6],[5,7],[8,9],[8,10],[11,12],[11,13],[14,15],[14,16],[17,18],[17,19]],
"predicateInstanceEdges":[[0,27],[30,3],[0,38],[41,3],[3,56],[58,3],[5,73],[77,3],[79,0],[8,89],[92,3],[8,96],[101,5],[0,105],[110,8],[11,120],[11,130],[14,141],[11,145],[150,14],[3,180],[17,190],[17,216],[220,0],[14,224],[229,17],[20,242],[243,11],[20,256],[257,11],[20,266],[267,11]],
"argumentInstanceEdges":[[1,28],[2,29],[4,31],[1,39],[2,40],[4,42],[4,57],[4,59],[6,74],[7,75],[4,78],[1,80],[2,81],[9,90],[10,91],[4,93],[9,97],[10,99],[6,102],[7,103],[1,106],[2,108],[9,111],[10,112],[12,121],[13,122],[12,131],[13,132],[15,142],[16,143],[12,146],[13,148],[15,151],[16,152],[4,181],[18,191],[19,192],[18,217],[19,219],[1,221],[2,222],[15,225],[16,227],[18,230],[19,231],[12,244],[13,245],[12,258],[13,259],[12,268],[13,269]],
"controlHeadEdges":[[21,27],[32,38],[43,56],[60,73],[82,89],[94,96],[104,105],[113,120],[123,130],[133,141],[144,145],[153,180],[182,190],[193,216],[223,224],[232,242],[246,256],[260,266]],
"controlBodyEdges":[[30,21],[41,32],[58,43],[77,60],[79,60],[92,82],[101,94],[110,104],[150,144],[220,193],[229,223],[243,232],[257,246],[267,260]],
"controlEdges":[],
"controlArgumentEdges":[[27,28],[27,29],[31,30],[38,39],[38,40],[42,41],[56,57],[59,58],[73,74],[73,75],[78,77],[80,79],[81,79],[89,90],[89,91],[93,92],[96,97],[96,99],[102,101],[103,101],[105,106],[105,108],[111,110],[112,110],[120,121],[120,122],[130,131],[130,132],[141,142],[141,143],[145,146],[145,148],[151,150],[152,150],[180,181],[190,191],[190,192],[216,217],[216,219],[221,220],[222,220],[224,225],[224,227],[230,229],[231,229],[244,243],[245,243],[258,257],[259,257],[268,267],[269,267]],
"subTermEdges":[[23,22],[24,22],[26,25],[24,25],[34,33],[35,33],[35,36],[37,36],[45,44],[35,44],[44,46],[35,46],[46,47],[44,48],[24,48],[48,49],[45,50],[51,50],[50,52],[35,52],[52,53],[50,54],[24,54],[54,55],[62,61],[63,61],[61,64],[35,64],[64,65],[35,65],[65,66],[64,67],[24,67],[67,68],[62,69],[35,69],[69,70],[62,71],[24,71],[71,72],[84,83],[24,83],[86,85],[87,85],[35,88],[85,88],[115,114],[24,114],[117,116],[35,116],[119,118],[24,118],[125,124],[24,124],[127,126],[24,126],[129,128],[35,128],[135,134],[24,134],[137,136],[35,136],[86,138],[139,138],[35,140],[138,140],[155,154],[35,154],[154,156],[35,156],[156,157],[154,158],[24,158],[158,159],[155,160],[51,160],[160,161],[35,161],[161,162],[154,163],[35,163],[163,164],[24,164],[164,165],[155,166],[167,166],[166,168],[35,168],[168,169],[166,170],[24,170],[170,171],[155,172],[173,172],[166,174],[175,174],[177,176],[166,176],[179,178],[24,178],[184,183],[24,183],[186,185],[24,185],[86,187],[188,187],[51,189],[187,189],[195,194],[173,194],[194,196],[35,196],[196,197],[35,197],[197,198],[196,199],[24,199],[199,200],[194,201],[51,201],[201,202],[35,202],[202,203],[196,204],[35,204],[204,205],[24,205],[205,206],[195,207],[35,207],[207,208],[195,209],[24,209],[209,210],[195,211],[24,211],[195,212],[175,212],[177,213],[195,213],[215,214],[24,214],[234,233],[51,233],[236,235],[233,237],[235,237],[237,238],[86,238],[234,239],[35,239],[239,240],[234,241],[24,241],[248,247],[51,247],[250,249],[247,251],[249,251],[251,252],[35,252],[248,253],[249,253],[253,254],[35,254],[248,255],[24,255],[262,261],[51,261],[261,263],[264,263],[262,265],[35,265]],
"guardEdges":[[22,21],[25,21],[33,32],[36,32],[47,43],[49,43],[53,43],[55,43],[66,60],[68,60],[70,60],[72,60],[83,82],[88,82],[95,94],[95,104],[114,113],[116,113],[118,113],[124,123],[126,123],[128,123],[134,133],[136,133],[140,133],[95,144],[157,153],[159,153],[162,153],[165,153],[169,153],[171,153],[172,153],[174,153],[176,153],[178,153],[183,182],[185,182],[189,182],[198,193],[200,193],[203,193],[206,193],[208,193],[210,193],[211,193],[212,193],[213,193],[214,193],[95,223],[238,232],[240,232],[241,232],[241,232],[252,246],[254,246],[255,246],[263,260],[265,260]],
"dataEdges":[[28,26],[29,23],[24,31],[39,37],[40,34],[35,42],[57,45],[50,59],[74,62],[75,76],[62,78],[61,80],[76,81],[90,87],[91,84],[51,93],[97,98],[99,100],[98,102],[100,103],[106,107],[108,109],[107,111],[109,112],[121,117],[122,119],[131,127],[132,129],[142,137],[143,139],[146,147],[148,149],[147,151],[149,152],[181,155],[191,186],[192,188],[217,218],[219,195],[194,221],[218,222],[225,226],[227,228],[226,230],[228,231],[234,244],[236,245],[248,258],[250,259],[262,268],[264,269]],
"predicateInstanceHeadEdges":[],
"predicateInstanceBodyEdges":[],
"controlArgumentHeadEdges":[],
"controlArgumentBodyEdges":[],
"guardConstantEdges":[],
"guardOperatorEdges":[],
"guardScEdges":[],
"dataConstantEdges":[],
"dataOperatorEdges":[],
"dataScEdges":[],
"subTermConstantOperatorEdges":[],
"subTermOperatorOperatorEdges":[],
"subTermScOperatorEdges":[],
"dummyFiled":[]
}