{
"nodeIds":[0,1,2,3,4,5,6,7,8,9,10,11,12,13,14,15,16,17,18,19,20,21,22,23,24,25,26,27,28,29,30,31,32,33,34,35,36,37,38,39,40,41,42,43,44,45,46,47,48,49,50,51,52,53,54,55,56,57,58,59,60,61,62,63,64,65,66,67,68,69,70,71,72,73,74,75,76,77,78,79,80,81,82,83,84,85,86,87,88,89,90,91,92,93,94,95,96,97,98,99,100,101,102,103,104,105,106,107,108,109,110,111,112,113,114,115,116,117,118,119,120,121,122,123,124,125,126,127,128,129,130,131,132,133,134,135,136,137,138,139,140,141],
"nodeSymbolList":["dummy","Initial","CONTROL_0","predicateArgument_0","CONTROL_1","predicateArgument_1","predicateArgument_2","predicateArgument_3","predicateArgument_4","predicateArgument_5","CONTROL_2","predicateArgument_6","predicateArgument_7","predicateArgument_8","predicateArgument_9","predicateArgument_10","=","0","=","=","=","guard_0","=","=","guard_1","CONTROL_3","predicateArgument_11","predicateArgument_12","predicateArgument_13","predicateArgument_14","predicateArgument_15","=","!","=","=","=","guard_2","=","=","guard_3","CONTROL_4","predicateArgument_16","predicateArgument_17","predicateArgument_18","predicateArgument_19","predicateArgument_20","=","!","=","=","=","guard_4","=","guard_5","CONTROL_5","predicateArgument_21","predicateArgument_22","predicateArgument_23","predicateArgument_24","predicateArgument_25","=","!","=","=","guard_6","=","guard_7","CONTROL_6","predicateArgument_26","predicateArgument_27","predicateArgument_28","predicateArgument_29","predicateArgument_30","=","!","=","=","guard_8","=","guard_9","CONTROL_7","predicateArgument_31","predicateArgument_32","predicateArgument_33","predicateArgument_34","predicateArgument_35","=","!","=","!","=","guard_10","=","guard_11","CONTROL_8","predicateArgument_36","predicateArgument_37","predicateArgument_38","predicateArgument_39","predicateArgument_40","=","!","=","!","=","guard_12","true","guard_13","CONTROL_9","predicateArgument_41","predicateArgument_42","predicateArgument_43","predicateArgument_44","predicateArgument_45","=","!","=","!","guard_14","guard_15","false","guard_16","4","3","449","guard_17","CONTROL_10","=","!","guard_18","=","=","guard_19","=","!","=","guard_20","=","!","guard_21","FALSE","guard_22"],
"falseIndices":[140],
"initialIndices":[1],
"argumentIndices":[3,5,6,7,8,9,11,12,13,14,15,26,27,28,29,30,41,42,43,44,45,55,56,57,58,59,68,69,70,71,72,81,82,83,84,85,95,96,97,98,99,109,110,111,112,113],
"argumentBoundList":[["None","None"],["None","None"],["None","None"],["None","None"],["None","None"],["None","None"],["None","None"],["None","None"],["None","None"],["None","None"],["None","None"],["None","None"],["None","None"],["None","None"],["None","None"],["None","None"],["None","None"],["None","None"],["None","None"],["None","None"],["None","None"],["None","None"],["None","None"],["None","None"],["None","None"],["None","None"],["None","None"],["None","None"],["None","None"],["None","None"],["None","None"],["None","None"],["None","None"],["None","None"],["None","None"],["None","None"],["None","None"],["None","None"],["None","None"],["None","None"],["None","None"],["None","None"],["None","None"],["None","None"],["None","None"],["None","None"]],
"argumentBinaryOccurrenceList":[0,0,0,0,0,0,0,0,0,0,0,0,0,0,0,0,0,0,0,0,0,0,0,0,0,0,0,0,0,0,0,0,0,0,0,0,0,0,0,0,0,0,0,0,0,0],
"argumentOccurrence":[0,0,0,0,0,0,0,0,0,0,0,0,0,0,0,0,0,0,0,0,0,0,0,0,0,0,0,0,0,0,0,0,0,0,0,0,0,0,0,0,0,0,0,0,0,0],
"templateIndices":[],
"templateRelevanceLabel":[],
"templateCostLabel":[],
"clauseIndices":[],
"guardIndices":[21,24,36,39,51,53,64,66,77,79,91,93,105,107,118,119,121,125,129,132,136,139,141],
"clauseBinaryOccurrenceInCounterExampleList":[0,0,0,0,0,0,0,0,1,1,1,1,0,0,0,0,0,1,0,0,0,1,1],
"predictedLabel":[],
"controlLocationIndices":[2,4,10,25,40,54,67,80,94,108,126],
"binaryAdjacentList":[[3,2],[3,137],[5,4],[5,16],[5,22],[5,33],[5,37],[5,46],[5,75],[5,78],[5,90],[5,92],[5,100],[5,127],[5,130],[5,133],[6,4],[6,18],[6,23],[6,34],[6,38],[6,48],[6,52],[6,62],[6,65],[6,131],[6,135],[7,4],[8,4],[9,4],[11,10],[11,19],[12,10],[12,20],[13,10],[14,10],[15,10],[16,21],[17,16],[17,18],[17,19],[17,20],[17,22],[17,23],[17,31],[17,33],[17,34],[17,35],[17,37],[17,38],[17,46],[17,48],[17,49],[17,50],[17,52],[17,60],[17,62],[17,63],[17,65],[17,73],[17,75],[17,76],[17,78],[17,86],[17,88],[17,90],[17,92],[17,100],[17,102],[17,104],[17,114],[17,116],[17,127],[17,130],[17,131],[17,133],[17,135],[17,137],[18,21],[19,21],[20,21],[22,24],[23,24],[26,25],[26,31],[27,25],[27,35],[28,25],[29,25],[30,25],[31,32],[32,36],[33,36],[34,36],[35,36],[37,39],[38,39],[41,40],[41,49],[42,40],[42,50],[43,40],[44,40],[45,40],[46,47],[47,51],[48,51],[49,51],[50,51],[52,53],[55,54],[55,60],[56,54],[56,63],[57,54],[58,54],[59,54],[60,61],[61,64],[61,64],[62,64],[63,64],[65,66],[68,67],[68,76],[69,67],[69,73],[70,67],[71,67],[72,67],[73,74],[74,77],[75,77],[76,77],[78,79],[81,80],[81,86],[82,80],[82,88],[83,80],[84,80],[85,80],[86,87],[87,91],[88,89],[89,91],[90,91],[92,93],[95,94],[95,104],[96,94],[96,102],[97,94],[98,94],[99,94],[100,101],[101,105],[102,103],[103,105],[104,105],[106,107],[106,119],[106,125],[106,141],[109,108],[109,114],[110,108],[110,116],[111,108],[112,108],[113,108],[114,115],[115,118],[115,118],[116,117],[117,118],[120,121],[127,128],[128,129],[130,132],[131,132],[133,134],[134,136],[135,136],[137,138],[138,139]],
"ternaryAdjacencyList":[[4,21,2],[10,21,2],[4,24,10],[17,24,11],[17,24,12],[7,24,13],[8,24,14],[9,24,15],[4,36,2],[25,36,2],[4,39,25],[17,39,27],[7,39,28],[8,39,29],[9,39,30],[4,51,2],[40,51,2],[4,53,40],[17,53,41],[17,53,42],[7,53,43],[8,53,44],[9,53,45],[4,64,2],[54,64,2],[4,66,54],[17,66,56],[7,66,57],[8,66,58],[9,66,59],[4,77,2],[67,77,2],[4,79,67],[17,79,68],[6,79,69],[7,79,70],[8,79,71],[9,79,72],[4,91,2],[80,91,2],[4,93,80],[6,93,82],[7,93,83],[8,93,84],[9,93,85],[4,105,2],[94,105,2],[4,107,94],[17,107,95],[6,107,96],[7,107,97],[8,107,98],[9,107,99],[4,118,2],[108,118,2],[4,119,108],[6,119,110],[7,119,111],[8,119,112],[9,119,113],[1,121,4],[1,125,4],[17,125,5],[122,125,6],[123,125,7],[124,125,8],[122,125,9],[4,129,126],[4,132,126],[4,136,126],[2,139,126],[126,141,140]],
"unknownEdges":[],
"argumentIDList":[0,1,2,3,4,5,6,7,8,9,10,11,12,13,14,15,16,17,18,19,20,21,22,23,24,25,26,27,28,29,30,31,32,33,34,35,36,37,38,39,40,41,42,43,44,45],
"argumentNameList":["<Main: void main(JayArray_java_lang_String)>_Block1_11:argument0","<org.sosy_lab.sv_benchmarks.Verifier: java.lang.String nondetString()>_Block0:argument0","<org.sosy_lab.sv_benchmarks.Verifier: java.lang.String nondetString()>_Block0:argument1","<org.sosy_lab.sv_benchmarks.Verifier: java.lang.String nondetString()>_Block0:argument2","<org.sosy_lab.sv_benchmarks.Verifier: java.lang.String nondetString()>_Block0:argument3","<org.sosy_lab.sv_benchmarks.Verifier: java.lang.String nondetString()>_Block0:argument4","<org.sosy_lab.sv_benchmarks.Verifier: java.lang.String nondetString()>_Block0_0_1:argument0","<org.sosy_lab.sv_benchmarks.Verifier: java.lang.String nondetString()>_Block0_0_1:argument1","<org.sosy_lab.sv_benchmarks.Verifier: java.lang.String nondetString()>_Block0_0_1:argument2","<org.sosy_lab.sv_benchmarks.Verifier: java.lang.String nondetString()>_Block0_0_1:argument3","<org.sosy_lab.sv_benchmarks.Verifier: java.lang.String nondetString()>_Block0_0_1:argument4","<org.sosy_lab.sv_benchmarks.Verifier: java.lang.String nondetString()>_Block0_1_1:argument0","<org.sosy_lab.sv_benchmarks.Verifier: java.lang.String nondetString()>_Block0_1_1:argument1","<org.sosy_lab.sv_benchmarks.Verifier: java.lang.String nondetString()>_Block0_1_1:argument2","<org.sosy_lab.sv_benchmarks.Verifier: java.lang.String nondetString()>_Block0_1_1:argument3","<org.sosy_lab.sv_benchmarks.Verifier: java.lang.String nondetString()>_Block0_1_1:argument4","<org.sosy_lab.sv_benchmarks.Verifier: java.lang.String nondetString()>_Block0_2_1:argument0","<org.sosy_lab.sv_benchmarks.Verifier: java.lang.String nondetString()>_Block0_2_1:argument1","<org.sosy_lab.sv_benchmarks.Verifier: java.lang.String nondetString()>_Block0_2_1:argument2","<org.sosy_lab.sv_benchmarks.Verifier: java.lang.String nondetString()>_Block0_2_1:argument3","<org.sosy_lab.sv_benchmarks.Verifier: java.lang.String nondetString()>_Block0_2_1:argument4","<org.sosy_lab.sv_benchmarks.Verifier: java.lang.String nondetString()>_Block0_3_1:argument0","<org.sosy_lab.sv_benchmarks.Verifier: java.lang.String nondetString()>_Block0_3_1:argument1","<org.sosy_lab.sv_benchmarks.Verifier: java.lang.String nondetString()>_Block0_3_1:argument2","<org.sosy_lab.sv_benchmarks.Verifier: java.lang.String nondetString()>_Block0_3_1:argument3","<org.sosy_lab.sv_benchmarks.Verifier: java.lang.String nondetString()>_Block0_3_1:argument4","<org.sosy_lab.sv_benchmarks.Verifier: java.lang.String nondetString()>_Block0_4_1:argument0","<org.sosy_lab.sv_benchmarks.Verifier: java.lang.String nondetString()>_Block0_4_1:argument1","<org.sosy_lab.sv_benchmarks.Verifier: java.lang.String nondetString()>_Block0_4_1:argument2","<org.sosy_lab.sv_benchmarks.Verifier: java.lang.String nondetString()>_Block0_4_1:argument3","<org.sosy_lab.sv_benchmarks.Verifier: java.lang.String nondetString()>_Block0_4_1:argument4","<org.sosy_lab.sv_benchmarks.Verifier: java.lang.String nondetString()>_Block0_5_1:argument0","<org.sosy_lab.sv_benchmarks.Verifier: java.lang.String nondetString()>_Block0_5_1:argument1","<org.sosy_lab.sv_benchmarks.Verifier: java.lang.String nondetString()>_Block0_5_1:argument2","<org.sosy_lab.sv_benchmarks.Verifier: java.lang.String nondetString()>_Block0_5_1:argument3","<org.sosy_lab.sv_benchmarks.Verifier: java.lang.String nondetString()>_Block0_5_1:argument4","<org.sosy_lab.sv_benchmarks.Verifier: java.lang.String nondetString()>_Block0_6_1:argument0","<org.sosy_lab.sv_benchmarks.Verifier: java.lang.String nondetString()>_Block0_6_1:argument1","<org.sosy_lab.sv_benchmarks.Verifier: java.lang.String nondetString()>_Block0_6_1:argument2","<org.sosy_lab.sv_benchmarks.Verifier: java.lang.String nondetString()>_Block0_6_1:argument3","<org.sosy_lab.sv_benchmarks.Verifier: java.lang.String nondetString()>_Block0_6_1:argument4","<org.sosy_lab.sv_benchmarks.Verifier: java.lang.String nondetString()>_Block0_7_1:argument0","<org.sosy_lab.sv_benchmarks.Verifier: java.lang.String nondetString()>_Block0_7_1:argument1","<org.sosy_lab.sv_benchmarks.Verifier: java.lang.String nondetString()>_Block0_7_1:argument2","<org.sosy_lab.sv_benchmarks.Verifier: java.lang.String nondetString()>_Block0_7_1:argument3","<org.sosy_lab.sv_benchmarks.Verifier: java.lang.String nondetString()>_Block0_7_1:argument4"],
"predicateIndices":[2,4,10,25,40,54,67,80,94,108,126],
"predicateOccurrenceInClause":[9,21,2,2,2,2,2,2,2,2,5],
"predicateStrongConnectedComponent":[0,0,0,0,0,0,0,0,0,0,0],
"argumentEdges":[[3,2],[5,4],[6,4],[7,4],[8,4],[9,4],[11,10],[12,10],[13,10],[14,10],[15,10],[26,25],[27,25],[28,25],[29,25],[30,25],[41,40],[42,40],[43,40],[44,40],[45,40],[55,54],[56,54],[57,54],[58,54],[59,54],[68,67],[69,67],[70,67],[71,67],[72,67],[81,80],[82,80],[83,80],[84,80],[85,80],[95,94],[96,94],[97,94],[98,94],[99,94],[109,108],[110,108],[111,108],[112,108],[113,108]],
"guardASTEdges":[[16,21],[18,21],[19,21],[20,21],[22,24],[23,24],[32,36],[33,36],[34,36],[35,36],[37,39],[38,39],[47,51],[48,51],[49,51],[50,51],[52,53],[61,64],[61,64],[62,64],[63,64],[65,66],[74,77],[75,77],[76,77],[78,79],[87,91],[89,91],[90,91],[92,93],[101,105],[103,105],[104,105],[106,107],[115,118],[115,118],[117,118],[106,119],[120,121],[106,125],[128,129],[130,132],[131,132],[134,136],[135,136],[138,139],[106,141]],
"ASTEdges":[],
"AST_1Edges":[[5,16],[6,18],[11,19],[12,20],[5,22],[6,23],[26,31],[31,32],[5,33],[6,34],[27,35],[5,37],[6,38],[5,46],[46,47],[6,48],[41,49],[42,50],[6,52],[55,60],[60,61],[6,62],[56,63],[6,65],[69,73],[73,74],[5,75],[68,76],[5,78],[81,86],[86,87],[82,88],[88,89],[5,90],[5,92],[5,100],[100,101],[96,102],[102,103],[95,104],[109,114],[114,115],[110,116],[116,117],[5,127],[127,128],[5,130],[6,131],[5,133],[133,134],[6,135],[3,137],[137,138]],
"AST_2Edges":[[17,16],[17,18],[17,19],[17,20],[17,22],[17,23],[17,31],[17,33],[17,34],[17,35],[17,37],[17,38],[17,46],[17,48],[17,49],[17,50],[17,52],[17,60],[17,62],[17,63],[17,65],[17,73],[17,75],[17,76],[17,78],[17,86],[17,88],[17,90],[17,92],[17,100],[17,102],[17,104],[17,114],[17,116],[17,127],[17,130],[17,131],[17,133],[17,135],[17,137]],
"templateASTEdges":[],
"templateEdges":[],
"verifHintTplPredEdges":[],
"verifHintTplPredPosNegEdges":[],
"verifHintTplEqTermEdges":[],
"verifHintTplInEqTermEdges":[],
"verifHintTplInEqTermPosNegEdges":[],
"dataFlowASTEdges":[],
"controlFlowHyperEdges":[[4,21,2],[10,21,2],[4,24,10],[4,36,2],[25,36,2],[4,39,25],[4,51,2],[40,51,2],[4,53,40],[4,64,2],[54,64,2],[4,66,54],[4,77,2],[67,77,2],[4,79,67],[4,91,2],[80,91,2],[4,93,80],[4,105,2],[94,105,2],[4,107,94],[4,118,2],[108,118,2],[4,119,108],[1,121,4],[1,125,4],[4,129,126],[4,132,126],[4,136,126],[2,139,126],[126,141,140]],
"dataFlowHyperEdges":[[17,24,11],[17,24,12],[7,24,13],[8,24,14],[9,24,15],[17,39,27],[7,39,28],[8,39,29],[9,39,30],[17,53,41],[17,53,42],[7,53,43],[8,53,44],[9,53,45],[17,66,56],[7,66,57],[8,66,58],[9,66,59],[17,79,68],[6,79,69],[7,79,70],[8,79,71],[9,79,72],[6,93,82],[7,93,83],[8,93,84],[9,93,85],[17,107,95],[6,107,96],[7,107,97],[8,107,98],[9,107,99],[6,119,110],[7,119,111],[8,119,112],[9,119,113],[17,125,5],[122,125,6],[123,125,7],[124,125,8],[122,125,9]],
"controlLocationEdgeForSCC":[],
"predicateTransitiveEdges":[],
"dummyFiled":[]
}