{
"nodeIds":[0,1,2,3,4,5,6,7,8,9,10,11,12,13,14,15,16,17,18,19,20,21,22,23,24,25,26,27,28,29,30,31,32,33,34,35,36,37,38,39,40,41,42,43,44,45,46,47,48,49,50,51,52,53,54,55,56,57,58,59,60,61,62,63,64,65,66,67,68,69,70,71,72,73,74,75,76,77,78,79,80,81,82,83,84,85,86,87,88,89,90,91,92,93,94,95,96,97,98,99,100,101,102,103,104,105,106,107,108,109,110,111,112,113,114,115,116,117,118,119,120,121,122,123,124,125,126,127,128,129,130,131,132,133,134,135,136,137,138,139,140,141,142,143,144,145,146,147,148,149,150,151,152,153,154,155,156,157,158,159,160,161,162,163,164,165,166,167,168,169,170,171,172,173,174,175,176,177,178,179,180,181,182,183,184,185,186,187,188,189,190,191,192,193,194,195,196,197,198,199,200,201,202,203,204,205,206,207,208,209,210,211,212,213,214,215,216,217,218,219,220,221,222,223,224,225,226,227,228,229,230,231,232,233,234,235,236,237,238,239,240,241,242,243,244,245,246,247,248,249,250,251,252,253,254,255,256,257,258,259,260,261,262,263,264,265],
"nodeSymbolList":["predicateName_0","predicateArgument_0","predicateName_1","predicateArgument_1","predicateArgument_2","predicateArgument_3","predicateArgument_4","predicateArgument_5","predicateArgument_6","predicateName_2","predicateArgument_7","predicateArgument_8","predicateName_3","predicateArgument_9","predicateArgument_10","predicateName_4","FALSE","clause_0",">=","symbolicConstant_0","0",">=","symbolicConstant_1",">=","symbolicConstant_2",">=","symbolicConstant_3","clauseHead_0","clauseArgument_0","symbolicConstant_4","clauseBody_0","clauseArgument_1","2","clauseArgument_2","clauseArgument_3","symbolicConstant_5","clauseArgument_4","symbolicConstant_6","clauseArgument_5","symbolicConstant_7","clauseArgument_6","clauseBody_1","clauseArgument_7","clauseArgument_8","clauseArgument_9","clauseArgument_10","clauseArgument_11","clauseArgument_12","clause_1","=","symbolicConstant_8","!",">=","symbolicConstant_9",">=","symbolicConstant_10",">=","symbolicConstant_11",">=","symbolicConstant_12","clauseHead_1","clauseArgument_13","symbolicConstant_13","clauseBody_2","clauseArgument_14","clauseArgument_15","clauseArgument_16","symbolicConstant_14","clauseArgument_17","symbolicConstant_15","clauseArgument_18","symbolicConstant_16","clauseArgument_19","clauseBody_3","clauseArgument_20","clauseArgument_21","clauseArgument_22","clauseArgument_23","clauseArgument_24","clauseArgument_25","clause_2","=","symbolicConstant_17","!",">=","symbolicConstant_18",">=","symbolicConstant_19",">=","symbolicConstant_20",">=","symbolicConstant_21","clauseHead_2","clauseArgument_26","symbolicConstant_22","clauseBody_4","clauseArgument_27","clauseArgument_28","clauseArgument_29","symbolicConstant_23","clauseArgument_30","symbolicConstant_24","clauseArgument_31","symbolicConstant_25","clauseArgument_32","clauseBody_5","clauseArgument_33","clauseArgument_34","clauseArgument_35","clauseArgument_36","clauseArgument_37","clauseArgument_38","clause_3","=","symbolicConstant_26","!",">=","symbolicConstant_27",">=","symbolicConstant_28",">=","symbolicConstant_29",">=","symbolicConstant_30","clauseHead_3","clauseArgument_39","symbolicConstant_31","clauseBody_6","clauseArgument_40","clauseArgument_41","clauseArgument_42","symbolicConstant_32","clauseArgument_43","symbolicConstant_33","clauseArgument_44","symbolicConstant_34","clauseArgument_45","clauseBody_7","clauseArgument_46","clauseArgument_47","clauseArgument_48","clauseArgument_49","clauseArgument_50","clauseArgument_51","clause_4","true","clauseHead_4","clauseArgument_52","symbolicConstant_35","clauseArgument_53","symbolicConstant_36","clauseBody_8","clauseArgument_54","clauseBody_9","clauseArgument_55","clause_5","clauseHead_5","clauseArgument_56","symbolicConstant_37","clauseArgument_57","symbolicConstant_38","clauseBody_10","clauseArgument_58","clauseArgument_59","symbolicConstant_39","clauseBody_11","clauseArgument_60","symbolicConstant_40","clauseArgument_61","clause_6",">=","-1","symbolicConstant_41","!",">=","symbolicConstant_42",">=","symbolicConstant_43",">=","=","symbolicConstant_44","=","symbolicConstant_45","=","=","4","+","1","+","=","+","symbolicConstant_46","+","=","clauseHead_6","clauseArgument_62","clauseArgument_63","clauseArgument_64","clauseArgument_65","clauseArgument_66","clauseArgument_67","clause_7",">=","symbolicConstant_47","!",">=","symbolicConstant_48",">=","symbolicConstant_49",">=","symbolicConstant_50","=","symbolicConstant_51","=","5","=","symbolicConstant_52","3","=","symbolicConstant_53","496","+","+","=","+","=","clauseHead_7","clauseArgument_68","clauseArgument_69","clauseArgument_70","clauseArgument_71","clauseArgument_72","clauseArgument_73","clause_8","=","symbolicConstant_54","!",">=","symbolicConstant_55",">=","symbolicConstant_56",">=","symbolicConstant_57","clauseHead_8","clauseBody_12","clauseArgument_74","clauseArgument_75","clauseArgument_76","symbolicConstant_58","clauseArgument_77","symbolicConstant_59","clauseArgument_78","clauseArgument_79","symbolicConstant_60","clause_9","=","symbolicConstant_61","symbolicConstant_62","!","clauseHead_9","clauseBody_13","clauseArgument_80","clauseArgument_81","clause_10","clauseHead_10","clauseBody_14"],
"falseIndices":[16],
"initialIndices":[],
"argumentIndices":[1,3,4,5,6,7,8,10,11,13,14],
"argumentBoundList":[[1,1],[1,1],[1,1],[1,1],[1,1],[1,1],[1,1],[0,0],[1,1],[0,0],[0,0]],
"argumentBinaryOccurrenceList":[0,0,0,0,0,0,0,0,0,0,0],
"argumentOccurrence":[0,0,0,0,0,0,0,0,0,0,0],
"templateIndices":[],
"templateRelevanceLabel":[],
"templateCostLabel":[],
"clauseIndices":[17,48,80,112,144,155,169,201,233,254,263],
"guardIndices":[],
"clauseBinaryOccurrenceInCounterExampleList":[0,0,0,0,0,0,0,0,0,0,0],
"predictedLabel":[],
"controlLocationIndices":[],
"binaryAdjacentList":[[0,1],[0,27],[0,60],[0,92],[0,124],[1,28],[1,61],[1,93],[1,125],[1,152],[1,154],[2,3],[2,4],[2,5],[2,6],[2,7],[2,8],[2,194],[2,226],[3,31],[3,42],[3,64],[3,74],[3,96],[3,106],[3,128],[3,138],[3,195],[3,227],[3,245],[4,33],[4,43],[4,65],[4,75],[4,97],[4,107],[4,129],[4,139],[4,196],[4,228],[4,246],[5,34],[5,44],[5,66],[5,76],[5,98],[5,108],[5,130],[5,140],[5,197],[5,229],[5,247],[6,36],[6,45],[6,68],[6,77],[6,100],[6,109],[6,132],[6,141],[6,198],[6,230],[6,249],[7,38],[7,46],[7,70],[7,78],[7,102],[7,110],[7,134],[7,142],[7,199],[7,231],[7,251],[8,40],[8,47],[8,72],[8,79],[8,104],[8,111],[8,136],[8,143],[8,200],[8,232],[8,252],[9,10],[9,11],[9,146],[10,147],[10,162],[10,166],[11,149],[11,163],[11,168],[12,13],[12,14],[12,156],[13,157],[13,261],[14,159],[14,262],[15,243],[15,259],[16,264],[17,27],[18,17],[18,17],[18,17],[18,17],[19,18],[20,18],[20,21],[20,23],[20,25],[20,33],[20,43],[20,49],[20,52],[20,54],[20,56],[20,58],[20,65],[20,81],[20,84],[20,86],[20,88],[20,90],[20,107],[20,113],[20,116],[20,118],[20,120],[20,122],[20,174],[20,176],[20,178],[20,179],[20,181],[20,183],[20,205],[20,207],[20,209],[20,211],[20,234],[20,237],[20,239],[20,241],[21,17],[21,17],[22,21],[23,17],[24,23],[25,17],[26,25],[27,28],[28,29],[29,40],[29,47],[30,2],[30,17],[31,30],[32,31],[32,42],[32,64],[32,74],[32,96],[32,106],[32,128],[32,138],[32,189],[32,193],[32,223],[32,245],[33,30],[34,30],[35,34],[35,44],[36,30],[37,36],[37,45],[38,30],[39,38],[39,46],[40,30],[41,2],[41,17],[42,41],[43,41],[44,41],[45,41],[46,41],[47,41],[48,60],[49,51],[50,49],[50,75],[51,48],[52,48],[52,48],[52,48],[52,48],[53,52],[54,48],[54,48],[55,54],[56,48],[57,56],[58,48],[59,58],[60,61],[61,62],[62,72],[62,79],[63,2],[63,48],[64,63],[65,63],[66,63],[67,66],[67,76],[68,63],[69,68],[69,77],[70,63],[71,70],[71,78],[72,63],[73,2],[73,48],[74,73],[75,73],[76,73],[77,73],[78,73],[79,73],[80,92],[81,83],[82,81],[82,97],[83,80],[84,80],[84,80],[84,80],[84,80],[85,84],[86,80],[86,80],[87,86],[88,80],[89,88],[90,80],[91,90],[92,93],[93,94],[94,104],[94,111],[95,2],[95,80],[96,95],[97,95],[98,95],[99,98],[99,108],[100,95],[101,100],[101,109],[102,95],[103,102],[103,110],[104,95],[105,2],[105,80],[106,105],[107,105],[108,105],[109,105],[110,105],[111,105],[112,124],[113,115],[114,113],[114,129],[114,139],[115,112],[115,112],[116,112],[116,112],[116,112],[116,112],[117,116],[118,112],[118,112],[119,118],[120,112],[121,120],[122,112],[123,122],[124,125],[125,126],[126,136],[126,143],[127,2],[127,112],[128,127],[129,127],[130,127],[131,130],[131,140],[132,127],[133,132],[133,141],[134,127],[135,134],[135,142],[136,127],[137,2],[137,112],[138,137],[139,137],[140,137],[141,137],[142,137],[143,137],[144,146],[145,144],[145,144],[145,155],[145,155],[145,263],[146,147],[146,149],[147,148],[149,150],[150,152],[150,154],[151,0],[151,144],[152,151],[153,0],[153,144],[154,153],[155,156],[156,157],[156,159],[157,158],[158,162],[159,160],[161,9],[161,155],[162,161],[163,161],[164,163],[164,168],[165,9],[165,155],[166,165],[167,166],[168,165],[169,194],[170,169],[170,169],[170,173],[171,170],[171,188],[171,190],[171,192],[171,202],[171,222],[171,224],[172,170],[172,178],[172,186],[173,169],[173,169],[174,169],[174,169],[174,169],[174,169],[174,169],[174,169],[174,169],[174,169],[175,174],[175,183],[176,169],[176,169],[176,169],[176,169],[176,169],[176,169],[176,169],[176,169],[176,169],[176,169],[176,169],[176,169],[176,169],[176,169],[176,169],[176,169],[177,176],[177,184],[178,169],[178,169],[178,169],[178,169],[178,169],[178,169],[178,169],[178,169],[179,169],[180,179],[181,169],[182,181],[183,169],[184,169],[185,184],[185,225],[186,188],[187,186],[187,221],[188,189],[189,169],[190,192],[191,190],[192,193],[193,169],[194,195],[194,196],[194,197],[194,198],[194,199],[194,200],[195,172],[196,191],[197,175],[198,182],[199,180],[200,177],[201,226],[202,204],[203,202],[203,224],[204,201],[204,201],[204,201],[204,201],[204,201],[204,201],[204,201],[204,201],[204,201],[204,201],[204,201],[204,201],[204,201],[204,201],[204,201],[204,201],[205,201],[205,201],[205,201],[205,201],[205,201],[205,201],[205,201],[205,201],[205,201],[205,201],[205,201],[205,201],[205,201],[205,201],[205,201],[205,201],[205,201],[205,201],[205,201],[205,201],[205,201],[205,201],[205,201],[205,201],[205,201],[205,201],[205,201],[205,201],[205,201],[205,201],[205,201],[205,201],[206,205],[207,201],[207,201],[207,201],[207,201],[207,201],[207,201],[207,201],[207,201],[207,201],[207,201],[207,201],[207,201],[207,201],[207,201],[207,201],[207,201],[207,201],[207,201],[207,201],[207,201],[207,201],[207,201],[207,201],[207,201],[207,201],[207,201],[207,201],[207,201],[207,201],[207,201],[207,201],[207,201],[207,201],[207,201],[207,201],[207,201],[207,201],[207,201],[207,201],[207,201],[207,201],[207,201],[207,201],[207,201],[207,201],[207,201],[207,201],[207,201],[207,201],[207,201],[207,201],[207,201],[207,201],[207,201],[207,201],[207,201],[207,201],[207,201],[207,201],[207,201],[207,201],[207,201],[207,201],[207,201],[208,207],[208,221],[209,201],[209,201],[209,201],[209,201],[209,201],[209,201],[209,201],[209,201],[209,201],[209,201],[209,201],[209,201],[209,201],[209,201],[209,201],[209,201],[209,201],[209,201],[209,201],[209,201],[209,201],[209,201],[209,201],[209,201],[209,201],[209,201],[209,201],[209,201],[209,201],[209,201],[209,201],[209,201],[210,209],[210,213],[211,201],[212,211],[213,201],[214,213],[215,201],[216,215],[217,215],[218,201],[219,218],[220,218],[221,222],[222,223],[223,201],[224,225],[225,201],[226,227],[226,228],[226,229],[226,230],[226,231],[226,232],[227,208],[228,212],[229,203],[230,216],[231,219],[232,210],[233,243],[234,236],[235,234],[235,246],[235,251],[236,233],[237,233],[237,233],[238,237],[239,233],[240,239],[241,233],[242,241],[244,2],[244,233],[245,244],[246,244],[247,244],[248,247],[249,244],[250,249],[251,244],[252,244],[253,252],[254,259],[255,258],[256,255],[256,261],[257,255],[257,262],[258,254],[260,12],[260,254],[261,260],[262,260],[263,264],[265,15],[265,263]],
"ternaryAdjacencyList":[],
"unknownEdges":[],
"argumentIDList":[0,5,6,7,8,9,10,1,2,3,4],
"argumentNameList":["<Main: void main(JayArray_java_lang_String)>_Block1_11:argument0","<org.sosy_lab.sv_benchmarks.Verifier: java.lang.String nondetString()>_Block0:argument0","<org.sosy_lab.sv_benchmarks.Verifier: java.lang.String nondetString()>_Block0:argument1","<org.sosy_lab.sv_benchmarks.Verifier: java.lang.String nondetString()>_Block0:argument2","<org.sosy_lab.sv_benchmarks.Verifier: java.lang.String nondetString()>_Block0:argument3","<org.sosy_lab.sv_benchmarks.Verifier: java.lang.String nondetString()>_Block0:argument4","<org.sosy_lab.sv_benchmarks.Verifier: java.lang.String nondetString()>_Block0:argument5","<Main: void main(JayArray_java_lang_String)>_Block1_14:argument0","<Main: void main(JayArray_java_lang_String)>_Block1_14:argument1","<Main: void main(JayArray_java_lang_String)>_Block1_17:argument0","<Main: void main(JayArray_java_lang_String)>_Block1_17:argument1"],
"predicateIndices":[0,2,9,12,15],
"predicateOccurrenceInClause":[6,11,3,2,3],
"predicateStrongConnectedComponent":[0,0,0,0,0],
"predicateArgumentEdges":[[0,1],[2,3],[2,4],[2,5],[2,6],[2,7],[2,8],[9,10],[9,11],[12,13],[12,14]],
"predicateInstanceEdges":[[0,27],[30,2],[41,2],[0,60],[63,2],[73,2],[0,92],[95,2],[105,2],[0,124],[127,2],[137,2],[9,146],[151,0],[153,0],[12,156],[161,9],[165,9],[2,194],[2,226],[15,243],[244,2],[15,259],[260,12],[16,264],[265,15]],
"argumentInstanceEdges":[[1,28],[3,31],[4,33],[5,34],[6,36],[7,38],[8,40],[3,42],[4,43],[5,44],[6,45],[7,46],[8,47],[1,61],[3,64],[4,65],[5,66],[6,68],[7,70],[8,72],[3,74],[4,75],[5,76],[6,77],[7,78],[8,79],[1,93],[3,96],[4,97],[5,98],[6,100],[7,102],[8,104],[3,106],[4,107],[5,108],[6,109],[7,110],[8,111],[1,125],[3,128],[4,129],[5,130],[6,132],[7,134],[8,136],[3,138],[4,139],[5,140],[6,141],[7,142],[8,143],[10,147],[11,149],[1,152],[1,154],[13,157],[14,159],[10,162],[11,163],[10,166],[11,168],[3,195],[4,196],[5,197],[6,198],[7,199],[8,200],[3,227],[4,228],[5,229],[6,230],[7,231],[8,232],[3,245],[4,246],[5,247],[6,249],[7,251],[8,252],[13,261],[14,262]],
"controlHeadEdges":[[17,27],[48,60],[80,92],[112,124],[144,146],[155,156],[169,194],[201,226],[233,243],[254,259],[263,264]],
"controlBodyEdges":[[30,17],[41,17],[63,48],[73,48],[95,80],[105,80],[127,112],[137,112],[151,144],[153,144],[161,155],[165,155],[244,233],[260,254],[265,263]],
"controlEdges":[],
"controlArgumentEdges":[[27,28],[31,30],[33,30],[34,30],[36,30],[38,30],[40,30],[42,41],[43,41],[44,41],[45,41],[46,41],[47,41],[60,61],[64,63],[65,63],[66,63],[68,63],[70,63],[72,63],[74,73],[75,73],[76,73],[77,73],[78,73],[79,73],[92,93],[96,95],[97,95],[98,95],[100,95],[102,95],[104,95],[106,105],[107,105],[108,105],[109,105],[110,105],[111,105],[124,125],[128,127],[129,127],[130,127],[132,127],[134,127],[136,127],[138,137],[139,137],[140,137],[141,137],[142,137],[143,137],[146,147],[146,149],[152,151],[154,153],[156,157],[156,159],[162,161],[163,161],[166,165],[168,165],[194,195],[194,196],[194,197],[194,198],[194,199],[194,200],[226,227],[226,228],[226,229],[226,230],[226,231],[226,232],[245,244],[246,244],[247,244],[249,244],[251,244],[252,244],[261,260],[262,260]],
"subTermEdges":[[19,18],[20,18],[22,21],[20,21],[24,23],[20,23],[26,25],[20,25],[50,49],[20,49],[49,51],[53,52],[20,52],[55,54],[20,54],[57,56],[20,56],[59,58],[20,58],[82,81],[20,81],[81,83],[85,84],[20,84],[87,86],[20,86],[89,88],[20,88],[91,90],[20,90],[114,113],[20,113],[113,115],[117,116],[20,116],[119,118],[20,118],[121,120],[20,120],[123,122],[20,122],[171,170],[172,170],[170,173],[175,174],[20,174],[177,176],[20,176],[172,178],[20,178],[180,179],[20,179],[182,181],[20,181],[175,183],[20,183],[177,184],[185,184],[172,186],[187,186],[186,188],[171,188],[188,189],[32,189],[191,190],[171,190],[190,192],[171,192],[192,193],[32,193],[171,202],[203,202],[202,204],[206,205],[20,205],[208,207],[20,207],[210,209],[20,209],[212,211],[20,211],[210,213],[214,213],[216,215],[217,215],[219,218],[220,218],[208,221],[187,221],[221,222],[171,222],[222,223],[32,223],[203,224],[171,224],[224,225],[185,225],[235,234],[20,234],[234,236],[238,237],[20,237],[240,239],[20,239],[242,241],[20,241],[256,255],[257,255],[255,258]],
"guardEdges":[[18,17],[21,17],[18,17],[23,17],[18,17],[21,17],[18,17],[25,17],[51,48],[52,48],[54,48],[52,48],[56,48],[52,48],[54,48],[52,48],[58,48],[83,80],[84,80],[86,80],[84,80],[88,80],[84,80],[86,80],[84,80],[90,80],[115,112],[115,112],[116,112],[118,112],[116,112],[120,112],[116,112],[118,112],[116,112],[122,112],[145,144],[145,144],[145,155],[145,155],[170,169],[170,169],[173,169],[174,169],[176,169],[178,169],[176,169],[174,169],[176,169],[178,169],[176,169],[174,169],[176,169],[178,169],[176,169],[174,169],[176,169],[178,169],[176,169],[173,169],[174,169],[176,169],[178,169],[176,169],[174,169],[176,169],[178,169],[176,169],[174,169],[176,169],[178,169],[176,169],[174,169],[176,169],[178,169],[176,169],[179,169],[181,169],[183,169],[184,169],[189,169],[193,169],[204,201],[204,201],[204,201],[205,201],[207,201],[209,201],[207,201],[205,201],[207,201],[209,201],[207,201],[205,201],[207,201],[209,201],[207,201],[205,201],[207,201],[209,201],[207,201],[204,201],[205,201],[207,201],[209,201],[207,201],[205,201],[207,201],[209,201],[207,201],[205,201],[207,201],[209,201],[207,201],[205,201],[207,201],[209,201],[207,201],[204,201],[204,201],[204,201],[205,201],[207,201],[209,201],[207,201],[205,201],[207,201],[209,201],[207,201],[205,201],[207,201],[209,201],[207,201],[205,201],[207,201],[209,201],[207,201],[204,201],[205,201],[207,201],[209,201],[207,201],[205,201],[207,201],[209,201],[207,201],[205,201],[207,201],[209,201],[207,201],[205,201],[207,201],[209,201],[207,201],[204,201],[204,201],[204,201],[205,201],[207,201],[209,201],[207,201],[205,201],[207,201],[209,201],[207,201],[205,201],[207,201],[209,201],[207,201],[205,201],[207,201],[209,201],[207,201],[204,201],[205,201],[207,201],[209,201],[207,201],[205,201],[207,201],[209,201],[207,201],[205,201],[207,201],[209,201],[207,201],[205,201],[207,201],[209,201],[207,201],[204,201],[204,201],[204,201],[205,201],[207,201],[209,201],[207,201],[205,201],[207,201],[209,201],[207,201],[205,201],[207,201],[209,201],[207,201],[205,201],[207,201],[209,201],[207,201],[204,201],[205,201],[207,201],[209,201],[207,201],[205,201],[207,201],[209,201],[207,201],[205,201],[207,201],[209,201],[207,201],[205,201],[207,201],[209,201],[207,201],[211,201],[213,201],[215,201],[218,201],[223,201],[225,201],[236,233],[237,233],[239,233],[237,233],[241,233],[258,254],[145,263]],
"dataEdges":[[28,29],[32,31],[20,33],[35,34],[37,36],[39,38],[29,40],[32,42],[20,43],[35,44],[37,45],[39,46],[29,47],[61,62],[32,64],[20,65],[67,66],[69,68],[71,70],[62,72],[32,74],[50,75],[67,76],[69,77],[71,78],[62,79],[93,94],[32,96],[82,97],[99,98],[101,100],[103,102],[94,104],[32,106],[20,107],[99,108],[101,109],[103,110],[94,111],[125,126],[32,128],[114,129],[131,130],[133,132],[135,134],[126,136],[32,138],[114,139],[131,140],[133,141],[135,142],[126,143],[147,148],[149,150],[150,152],[150,154],[157,158],[159,160],[158,162],[164,163],[167,166],[164,168],[195,172],[196,191],[197,175],[198,182],[199,180],[200,177],[227,208],[228,212],[229,203],[230,216],[231,219],[232,210],[32,245],[235,246],[248,247],[250,249],[235,251],[253,252],[256,261],[257,262]],
"predicateInstanceHeadEdges":[],
"predicateInstanceBodyEdges":[],
"controlArgumentHeadEdges":[],
"controlArgumentBodyEdges":[],
"guardConstantEdges":[],
"guardOperatorEdges":[],
"guardScEdges":[],
"dataConstantEdges":[],
"dataOperatorEdges":[],
"dataScEdges":[],
"subTermConstantOperatorEdges":[],
"subTermOperatorOperatorEdges":[],
"subTermScOperatorEdges":[],
"dummyFiled":[]
}