{
"nodeIds":[0,1,2,3,4,5,6,7,8,9,10,11,12,13,14,15,16,17,18,19,20,21,22,23,24,25,26,27,28,29,30,31,32,33,34,35,36,37,38,39,40,41,42,43,44,45,46,47,48,49,50,51,52,53,54,55,56,57,58,59,60,61,62,63,64,65,66,67,68,69,70,71,72,73,74],
"nodeSymbolList":["Initial","CONTROL_0","predicateArgument_0","predicateArgument_1","predicateArgument_2","predicateArgument_3","predicateArgument_4","predicateArgument_5","predicateArgument_6","CONTROL_1","predicateArgument_7","predicateArgument_8","predicateArgument_9","predicateArgument_10","predicateArgument_11","predicateArgument_12","predicateArgument_13","2","3",">=","1","=",">=","=",">=","guard_0","false","guard_1","CONTROL_2","predicateArgument_14","predicateArgument_15","predicateArgument_16","predicateArgument_17","predicateArgument_18","predicateArgument_19","predicateArgument_20","predicateArgument_21",">=","-1",">=",">=","=",">=","guard_2",">=",">=",">=","=",">=","guard_3","CONTROL_3","predicateArgument_22","predicateArgument_23","predicateArgument_24","predicateArgument_25","predicateArgument_26","predicateArgument_27","-","+",">=","+","=",">=",">=","guard_4",">=",">=",">=","=","guard_5","guard_6",">=","guard_7","FALSE","guard_8"],
"falseIndices":[73],
"initialIndices":[0],
"argumentIndices":[2,3,4,5,6,7,8,10,11,12,13,14,15,16,29,30,31,32,33,34,35,36,51,52,53,54,55,56],
"argumentBoundList":[[1,0],[0,0],[0,0],[1,1],[1,1],[1,1],[1,1],[1,0],[1,1],[0,0],[0,0],[1,1],[1,1],[1,1],[1,0],[1,1],[0,0],[0,0],[1,1],[1,1],[0,0],[1,1],[1,0],[1,1],[0,0],[0,0],[1,1],[1,1]],
"argumentBinaryOccurrenceList":[0,0,0,0,0,0,0,0,0,0,0,0,0,0,0,0,0,0,0,0,0,0,0,0,0,0,0,0],
"argumentOccurrence":[0,0,0,0,0,0,0,0,0,0,0,0,0,0,0,0,0,0,0,0,0,0,0,0,0,0,0,0],
"templateIndices":[],
"templateRelevanceLabel":[],
"templateCostLabel":[],
"clauseIndices":[],
"guardIndices":[25,27,43,49,64,69,70,72,74],
"clauseBinaryOccurrenceInCounterExampleList":[0,0,0,0,0,0,0,0,0],
"controlLocationIndices":[1,9,28,50],
"binaryAdjacentList":[[2,1],[2,22],[3,1],[4,1],[5,1],[6,1],[7,1],[8,1],[8,24],[10,9],[10,40],[10,46],[11,9],[11,19],[12,9],[12,42],[12,48],[13,9],[13,42],[13,48],[14,9],[14,21],[15,9],[15,23],[16,9],[16,39],[16,45],[17,21],[17,40],[17,41],[17,46],[17,47],[17,71],[18,22],[18,23],[18,24],[19,25],[20,19],[20,39],[20,44],[20,45],[20,59],[20,61],[20,62],[20,63],[20,65],[20,66],[21,25],[22,25],[23,25],[24,25],[26,27],[26,70],[26,74],[29,28],[29,58],[29,62],[29,65],[29,67],[30,28],[30,57],[30,68],[31,28],[32,28],[33,28],[33,41],[33,47],[33,60],[33,67],[33,68],[34,28],[35,28],[35,37],[35,44],[36,28],[36,63],[36,66],[37,43],[38,37],[39,43],[40,43],[41,43],[42,43],[44,49],[45,49],[46,49],[47,49],[48,49],[51,50],[51,71],[52,50],[53,50],[54,50],[55,50],[56,50],[57,58],[57,60],[58,59],[59,64],[60,61],[61,64],[62,64],[63,64],[65,69],[66,69],[67,69],[68,69],[71,72]],
"ternaryAdjacencyList":[[9,25,1],[10,25,2],[12,25,3],[13,25,4],[17,25,5],[18,25,6],[18,25,7],[16,25,8],[9,27,1],[28,43,9],[29,43,10],[30,43,11],[31,43,12],[32,43,13],[17,43,14],[34,43,15],[36,43,16],[28,49,9],[29,49,10],[30,49,11],[31,49,12],[32,49,13],[17,49,14],[34,49,15],[36,49,16],[50,64,28],[51,64,29],[52,64,30],[53,64,31],[54,64,32],[55,64,34],[56,64,36],[50,69,28],[51,69,29],[53,69,31],[54,69,32],[52,69,33],[55,69,34],[56,69,36],[0,70,50],[0,72,50],[20,72,52],[18,72,55],[18,72,56],[1,74,73]],
"unknownEdges":[],
"argumentIDList":[8,9,10,11,12,13,14,15,16,17,18,19,20,21,0,1,2,3,4,5,6,7,22,23,24,25,26,27],
"argumentNameList":["predh114_19:argument0","predh114_19:argument1","predh114_19:argument2","predh114_19:argument3","predh114_19:argument4","predh114_19:argument5","predh114_19:argument6","predh157_84:argument0","predh157_84:argument1","predh157_84:argument2","predh157_84:argument3","predh157_84:argument4","predh157_84:argument5","predh157_84:argument6","predh104_94:argument0","predh104_94:argument1","predh104_94:argument2","predh104_94:argument3","predh104_94:argument4","predh104_94:argument5","predh104_94:argument6","predh104_94:argument7","predh78_100:argument0","predh78_100:argument1","predh78_100:argument2","predh78_100:argument3","predh78_100:argument4","predh78_100:argument5"],
"predicateIndices":[1,9,28,50],
"predicateOccurrenceInClause":[3,4,4,4],
"predicateStrongConnectedComponent":[0,0,0,0],
"argumentEdges":[[2,1],[3,1],[4,1],[5,1],[6,1],[7,1],[8,1],[10,9],[11,9],[12,9],[13,9],[14,9],[15,9],[16,9],[29,28],[30,28],[31,28],[32,28],[33,28],[34,28],[35,28],[36,28],[51,50],[52,50],[53,50],[54,50],[55,50],[56,50]],
"guardASTEdges":[[19,25],[21,25],[22,25],[23,25],[24,25],[26,27],[37,43],[39,43],[40,43],[41,43],[42,43],[44,49],[45,49],[46,49],[47,49],[48,49],[59,64],[61,64],[62,64],[63,64],[65,69],[66,69],[67,69],[68,69],[26,70],[71,72],[26,74]],
"ASTEdges":[],
"AST_1Edges":[[11,19],[14,21],[2,22],[15,23],[8,24],[38,37],[16,39],[10,40],[33,41],[13,42],[35,44],[16,45],[10,46],[33,47],[13,48],[30,57],[57,58],[58,59],[33,60],[60,61],[29,62],[36,63],[29,65],[36,66],[33,67],[30,68],[51,71]],
"AST_2Edges":[[20,19],[17,21],[18,22],[18,23],[18,24],[35,37],[20,39],[17,40],[17,41],[12,42],[20,44],[20,45],[17,46],[17,47],[12,48],[29,58],[20,59],[57,60],[20,61],[20,62],[20,63],[20,65],[20,66],[29,67],[33,68],[17,71]],
"templateASTEdges":[],
"templateEdges":[],
"verifHintTplPredEdges":[],
"verifHintTplPredPosNegEdges":[],
"verifHintTplEqTermEdges":[],
"verifHintTplInEqTermEdges":[],
"verifHintTplInEqTermPosNegEdges":[],
"dataFlowASTEdges":[],
"controlFlowHyperEdges":[[9,25,1],[9,27,1],[28,43,9],[28,49,9],[50,64,28],[50,69,28],[0,70,50],[0,72,50],[1,74,73]],
"dataFlowHyperEdges":[[10,25,2],[12,25,3],[13,25,4],[17,25,5],[18,25,6],[18,25,7],[16,25,8],[29,43,10],[30,43,11],[31,43,12],[32,43,13],[17,43,14],[34,43,15],[36,43,16],[29,49,10],[30,49,11],[31,49,12],[32,49,13],[17,49,14],[34,49,15],[36,49,16],[51,64,29],[52,64,30],[53,64,31],[54,64,32],[55,64,34],[56,64,36],[51,69,29],[53,69,31],[54,69,32],[52,69,33],[55,69,34],[56,69,36],[20,72,52],[18,72,55],[18,72,56]],
"controlLocationEdgeForSCC":[],
"predicateTransitiveEdges":[],
"dummyFiled":[]
}