{
"nodeIds":[0,1,2,3,4,5,6,7,8,9,10,11,12,13,14,15,16,17,18,19,20,21,22,23,24,25,26,27,28,29,30,31,32,33,34,35,36,37,38,39,40,41,42,43,44,45,46,47,48,49,50,51,52,53,54,55,56,57,58,59,60,61,62,63,64,65,66,67,68,69,70,71,72,73,74,75,76,77,78,79,80,81,82,83,84,85,86,87,88,89,90,91,92,93,94,95,96,97,98,99,100,101,102,103,104],
"nodeSymbolList":["predicateName_0","predicateArgument_0","predicateArgument_1","predicateName_1","predicateArgument_2","predicateArgument_3","predicateArgument_4","FALSE","clause_0","=","symbolicConstant_0","0","clauseHead_0","clauseArgument_0","symbolicConstant_1","clauseArgument_1","clause_1",">=","-1","symbolicConstant_2","!","+","symbolicConstant_3","*","4","+","symbolicConstant_4","=","symbolicConstant_5","clauseHead_1","clauseArgument_2","clauseArgument_3","clauseBody_0","clauseArgument_4","clauseArgument_5","clause_2","-","symbolicConstant_6","+","symbolicConstant_7","*","symbolicConstant_8","-4","=","=","symbolicConstant_9","!",">=","symbolicConstant_10","=","symbolicConstant_11","clauseHead_2","clauseArgument_6","clauseArgument_7","clauseArgument_8","clauseBody_1","clauseArgument_9","clauseArgument_10","clause_3","*","symbolicConstant_12","+","symbolicConstant_13","-","symbolicConstant_14","+","=","=","symbolicConstant_15","!",">=","symbolicConstant_16",">=","symbolicConstant_17","clauseHead_3","clauseArgument_11","clauseArgument_12","clauseArgument_13","clauseBody_2","clauseArgument_14","+","clauseArgument_15","clauseArgument_16","clause_4","*","symbolicConstant_18","+","symbolicConstant_19","=","symbolicConstant_20","=","symbolicConstant_21","!",">=","symbolicConstant_22","-","+","symbolicConstant_23",">=","1","clauseHead_4","clauseBody_3","clauseArgument_17","clauseArgument_18","clauseArgument_19"],
"falseIndices":[7],
"initialIndices":[],
"argumentIndices":[1,2,4,5,6],
"argumentBoundList":[[0,0],[1,0],[1,0],[1,0],[0,0]],
"argumentBinaryOccurrenceList":[0,0,0,0,0],
"argumentOccurrence":[0,0,0,0,0],
"templateIndices":[],
"templateRelevanceLabel":[],
"templateCostLabel":[],
"clauseIndices":[8,16,35,58,83],
"guardIndices":[],
"clauseBinaryOccurrenceInCounterExampleList":[0,0,0,0,0],
"predictedLabel":[],
"controlLocationIndices":[],
"binaryAdjacentList":[[0,1],[0,2],[0,12],[0,29],[1,13],[1,30],[1,33],[1,56],[2,15],[2,31],[2,34],[2,57],[3,4],[3,5],[3,6],[3,51],[3,74],[4,52],[4,75],[4,79],[4,102],[5,53],[5,76],[5,81],[5,103],[6,54],[6,77],[6,82],[6,104],[7,100],[8,12],[9,8],[10,9],[11,9],[11,44],[11,49],[11,67],[11,72],[11,90],[12,13],[12,15],[13,14],[15,10],[16,29],[17,20],[18,17],[18,21],[18,47],[18,80],[18,93],[19,17],[20,16],[21,23],[21,34],[22,21],[23,25],[24,23],[24,59],[24,66],[24,84],[25,27],[26,25],[26,33],[27,16],[28,27],[29,30],[29,31],[30,26],[31,22],[32,0],[32,16],[33,32],[34,32],[35,51],[36,38],[37,36],[38,43],[39,38],[39,56],[40,43],[41,40],[41,57],[42,40],[43,35],[44,46],[45,44],[46,35],[47,35],[48,47],[49,35],[50,49],[51,52],[51,53],[51,54],[52,50],[53,41],[54,39],[55,0],[55,35],[56,55],[57,55],[58,74],[59,61],[60,59],[60,70],[60,80],[61,65],[62,61],[62,82],[63,65],[64,63],[65,66],[66,58],[67,69],[68,67],[69,58],[70,58],[71,70],[71,81],[72,58],[73,72],[74,75],[74,76],[74,77],[75,60],[76,71],[77,62],[78,3],[78,58],[79,78],[80,79],[81,78],[82,78],[83,100],[84,86],[85,84],[85,95],[85,102],[86,88],[87,86],[87,104],[88,83],[89,88],[90,92],[91,90],[92,83],[93,83],[94,93],[95,96],[96,98],[97,96],[97,103],[98,83],[99,98],[101,3],[101,83],[102,101],[103,101],[104,101]],
"ternaryAdjacencyList":[],
"unknownEdges":[],
"argumentIDList":[0,1,2,3,4],
"argumentNameList":["main_1_1:argument0","main_1_1:argument1","main_1_2:argument0","main_1_2:argument1","main_1_2:argument2"],
"predicateIndices":[0,3],
"predicateOccurrenceInClause":[4,4],
"predicateStrongConnectedComponent":[1,1],
"predicateArgumentEdges":[[0,1],[0,2],[3,4],[3,5],[3,6]],
"predicateInstanceEdges":[[0,12],[0,29],[32,0],[3,51],[55,0],[3,74],[78,3],[7,100],[101,3]],
"argumentInstanceEdges":[[1,13],[2,15],[1,30],[2,31],[1,33],[2,34],[4,52],[5,53],[6,54],[1,56],[2,57],[4,75],[5,76],[6,77],[4,79],[5,81],[6,82],[4,102],[5,103],[6,104]],
"controlHeadEdges":[[8,12],[16,29],[35,51],[58,74],[83,100]],
"controlBodyEdges":[[32,16],[55,35],[78,58],[101,83]],
"controlEdges":[],
"controlArgumentEdges":[[12,13],[12,15],[29,30],[29,31],[33,32],[34,32],[51,52],[51,53],[51,54],[56,55],[57,55],[74,75],[74,76],[74,77],[79,78],[81,78],[82,78],[102,101],[103,101],[104,101]],
"subTermEdges":[[10,9],[11,9],[18,17],[19,17],[17,20],[22,21],[18,21],[21,23],[24,23],[26,25],[23,25],[28,27],[25,27],[37,36],[39,38],[36,38],[41,40],[42,40],[38,43],[40,43],[45,44],[11,44],[44,46],[18,47],[48,47],[50,49],[11,49],[60,59],[24,59],[59,61],[62,61],[64,63],[61,65],[63,65],[65,66],[24,66],[68,67],[11,67],[67,69],[71,70],[60,70],[73,72],[11,72],[60,80],[18,80],[85,84],[24,84],[84,86],[87,86],[86,88],[89,88],[91,90],[11,90],[90,92],[18,93],[94,93],[85,95],[97,96],[95,96],[96,98],[99,98]],
"guardEdges":[[9,8],[20,16],[27,16],[43,35],[46,35],[47,35],[49,35],[66,58],[69,58],[70,58],[72,58],[88,83],[92,83],[93,83],[98,83]],
"dataEdges":[[13,14],[15,10],[30,26],[31,22],[26,33],[21,34],[52,50],[53,41],[54,39],[39,56],[41,57],[75,60],[76,71],[77,62],[80,79],[71,81],[62,82],[85,102],[97,103],[87,104]],
"predicateInstanceHeadEdges":[],
"predicateInstanceBodyEdges":[],
"controlArgumentHeadEdges":[],
"controlArgumentBodyEdges":[],
"guardConstantEdges":[],
"guardOperatorEdges":[],
"guardScEdges":[],
"dataConstantEdges":[],
"dataOperatorEdges":[],
"dataScEdges":[],
"subTermConstantOperatorEdges":[],
"subTermOperatorOperatorEdges":[],
"subTermScOperatorEdges":[],
"dummyFiled":[]
}