{
"nodeIds":[0,1,2,3,4,5,6,7,8,9,10,11,12,13,14,15,16,17,18,19,20,21,22,23,24,25,26,27,28,29,30,31,32,33,34,35,36,37,38,39,40,41,42,43,44,45,46,47,48,49,50,51,52,53,54,55,56,57,58,59,60,61,62,63,64,65,66,67,68,69,70,71,72,73,74,75,76,77,78,79,80,81,82,83,84,85,86,87,88,89,90,91,92,93,94,95,96,97,98,99,100,101,102,103,104,105,106,107,108,109,110,111,112,113,114,115,116,117,118,119,120,121,122,123,124,125,126,127,128,129,130,131,132,133,134,135,136,137,138,139,140,141,142,143,144,145,146,147,148,149,150,151,152,153,154,155,156,157,158,159,160,161,162,163,164,165,166,167,168,169,170,171,172,173,174,175,176,177,178,179,180,181,182,183,184,185,186,187,188,189,190,191,192,193,194,195,196,197,198,199,200,201,202,203,204,205,206,207,208,209,210,211,212,213,214,215,216,217,218,219,220,221,222,223,224,225,226,227,228,229,230,231,232,233,234,235,236,237,238,239,240,241,242,243,244,245,246,247,248,249,250,251,252,253,254,255,256,257,258,259,260,261,262,263,264,265,266,267,268,269,270,271,272,273,274,275,276,277,278,279,280,281,282,283,284,285,286,287,288,289,290,291,292,293,294,295],
"nodeSymbolList":["predicateName_0","predicateArgument_0","predicateArgument_1","predicateArgument_2","predicateArgument_3","predicateArgument_4","predicateArgument_5","predicateArgument_6","FALSE","clause_0","+","symbolicConstant_0","-10",">=","1","-","symbolicConstant_1","+",">=","!","+","symbolicConstant_2","symbolicConstant_3","=","symbolicConstant_4","=","symbolicConstant_5","10","+","-1","symbolicConstant_6","=","=","symbolicConstant_7","=","symbolicConstant_8","symbolicConstant_9","clauseHead_0","clauseArgument_0","clauseArgument_1","clauseArgument_2","clauseArgument_3","symbolicConstant_10","clauseArgument_4","clauseArgument_5","clauseArgument_6","clauseBody_0","clauseArgument_7","clauseArgument_8","clauseArgument_9","clauseArgument_10","clauseArgument_11","clauseArgument_12","clauseArgument_13","clause_1","+","symbolicConstant_11","=","!","-","+","symbolicConstant_12",">=","-","symbolicConstant_13","+",">=","!","+","symbolicConstant_14","-5","+","symbolicConstant_15","=","symbolicConstant_16","=","symbolicConstant_17","=","symbolicConstant_18","symbolicConstant_19","clauseHead_1","clauseArgument_14","clauseArgument_15","clauseArgument_16","clauseArgument_17","symbolicConstant_20","clauseArgument_18","clauseArgument_19","clauseArgument_20","clauseBody_1","clauseArgument_21","clauseArgument_22","clauseArgument_23","clauseArgument_24","clauseArgument_25","clauseArgument_26","clauseArgument_27","clause_2","+","symbolicConstant_21","*","5","+","symbolicConstant_22","+","symbolicConstant_23","=","symbolicConstant_24","+","symbolicConstant_25",">=","-","+",">=","+","symbolicConstant_26","symbolicConstant_27","=","symbolicConstant_28","+","=","symbolicConstant_29","=","symbolicConstant_30","+","symbolicConstant_31","=","=","symbolicConstant_32","=","symbolicConstant_33","clauseHead_2","clauseArgument_28","clauseArgument_29","clauseArgument_30","clauseArgument_31","clauseArgument_32","clauseArgument_33","clauseArgument_34","clauseBody_2","clauseArgument_35","clauseArgument_36","clauseArgument_37","clauseArgument_38","clauseArgument_39","clauseArgument_40","clauseArgument_41","clause_3","+","symbolicConstant_34","*","+","symbolicConstant_35","+","symbolicConstant_36","=","symbolicConstant_37","+","symbolicConstant_38","-","+","symbolicConstant_39",">=","-","+",">=","=","!","+","symbolicConstant_40","+","symbolicConstant_41","=","symbolicConstant_42","+","=","symbolicConstant_43","=","symbolicConstant_44","=","symbolicConstant_45","clauseHead_3","clauseArgument_42","clauseArgument_43","clauseArgument_44","clauseArgument_45","clauseArgument_46","clauseArgument_47","clauseArgument_48","clauseBody_3","clauseArgument_49","clauseArgument_50","clauseArgument_51","clauseArgument_52","clauseArgument_53","clauseArgument_54","clauseArgument_55","clause_4","+","symbolicConstant_46","*","+","symbolicConstant_47","=","symbolicConstant_48","-","symbolicConstant_49","+","symbolicConstant_50",">=","!","-","+",">=","+","symbolicConstant_51","+","=","symbolicConstant_52","=","symbolicConstant_53","=","symbolicConstant_54","clauseHead_4","clauseArgument_56","clauseArgument_57","clauseArgument_58","clauseArgument_59","clauseArgument_60","clauseArgument_61","symbolicConstant_55","clauseArgument_62","symbolicConstant_56","clauseBody_4","clauseArgument_63","clauseArgument_64","clauseArgument_65","clauseArgument_66","clauseArgument_67","clauseArgument_68","clauseArgument_69","clause_5","=","symbolicConstant_57","symbolicConstant_58","=","symbolicConstant_59","0","=","symbolicConstant_60","symbolicConstant_61","=","symbolicConstant_62","=","symbolicConstant_63","=","symbolicConstant_64","=","symbolicConstant_65","=","symbolicConstant_66","clauseHead_5","clauseArgument_70","clauseArgument_71","clauseArgument_72","clauseArgument_73","clauseArgument_74","clauseArgument_75","clauseArgument_76","clause_6","=","symbolicConstant_67","symbolicConstant_68","!","-","symbolicConstant_69","+","symbolicConstant_70",">=","!","-","symbolicConstant_71","+",">=","!","clauseHead_6","clauseBody_5","clauseArgument_77","clauseArgument_78","symbolicConstant_72","clauseArgument_79","clauseArgument_80","clauseArgument_81","clauseArgument_82","symbolicConstant_73","clauseArgument_83"],
"falseIndices":[8],
"initialIndices":[],
"argumentIndices":[1,2,3,4,5,6,7],
"argumentBoundList":[[0,0],[0,0],[1,0],[0,0],[1,0],[0,0],[0,0]],
"argumentBinaryOccurrenceList":[0,0,0,0,0,0,0],
"argumentOccurrence":[0,0,0,0,0,0,0],
"templateIndices":[],
"templateRelevanceLabel":[],
"templateCostLabel":[],
"clauseIndices":[9,54,97,147,197,241,269],
"guardIndices":[],
"clauseBinaryOccurrenceInCounterExampleList":[0,0,0,0,0,0,0],
"predictedLabel":[],
"controlLocationIndices":[],
"binaryAdjacentList":[[0,1],[0,2],[0,3],[0,4],[0,5],[0,6],[0,7],[0,37],[0,80],[0,131],[0,181],[0,223],[0,261],[1,38],[1,47],[1,81],[1,90],[1,132],[1,140],[1,182],[1,190],[1,224],[1,234],[1,262],[1,287],[2,39],[2,48],[2,82],[2,91],[2,133],[2,141],[2,183],[2,191],[2,225],[2,235],[2,263],[2,288],[3,40],[3,49],[3,83],[3,92],[3,134],[3,142],[3,184],[3,192],[3,226],[3,236],[3,264],[3,290],[4,41],[4,50],[4,84],[4,93],[4,135],[4,143],[4,185],[4,193],[4,227],[4,237],[4,265],[4,291],[5,43],[5,51],[5,86],[5,94],[5,136],[5,144],[5,186],[5,194],[5,228],[5,238],[5,266],[5,292],[6,44],[6,52],[6,87],[6,95],[6,137],[6,145],[6,187],[6,195],[6,229],[6,239],[6,267],[6,293],[7,45],[7,53],[7,88],[7,96],[7,138],[7,146],[7,188],[7,196],[7,231],[7,240],[7,268],[7,295],[8,285],[9,37],[10,13],[11,10],[11,17],[11,32],[11,47],[12,10],[12,108],[13,9],[14,13],[14,18],[14,62],[14,66],[14,110],[14,113],[14,162],[14,165],[14,209],[14,213],[14,278],[14,283],[15,17],[16,15],[16,49],[17,18],[18,19],[19,9],[20,23],[21,20],[21,53],[22,20],[22,52],[23,9],[24,23],[25,9],[26,25],[27,25],[27,31],[27,51],[27,57],[27,122],[27,126],[27,144],[27,166],[28,31],[29,28],[29,55],[29,98],[29,124],[29,148],[29,157],[29,198],[30,28],[31,9],[32,9],[33,32],[34,9],[35,34],[36,34],[36,48],[37,38],[37,39],[37,40],[37,41],[37,43],[37,44],[37,45],[38,11],[39,36],[40,16],[41,42],[42,50],[43,30],[44,26],[45,24],[46,0],[46,9],[47,46],[48,46],[49,46],[50,46],[51,46],[52,46],[53,46],[54,80],[55,57],[55,59],[55,94],[56,55],[57,58],[58,54],[59,60],[60,62],[61,60],[61,65],[61,75],[61,90],[62,54],[63,65],[64,63],[64,92],[65,66],[66,67],[67,54],[68,71],[68,95],[69,68],[70,68],[70,168],[71,73],[72,71],[72,96],[73,54],[74,73],[75,54],[76,75],[77,54],[78,77],[79,77],[79,91],[80,81],[80,82],[80,83],[80,84],[80,86],[80,87],[80,88],[81,61],[82,79],[83,64],[84,85],[85,93],[86,56],[87,69],[88,74],[89,0],[89,54],[90,89],[91,89],[92,89],[93,89],[94,89],[95,89],[96,89],[97,131],[98,100],[98,111],[98,142],[99,98],[100,102],[100,119],[101,100],[101,150],[101,200],[102,104],[103,102],[103,143],[104,106],[105,104],[105,119],[105,129],[105,141],[106,97],[107,106],[108,110],[109,108],[109,112],[109,127],[109,140],[110,97],[111,112],[112,113],[113,97],[114,117],[115,114],[115,146],[116,114],[116,145],[117,97],[118,117],[119,120],[120,97],[121,120],[122,97],[123,122],[124,126],[125,124],[126,97],[127,97],[128,127],[129,97],[130,129],[131,132],[131,133],[131,134],[131,135],[131,136],[131,137],[131,138],[132,109],[133,105],[134,99],[135,107],[136,125],[137,123],[138,118],[139,0],[139,97],[140,139],[141,139],[142,139],[143,139],[144,139],[145,139],[146,139],[147,181],[148,150],[148,163],[148,192],[149,148],[150,151],[150,174],[151,153],[152,151],[152,193],[153,155],[154,153],[154,174],[154,179],[154,191],[155,147],[156,155],[157,159],[157,166],[157,194],[158,157],[159,160],[160,162],[161,160],[161,164],[161,177],[161,190],[162,147],[163,164],[164,165],[165,147],[166,167],[167,147],[168,170],[168,195],[169,168],[170,172],[171,170],[171,196],[172,147],[173,172],[174,175],[175,147],[176,175],[177,147],[178,177],[179,147],[180,179],[181,182],[181,183],[181,184],[181,185],[181,186],[181,187],[181,188],[182,161],[183,154],[184,149],[185,156],[186,158],[187,169],[188,173],[189,0],[189,147],[190,189],[191,189],[192,189],[193,189],[194,189],[195,189],[196,189],[197,223],[198,200],[198,211],[198,236],[199,198],[200,201],[200,214],[201,203],[202,201],[202,216],[202,221],[202,235],[203,197],[204,203],[205,207],[206,205],[206,238],[207,209],[208,207],[208,212],[208,219],[208,234],[209,210],[210,197],[211,212],[212,213],[213,197],[214,216],[215,214],[215,237],[216,217],[217,197],[218,217],[219,197],[220,219],[221,197],[222,221],[223,224],[223,225],[223,226],[223,227],[223,228],[223,229],[223,231],[224,208],[225,202],[226,199],[227,218],[228,206],[229,230],[230,239],[231,232],[232,240],[233,0],[233,197],[234,233],[235,233],[236,233],[237,233],[238,233],[239,233],[240,233],[241,261],[242,241],[243,242],[244,242],[244,259],[245,241],[246,245],[247,245],[247,251],[247,253],[247,255],[247,257],[248,241],[249,248],[250,248],[251,241],[252,251],[253,241],[254,253],[255,241],[256,255],[257,241],[258,257],[259,241],[260,259],[261,262],[261,263],[261,264],[261,265],[261,266],[261,267],[261,268],[262,249],[263,260],[264,252],[265,256],[266,258],[267,243],[268,246],[269,285],[270,273],[271,270],[271,291],[272,270],[272,295],[273,269],[274,276],[275,274],[275,292],[276,278],[277,276],[277,282],[277,287],[278,279],[279,269],[280,282],[281,280],[281,290],[282,283],[283,284],[284,269],[286,0],[286,269],[287,286],[288,286],[289,288],[290,286],[291,286],[292,286],[293,286],[294,293],[295,286]],
"ternaryAdjacencyList":[],
"unknownEdges":[],
"argumentIDList":[0,1,2,3,4,5,6],
"argumentNameList":["INV1:argument0","INV1:argument1","INV1:argument2","INV1:argument3","INV1:argument4","INV1:argument5","INV1:argument6"],
"predicateIndices":[0],
"predicateOccurrenceInClause":[12],
"predicateStrongConnectedComponent":[1],
"predicateArgumentEdges":[[0,1],[0,2],[0,3],[0,4],[0,5],[0,6],[0,7]],
"predicateInstanceEdges":[[0,37],[46,0],[0,80],[89,0],[0,131],[139,0],[0,181],[189,0],[0,223],[233,0],[0,261],[8,285],[286,0]],
"argumentInstanceEdges":[[1,38],[2,39],[3,40],[4,41],[5,43],[6,44],[7,45],[1,47],[2,48],[3,49],[4,50],[5,51],[6,52],[7,53],[1,81],[2,82],[3,83],[4,84],[5,86],[6,87],[7,88],[1,90],[2,91],[3,92],[4,93],[5,94],[6,95],[7,96],[1,132],[2,133],[3,134],[4,135],[5,136],[6,137],[7,138],[1,140],[2,141],[3,142],[4,143],[5,144],[6,145],[7,146],[1,182],[2,183],[3,184],[4,185],[5,186],[6,187],[7,188],[1,190],[2,191],[3,192],[4,193],[5,194],[6,195],[7,196],[1,224],[2,225],[3,226],[4,227],[5,228],[6,229],[7,231],[1,234],[2,235],[3,236],[4,237],[5,238],[6,239],[7,240],[1,262],[2,263],[3,264],[4,265],[5,266],[6,267],[7,268],[1,287],[2,288],[3,290],[4,291],[5,292],[6,293],[7,295]],
"controlHeadEdges":[[9,37],[54,80],[97,131],[147,181],[197,223],[241,261],[269,285]],
"controlBodyEdges":[[46,9],[89,54],[139,97],[189,147],[233,197],[286,269]],
"controlEdges":[],
"controlArgumentEdges":[[37,38],[37,39],[37,40],[37,41],[37,43],[37,44],[37,45],[47,46],[48,46],[49,46],[50,46],[51,46],[52,46],[53,46],[80,81],[80,82],[80,83],[80,84],[80,86],[80,87],[80,88],[90,89],[91,89],[92,89],[93,89],[94,89],[95,89],[96,89],[131,132],[131,133],[131,134],[131,135],[131,136],[131,137],[131,138],[140,139],[141,139],[142,139],[143,139],[144,139],[145,139],[146,139],[181,182],[181,183],[181,184],[181,185],[181,186],[181,187],[181,188],[190,189],[191,189],[192,189],[193,189],[194,189],[195,189],[196,189],[223,224],[223,225],[223,226],[223,227],[223,228],[223,229],[223,231],[234,233],[235,233],[236,233],[237,233],[238,233],[239,233],[240,233],[261,262],[261,263],[261,264],[261,265],[261,266],[261,267],[261,268],[287,286],[288,286],[290,286],[291,286],[292,286],[293,286],[295,286]],
"subTermEdges":[[11,10],[12,10],[10,13],[14,13],[16,15],[11,17],[15,17],[17,18],[14,18],[18,19],[21,20],[22,20],[20,23],[24,23],[26,25],[27,25],[29,28],[30,28],[27,31],[28,31],[33,32],[11,32],[35,34],[36,34],[56,55],[29,55],[55,57],[27,57],[57,58],[55,59],[61,60],[59,60],[60,62],[14,62],[64,63],[61,65],[63,65],[65,66],[14,66],[66,67],[69,68],[70,68],[72,71],[68,71],[71,73],[74,73],[76,75],[61,75],[78,77],[79,77],[99,98],[29,98],[98,100],[101,100],[103,102],[100,102],[102,104],[105,104],[104,106],[107,106],[109,108],[12,108],[108,110],[14,110],[98,111],[109,112],[111,112],[112,113],[14,113],[115,114],[116,114],[114,117],[118,117],[100,119],[105,119],[119,120],[121,120],[123,122],[27,122],[125,124],[29,124],[124,126],[27,126],[128,127],[109,127],[130,129],[105,129],[149,148],[29,148],[148,150],[101,150],[152,151],[150,151],[151,153],[154,153],[153,155],[156,155],[158,157],[29,157],[157,159],[161,160],[159,160],[160,162],[14,162],[148,163],[161,164],[163,164],[164,165],[14,165],[157,166],[27,166],[166,167],[169,168],[70,168],[171,170],[168,170],[170,172],[173,172],[150,174],[154,174],[174,175],[176,175],[178,177],[161,177],[180,179],[154,179],[199,198],[29,198],[198,200],[101,200],[200,201],[202,201],[201,203],[204,203],[206,205],[208,207],[205,207],[207,209],[14,209],[209,210],[198,211],[208,212],[211,212],[212,213],[14,213],[215,214],[200,214],[214,216],[202,216],[216,217],[218,217],[220,219],[208,219],[222,221],[202,221],[243,242],[244,242],[246,245],[247,245],[249,248],[250,248],[252,251],[247,251],[254,253],[247,253],[256,255],[247,255],[258,257],[247,257],[260,259],[244,259],[271,270],[272,270],[270,273],[275,274],[277,276],[274,276],[276,278],[14,278],[278,279],[281,280],[277,282],[280,282],[282,283],[14,283],[283,284]],
"guardEdges":[[13,9],[19,9],[23,9],[25,9],[31,9],[32,9],[34,9],[58,54],[62,54],[67,54],[73,54],[75,54],[77,54],[106,97],[110,97],[113,97],[117,97],[120,97],[122,97],[126,97],[127,97],[129,97],[155,147],[162,147],[165,147],[167,147],[172,147],[175,147],[177,147],[179,147],[203,197],[210,197],[213,197],[217,197],[219,197],[221,197],[242,241],[245,241],[248,241],[251,241],[253,241],[255,241],[257,241],[259,241],[273,269],[279,269],[284,269]],
"dataEdges":[[38,11],[39,36],[40,16],[41,42],[43,30],[44,26],[45,24],[11,47],[36,48],[16,49],[42,50],[27,51],[22,52],[21,53],[81,61],[82,79],[83,64],[84,85],[86,56],[87,69],[88,74],[61,90],[79,91],[64,92],[85,93],[55,94],[68,95],[72,96],[132,109],[133,105],[134,99],[135,107],[136,125],[137,123],[138,118],[109,140],[105,141],[98,142],[103,143],[27,144],[116,145],[115,146],[182,161],[183,154],[184,149],[185,156],[186,158],[187,169],[188,173],[161,190],[154,191],[148,192],[152,193],[157,194],[168,195],[171,196],[224,208],[225,202],[226,199],[227,218],[228,206],[229,230],[231,232],[208,234],[202,235],[198,236],[215,237],[206,238],[230,239],[232,240],[262,249],[263,260],[264,252],[265,256],[266,258],[267,243],[268,246],[277,287],[289,288],[281,290],[271,291],[275,292],[294,293],[272,295]],
"predicateInstanceHeadEdges":[],
"predicateInstanceBodyEdges":[],
"controlArgumentHeadEdges":[],
"controlArgumentBodyEdges":[],
"guardConstantEdges":[],
"guardOperatorEdges":[],
"guardScEdges":[],
"dataConstantEdges":[],
"dataOperatorEdges":[],
"dataScEdges":[],
"subTermConstantOperatorEdges":[],
"subTermOperatorOperatorEdges":[],
"subTermScOperatorEdges":[],
"dummyFiled":[]
}