{
"nodeIds":[0,1,2,3,4,5,6,7,8,9,10,11,12,13,14,15,16,17,18,19,20,21,22,23,24,25,26,27,28,29,30,31,32,33,34,35,36,37,38,39,40,41,42,43,44,45,46,47,48,49,50,51,52,53,54,55,56,57,58,59,60,61,62,63,64,65,66,67,68,69,70,71,72,73,74,75,76,77,78,79,80,81,82,83,84,85,86,87,88,89,90,91,92,93,94,95,96,97,98,99,100,101,102,103,104,105,106,107,108,109,110,111,112,113,114,115,116,117,118,119,120,121,122,123,124,125,126,127,128,129,130,131],
"nodeSymbolList":["predicateName_0","predicateArgument_0","predicateArgument_1","FALSE","clause_0","=","symbolicConstant_0","0","!","=","symbolicConstant_1","!","=","symbolicConstant_2","!","=","symbolicConstant_3","!","=","symbolicConstant_4","!","=","symbolicConstant_5","!","=","symbolicConstant_6","!","=","symbolicConstant_7","1","=","symbolicConstant_8","clauseHead_0","clauseArgument_0","clauseArgument_1","clause_1","=","symbolicConstant_9","!","=","symbolicConstant_10","!","=","symbolicConstant_11","!","=","symbolicConstant_12","!","=","symbolicConstant_13","!","=","symbolicConstant_14","!","=","symbolicConstant_15","!",">=","symbolicConstant_16","=","symbolicConstant_17","clauseHead_1","clauseArgument_2","clauseArgument_3","clause_2","+","symbolicConstant_18","symbolicConstant_19","=","symbolicConstant_20","=","symbolicConstant_21","!","=","symbolicConstant_22","!","=","symbolicConstant_23","!","=","symbolicConstant_24","!","=","symbolicConstant_25","!","=","symbolicConstant_26","!","=","symbolicConstant_27","!","=","symbolicConstant_28","!",">=","symbolicConstant_29","2","clauseHead_2","clauseArgument_4","clauseArgument_5","clauseBody_0","clauseArgument_6","clauseArgument_7","+","-1","clauseBody_1","clauseArgument_8","clauseArgument_9","+","-2","clause_3","=","symbolicConstant_30","!","=","symbolicConstant_31","!","=","symbolicConstant_32","13","!","=","symbolicConstant_33","!","=","symbolicConstant_34","!","clauseHead_3","clauseBody_2","clauseArgument_10","clauseArgument_11","7"],
"falseIndices":[3],
"initialIndices":[],
"argumentIndices":[1,2],
"argumentBoundList":[[1,0],[0,0]],
"argumentBinaryOccurrenceList":[0,0],
"argumentOccurrence":[0,0],
"templateIndices":[],
"templateRelevanceLabel":[],
"templateCostLabel":[],
"clauseIndices":[4,35,64,110],
"guardIndices":[],
"clauseBinaryOccurrenceInCounterExampleList":[0,0,0,0],
"predictedLabel":[],
"controlLocationIndices":[],
"binaryAdjacentList":[[0,1],[0,2],[0,32],[0,61],[0,97],[1,33],[1,62],[1,98],[1,101],[1,106],[1,129],[2,34],[2,63],[2,99],[2,102],[2,107],[2,130],[3,127],[4,32],[5,8],[6,5],[7,5],[7,9],[7,12],[7,15],[7,18],[7,21],[7,24],[7,36],[7,39],[7,42],[7,45],[7,48],[7,51],[7,54],[7,57],[7,59],[7,70],[7,73],[7,76],[7,79],[7,82],[7,85],[7,88],[7,91],[7,111],[7,114],[7,121],[7,124],[8,4],[9,11],[10,9],[11,4],[11,4],[11,4],[12,14],[13,12],[14,4],[14,4],[14,4],[15,17],[16,15],[17,4],[17,4],[17,4],[18,20],[19,18],[20,4],[21,23],[22,21],[23,4],[24,26],[25,24],[26,4],[27,4],[28,27],[29,27],[29,30],[30,4],[31,30],[32,33],[32,34],[33,28],[34,31],[35,61],[36,38],[37,36],[38,35],[39,41],[40,39],[41,35],[41,35],[41,35],[42,44],[43,42],[44,35],[44,35],[44,35],[45,47],[46,45],[47,35],[47,35],[47,35],[48,50],[49,48],[50,35],[51,53],[52,51],[53,35],[54,56],[55,54],[56,35],[57,35],[58,57],[59,35],[60,59],[61,62],[61,63],[62,60],[63,58],[64,97],[65,68],[66,65],[66,106],[67,65],[67,101],[68,64],[69,68],[70,72],[71,70],[72,64],[73,75],[74,73],[75,64],[76,78],[77,76],[78,64],[78,64],[78,64],[79,81],[80,79],[81,64],[81,64],[81,64],[82,84],[83,82],[84,64],[85,87],[86,85],[87,64],[88,90],[89,88],[90,64],[91,93],[92,91],[93,64],[94,64],[95,94],[95,103],[95,108],[96,94],[97,98],[97,99],[98,69],[99,95],[100,0],[100,64],[101,100],[102,100],[103,102],[104,103],[105,0],[105,64],[106,105],[107,105],[108,107],[109,108],[110,127],[111,113],[112,111],[113,110],[114,116],[115,114],[116,110],[116,110],[117,120],[118,117],[118,129],[119,117],[120,110],[121,123],[122,121],[123,110],[124,126],[125,124],[126,110],[128,0],[128,110],[129,128],[130,128],[131,130]],
"ternaryAdjacencyList":[],
"unknownEdges":[],
"argumentIDList":[0,1],
"argumentNameList":["fibo@.split:argument0","fibo@.split:argument1"],
"predicateIndices":[0],
"predicateOccurrenceInClause":[6],
"predicateStrongConnectedComponent":[1],
"predicateArgumentEdges":[[0,1],[0,2]],
"predicateInstanceEdges":[[0,32],[0,61],[0,97],[100,0],[105,0],[3,127],[128,0]],
"argumentInstanceEdges":[[1,33],[2,34],[1,62],[2,63],[1,98],[2,99],[1,101],[2,102],[1,106],[2,107],[1,129],[2,130]],
"controlHeadEdges":[[4,32],[35,61],[64,97],[110,127]],
"controlBodyEdges":[[100,64],[105,64],[128,110]],
"controlEdges":[],
"controlArgumentEdges":[[32,33],[32,34],[61,62],[61,63],[97,98],[97,99],[101,100],[102,100],[106,105],[107,105],[129,128],[130,128]],
"subTermEdges":[[6,5],[7,5],[5,8],[10,9],[7,9],[9,11],[13,12],[7,12],[12,14],[16,15],[7,15],[15,17],[19,18],[7,18],[18,20],[22,21],[7,21],[21,23],[25,24],[7,24],[24,26],[28,27],[29,27],[31,30],[29,30],[37,36],[7,36],[36,38],[40,39],[7,39],[39,41],[43,42],[7,42],[42,44],[46,45],[7,45],[45,47],[49,48],[7,48],[48,50],[52,51],[7,51],[51,53],[55,54],[7,54],[54,56],[7,57],[58,57],[60,59],[7,59],[66,65],[67,65],[65,68],[69,68],[71,70],[7,70],[70,72],[74,73],[7,73],[73,75],[77,76],[7,76],[76,78],[80,79],[7,79],[79,81],[83,82],[7,82],[82,84],[86,85],[7,85],[85,87],[89,88],[7,88],[88,90],[92,91],[7,91],[91,93],[95,94],[96,94],[95,103],[104,103],[95,108],[109,108],[112,111],[7,111],[111,113],[115,114],[7,114],[114,116],[118,117],[119,117],[117,120],[122,121],[7,121],[121,123],[125,124],[7,124],[124,126]],
"guardEdges":[[8,4],[11,4],[14,4],[17,4],[20,4],[23,4],[26,4],[17,4],[14,4],[11,4],[17,4],[14,4],[11,4],[27,4],[30,4],[38,35],[41,35],[44,35],[47,35],[50,35],[53,35],[56,35],[57,35],[47,35],[44,35],[41,35],[47,35],[44,35],[41,35],[59,35],[68,64],[72,64],[75,64],[78,64],[81,64],[84,64],[87,64],[90,64],[93,64],[94,64],[81,64],[78,64],[81,64],[78,64],[113,110],[116,110],[120,110],[123,110],[126,110],[116,110]],
"dataEdges":[[33,28],[34,31],[62,60],[63,58],[98,69],[99,95],[67,101],[103,102],[66,106],[108,107],[118,129],[131,130]],
"predicateInstanceHeadEdges":[],
"predicateInstanceBodyEdges":[],
"controlArgumentHeadEdges":[],
"controlArgumentBodyEdges":[],
"guardConstantEdges":[],
"guardOperatorEdges":[],
"guardScEdges":[],
"dataConstantEdges":[],
"dataOperatorEdges":[],
"dataScEdges":[],
"subTermConstantOperatorEdges":[],
"subTermOperatorOperatorEdges":[],
"subTermScOperatorEdges":[],
"dummyFiled":[]
}