{
"nodeIds":[0,1,2,3,4,5,6,7,8,9,10,11,12,13,14,15,16,17,18,19,20,21,22,23,24,25,26,27],
"nodeSymbolList":["dummy","Initial","CONTROL_0","predicateArgument_0","predicateArgument_1","true","guard_0","CONTROL_1","predicateArgument_2","predicateArgument_3","+","-1",">=","guard_1","guard_2","CONTROL_2","predicateArgument_4",">=","guard_3","CONTROL_3","predicateArgument_5","+",">=","guard_4","guard_5","FALSE",">=","guard_6"],
"falseIndices":[25],
"initialIndices":[1],
"argumentIndices":[3,4,8,9,16,20],
"argumentBoundList":[["None","None"],["None","None"],["None","None"],["None","None"],["None","None"],["None","None"]],
"argumentBinaryOccurrenceList":[0,0,0,0,0,0],
"argumentOccurrence":[0,0,0,0,0,0],
"templateIndices":[],
"templateRelevanceLabel":[],
"templateCostLabel":[],
"clauseIndices":[],
"guardIndices":[6,13,14,18,23,24,27],
"clauseBinaryOccurrenceInCounterExampleList":[1,0,0,1,0,0,1],
"predictedLabel":[],
"controlLocationIndices":[2,7,15,19],
"binaryAdjacentList":[[2,2],[3,2],[3,12],[3,17],[4,2],[5,6],[5,14],[5,24],[7,7],[8,7],[8,10],[9,7],[11,10],[11,12],[11,17],[11,21],[11,22],[11,26],[12,13],[15,15],[16,15],[16,22],[16,26],[17,18],[19,19],[20,19],[20,21],[22,23],[26,27]],
"ternaryAdjacencyList":[[1,6,2],[7,13,2],[10,13,3],[9,13,4],[2,14,7],[3,14,8],[4,14,9],[2,18,15],[4,18,16],[19,23,15],[21,23,16],[15,24,19],[16,24,20],[15,27,25]],
"unknownEdges":[],
"argumentIDList":[0,1,2,3,4,5],
"argumentNameList":["main_1_1:argument0","main_1_1:argument1","main_1_1_1_1:argument0","main_1_1_1_1:argument1","main_1_2:argument0","main_1_2_3_1:argument0"],
"predicateIndices":[2,7,15,19],
"predicateOccurrenceInClause":[4,2,4,2],
"predicateStrongConnectedComponent":[1,1,1,1],
"argumentEdges":[[3,2],[4,2],[8,7],[9,7],[16,15],[20,19]],
"guardASTEdges":[[5,6],[12,13],[5,14],[17,18],[22,23],[5,24],[26,27]],
"ASTEdges":[],
"AST_1Edges":[[11,10],[3,12],[11,17],[11,21],[16,22],[11,26]],
"AST_2Edges":[[8,10],[11,12],[3,17],[20,21],[11,22],[16,26]],
"templateASTEdges":[],
"templateEdges":[],
"verifHintTplPredEdges":[],
"verifHintTplPredPosNegEdges":[],
"verifHintTplEqTermEdges":[],
"verifHintTplInEqTermEdges":[],
"verifHintTplInEqTermPosNegEdges":[],
"dataFlowASTEdges":[],
"controlFlowHyperEdges":[[1,6,2],[7,13,2],[2,14,7],[2,18,15],[19,23,15],[15,24,19],[15,27,25]],
"dataFlowHyperEdges":[[10,13,3],[9,13,4],[3,14,8],[4,14,9],[4,18,16],[21,23,16],[16,24,20]],
"controlLocationEdgeForSCC":[],
"predicateTransitiveEdges":[[15,15],[2,2],[7,7],[19,19]],
"dummyFiled":[]
}