{
"nodeIds":[0,1,2,3,4,5,6,7,8,9,10,11,12,13,14,15,16,17],
"nodeSymbolList":["Initial","CONTROL_0","predicateArgument_0","predicateArgument_1","0","true","guard_0","CONTROL_1","predicateArgument_2","predicateArgument_3","+","1","guard_1","guard_2","FALSE",">=","1025","guard_3"],
"falseIndices":[14],
"initialIndices":[0],
"argumentIndices":[2,3,8,9],
"argumentBoundList":[[0,0],[1,0],[0,0],[1,0]],
"argumentBinaryOccurrenceList":[0,0,0,0],
"argumentOccurrence":[0,0,0,0],
"templateIndices":[],
"templateRelevanceLabel":[],
"templateCostLabel":[],
"clauseIndices":[],
"guardIndices":[6,12,13,17],
"clauseBinaryOccurrenceInCounterExampleList":[0,0,0,0],
"controlLocationIndices":[1,7],
"binaryAdjacentList":[[2,1],[3,1],[3,15],[5,6],[5,12],[5,13],[8,7],[9,7],[9,10],[11,10],[15,17],[16,15]],
"ternaryAdjacencyList":[[0,6,1],[4,6,3],[7,12,1],[8,12,2],[10,12,3],[1,13,7],[2,13,8],[3,13,9],[1,17,14]],
"unknownEdges":[],
"argumentIDList":[0,1,2,3],
"argumentNameList":["main_1_1:argument0","main_1_1:argument1","main_1_1_1_1:argument0","main_1_1_1_1:argument1"],
"predicateIndices":[1,7],
"predicateOccurrenceInClause":[4,2],
"predicateStrongConnectedComponent":[1,1],
"argumentEdges":[[2,1],[3,1],[8,7],[9,7]],
"guardASTEdges":[[5,6],[5,12],[5,13],[15,17]],
"ASTEdges":[],
"AST_1Edges":[[11,10],[3,15]],
"AST_2Edges":[[9,10],[16,15]],
"templateASTEdges":[],
"templateEdges":[],
"verifHintTplPredEdges":[],
"verifHintTplPredPosNegEdges":[],
"verifHintTplEqTermEdges":[],
"verifHintTplInEqTermEdges":[],
"verifHintTplInEqTermPosNegEdges":[],
"dataFlowASTEdges":[],
"controlFlowHyperEdges":[[0,6,1],[7,12,1],[1,13,7],[1,17,14]],
"dataFlowHyperEdges":[[4,6,3],[8,12,2],[10,12,3],[2,13,8],[3,13,9]],
"controlLocationEdgeForSCC":[],
"predicateTransitiveEdges":[],
"dummyFiled":[]
}