{
"nodeIds":[0,1,2,3,4,5,6,7,8,9,10,11,12,13,14,15,16,17,18,19,20,21,22,23,24,25,26,27,28,29,30,31,32],
"nodeSymbolList":["dummy","Initial","CONTROL_0","predicateArgument_0","predicateArgument_1","+",">=","1","guard_0","CONTROL_1","true","guard_1","CONTROL_2","predicateArgument_2","predicateArgument_3","+","-1","*","2","-","*","-2","+",">=","guard_2","guard_3","*","-","+",">=","guard_4","FALSE","guard_5"],
"falseIndices":[31],
"initialIndices":[1],
"argumentIndices":[3,4,13,14],
"argumentBoundList":[["None","None"],["None","None"],["None","None"],["None","None"]],
"argumentBinaryOccurrenceList":[0,0,0,0],
"argumentOccurrence":[0,0,0,0],
"templateIndices":[],
"templateRelevanceLabel":[],
"templateCostLabel":[],
"clauseIndices":[],
"guardIndices":[8,11,24,25,30,32],
"clauseBinaryOccurrenceInCounterExampleList":[1,1,0,0,1,1],
"predictedLabel":[],
"controlLocationIndices":[2,9,12],
"binaryAdjacentList":[[2,2],[3,2],[3,5],[3,22],[3,27],[4,2],[4,5],[4,26],[5,6],[6,8],[7,6],[7,23],[10,11],[10,25],[10,32],[12,12],[13,12],[13,15],[14,12],[14,17],[14,20],[16,15],[16,29],[17,19],[18,17],[18,26],[20,22],[21,20],[22,23],[23,24],[26,28],[27,28],[28,29],[29,30]],
"ternaryAdjacencyList":[[1,8,2],[1,11,9],[12,24,2],[15,24,3],[19,24,4],[2,25,12],[3,25,13],[4,25,14],[2,30,9],[9,32,31]],
"unknownEdges":[],
"argumentIDList":[0,1,2,3],
"argumentNameList":["main_1_1:argument0","main_1_1:argument1","main_1_1_2_1:argument0","main_1_1_2_1:argument1"],
"predicateIndices":[2,9,12],
"predicateOccurrenceInClause":[4,3,2],
"predicateStrongConnectedComponent":[1,0,1],
"argumentEdges":[[3,2],[4,2],[13,12],[14,12]],
"guardASTEdges":[[6,8],[10,11],[23,24],[10,25],[29,30],[10,32]],
"ASTEdges":[],
"AST_1Edges":[[4,5],[5,6],[16,15],[14,17],[17,19],[14,20],[20,22],[22,23],[4,26],[26,28],[28,29]],
"AST_2Edges":[[3,5],[7,6],[13,15],[18,17],[21,20],[3,22],[7,23],[18,26],[3,27],[27,28],[16,29]],
"templateASTEdges":[],
"templateEdges":[],
"verifHintTplPredEdges":[],
"verifHintTplPredPosNegEdges":[],
"verifHintTplEqTermEdges":[],
"verifHintTplInEqTermEdges":[],
"verifHintTplInEqTermPosNegEdges":[],
"dataFlowASTEdges":[],
"controlFlowHyperEdges":[[1,8,2],[1,11,9],[12,24,2],[2,25,12],[2,30,9],[9,32,31]],
"dataFlowHyperEdges":[[15,24,3],[19,24,4],[3,25,13],[4,25,14]],
"controlLocationEdgeForSCC":[],
"predicateTransitiveEdges":[[2,2],[12,12]],
"dummyFiled":[]
}