{
"nodeIds":[0,1,2,3,4,5,6,7,8,9,10,11,12,13,14,15,16,17,18,19,20,21,22,23,24,25,26,27,28,29,30,31,32,33,34,35,36,37,38,39,40,41,42,43,44,45,46,47,48,49,50],
"nodeSymbolList":["Initial","CONTROL_0","predicateArgument_0","predicateArgument_1","predicateArgument_2","0",">=","1",">=","guard_0","CONTROL_1","true","guard_1","guard_2","guard_3","CONTROL_2","predicateArgument_3","predicateArgument_4","predicateArgument_5","predicateArgument_6","guard_4","+",">=","-","+",">=","guard_5","CONTROL_3","predicateArgument_7","predicateArgument_8","predicateArgument_9","predicateArgument_10","-","+","+",">=","+","+","=","guard_6","guard_7","-","+",">=","-","+",">=","-1","guard_8","FALSE","guard_9"],
"falseIndices":[49],
"initialIndices":[0],
"argumentIndices":[2,3,4,16,17,18,19,28,29,30,31],
"argumentBoundList":[[1,0],[1,0],[1,0],[1,0],[1,0],[1,0],[1,0],[1,0],[1,0],[1,0],[1,0]],
"argumentBinaryOccurrenceList":[0,0,0,0,0,0,0,0,0,0,0],
"argumentOccurrence":[0,0,0,0,0,0,0,0,0,0,0],
"templateIndices":[],
"templateRelevanceLabel":[],
"templateCostLabel":[],
"clauseIndices":[],
"guardIndices":[9,12,13,14,20,26,39,40,48,50],
"clauseBinaryOccurrenceInCounterExampleList":[0,0,0,0,0,0,0,0,0,0],
"controlLocationIndices":[1,10,15,27],
"binaryAdjacentList":[[2,1],[2,22],[2,23],[3,1],[3,6],[3,24],[4,1],[4,8],[5,35],[5,38],[6,9],[7,6],[7,8],[7,21],[7,25],[7,43],[8,9],[11,12],[11,13],[11,14],[11,20],[11,40],[11,50],[16,15],[16,21],[16,33],[16,41],[16,45],[17,15],[17,44],[18,15],[18,22],[18,32],[18,42],[19,15],[19,34],[19,36],[22,26],[23,24],[24,25],[25,26],[28,27],[29,27],[30,27],[30,37],[31,27],[32,33],[32,36],[33,34],[34,35],[35,39],[36,37],[37,38],[38,39],[41,42],[42,43],[43,48],[44,45],[45,46],[46,48],[47,46]],
"ternaryAdjacencyList":[[0,9,1],[5,9,2],[0,12,10],[0,13,10],[0,14,10],[1,20,15],[2,20,16],[3,20,17],[5,20,18],[4,20,19],[15,26,1],[21,26,2],[17,26,3],[19,26,4],[27,39,15],[28,39,16],[29,39,17],[31,39,19],[15,40,27],[16,40,28],[17,40,29],[18,40,30],[19,40,31],[15,48,10],[10,50,49]],
"unknownEdges":[],
"argumentIDList":[0,1,2,3,4,5,6,7,8,9,10],
"argumentNameList":["main_1_1:argument0","main_1_1:argument1","main_1_1:argument2","main_1_3:argument0","main_1_3:argument1","main_1_3:argument2","main_1_3:argument3","main_1_3_6_1:argument0","main_1_3_6_1:argument1","main_1_3_6_1:argument2","main_1_3_6_1:argument3"],
"predicateIndices":[1,10,15,27],
"predicateOccurrenceInClause":[3,5,5,2],
"predicateStrongConnectedComponent":[1,0,1,1],
"argumentEdges":[[2,1],[3,1],[4,1],[16,15],[17,15],[18,15],[19,15],[28,27],[29,27],[30,27],[31,27]],
"guardASTEdges":[[6,9],[8,9],[11,12],[11,13],[11,14],[11,20],[22,26],[25,26],[35,39],[38,39],[11,40],[43,48],[46,48],[11,50]],
"ASTEdges":[],
"AST_1Edges":[[3,6],[4,8],[7,21],[18,22],[2,23],[23,24],[24,25],[18,32],[32,33],[19,34],[34,35],[19,36],[30,37],[37,38],[16,41],[41,42],[42,43],[16,45],[45,46]],
"AST_2Edges":[[7,6],[7,8],[16,21],[2,22],[3,24],[7,25],[16,33],[33,34],[5,35],[32,36],[36,37],[5,38],[18,42],[7,43],[17,44],[44,45],[47,46]],
"templateASTEdges":[],
"templateEdges":[],
"verifHintTplPredEdges":[],
"verifHintTplPredPosNegEdges":[],
"verifHintTplEqTermEdges":[],
"verifHintTplInEqTermEdges":[],
"verifHintTplInEqTermPosNegEdges":[],
"dataFlowASTEdges":[],
"controlFlowHyperEdges":[[0,9,1],[0,12,10],[0,13,10],[0,14,10],[1,20,15],[15,26,1],[27,39,15],[15,40,27],[15,48,10],[10,50,49]],
"dataFlowHyperEdges":[[5,9,2],[2,20,16],[3,20,17],[5,20,18],[4,20,19],[21,26,2],[17,26,3],[19,26,4],[28,39,16],[29,39,17],[31,39,19],[16,40,28],[17,40,29],[18,40,30],[19,40,31]],
"controlLocationEdgeForSCC":[],
"predicateTransitiveEdges":[],
"dummyFiled":[]
}