{
"nodeIds":[0,1,2,3,4,5,6,7,8,9,10,11,12,13,14,15,16,17,18,19,20,21,22,23,24,25,26,27,28,29,30,31,32,33,34,35,36,37,38,39,40,41,42,43,44,45,46,47,48,49,50,51,52,53,54,55,56,57,58,59,60,61,62,63,64,65,66,67,68,69,70,71,72,73,74,75,76,77,78,79],
"nodeSymbolList":["Initial","CONTROL_0","predicateArgument_0","predicateArgument_1","0","true","guard_0","CONTROL_1","predicateArgument_2","predicateArgument_3","+","1",">=","99999","guard_1","guard_2","CONTROL_2","predicateArgument_4","predicateArgument_5",">=","guard_3","CONTROL_3","predicateArgument_6","predicateArgument_7","+",">=","guard_4","guard_5","CONTROL_4","predicateArgument_8","predicateArgument_9",">=","guard_6","CONTROL_5","predicateArgument_10","predicateArgument_11","+",">=","guard_7","guard_8","CONTROL_6","predicateArgument_12","predicateArgument_13",">=","guard_9","CONTROL_7","predicateArgument_14","predicateArgument_15","+",">=","guard_10","guard_11","CONTROL_8","predicateArgument_16","predicateArgument_17",">=","guard_12","CONTROL_9","predicateArgument_18","predicateArgument_19","+",">=","guard_13","guard_14","CONTROL_10","predicateArgument_20","predicateArgument_21",">=","guard_15","CONTROL_11","predicateArgument_22","predicateArgument_23","+",">=","100000","guard_16","guard_17","FALSE",">=","guard_18"],
"falseIndices":[77],
"initialIndices":[0],
"argumentIndices":[2,3,8,9,17,18,22,23,29,30,34,35,41,42,46,47,53,54,58,59,65,66,70,71],
"argumentBoundList":[[0,0],[1,1],[0,0],[1,1],[0,0],[1,1],[0,0],[1,1],[0,0],[1,1],[0,0],[1,1],[0,0],[1,1],[0,0],[1,1],[0,0],[1,1],[0,0],[1,1],[1,1],[0,0],[1,1],[0,0]],
"argumentBinaryOccurrenceList":[0,0,0,0,0,0,0,0,0,0,0,0,0,0,0,0,0,0,0,0,0,0,0,0],
"argumentOccurrence":[0,0,0,0,0,0,0,0,0,0,0,0,0,0,0,0,0,0,0,0,0,0,0,0],
"templateIndices":[],
"templateRelevanceLabel":[],
"templateCostLabel":[],
"clauseIndices":[],
"guardIndices":[6,14,15,20,26,27,32,38,39,44,50,51,56,62,63,68,75,76,79],
"clauseBinaryOccurrenceInCounterExampleList":[0,0,0,0,0,0,0,0,0,0,0,0,0,0,0,0,0,0,0],
"controlLocationIndices":[1,7,16,21,28,33,40,45,52,57,64,69],
"binaryAdjacentList":[[2,1],[3,1],[3,12],[3,19],[5,6],[5,15],[5,27],[5,39],[5,51],[5,63],[5,76],[8,7],[9,7],[9,10],[11,10],[11,24],[11,36],[11,48],[11,60],[11,72],[12,14],[13,12],[13,19],[13,25],[13,31],[13,37],[13,43],[13,49],[13,55],[13,61],[13,67],[13,78],[17,16],[18,16],[18,25],[18,31],[19,20],[22,21],[23,21],[23,24],[25,26],[29,28],[30,28],[30,37],[30,43],[31,32],[34,33],[35,33],[35,36],[37,38],[41,40],[42,40],[42,49],[42,55],[43,44],[46,45],[47,45],[47,48],[49,50],[53,52],[54,52],[54,61],[54,67],[55,56],[58,57],[59,57],[59,60],[61,62],[65,64],[65,73],[65,78],[66,64],[67,68],[70,69],[70,72],[71,69],[73,75],[74,73],[78,79]],
"ternaryAdjacencyList":[[0,6,1],[4,6,3],[7,14,1],[8,14,2],[10,14,3],[1,15,7],[2,15,8],[3,15,9],[1,20,16],[2,20,17],[4,20,18],[21,26,16],[22,26,17],[24,26,18],[16,27,21],[17,27,22],[18,27,23],[16,32,28],[17,32,29],[4,32,30],[33,38,28],[34,38,29],[36,38,30],[28,39,33],[29,39,34],[30,39,35],[28,44,40],[29,44,41],[4,44,42],[45,50,40],[46,50,41],[48,50,42],[40,51,45],[41,51,46],[42,51,47],[40,56,52],[41,56,53],[4,56,54],[57,62,52],[58,62,53],[60,62,54],[52,63,57],[53,63,58],[54,63,59],[52,68,64],[4,68,65],[53,68,66],[69,75,64],[72,75,65],[71,75,66],[64,76,69],[65,76,70],[66,76,71],[64,79,77]],
"unknownEdges":[],
"argumentIDList":[0,1,2,3,4,5,6,7,8,9,10,11,12,13,14,15,16,17,18,19,20,21,22,23],
"argumentNameList":["main_1_1:argument0","main_1_1:argument1","main_1_1_1_1:argument0","main_1_1_1_1:argument1","main_1_2:argument0","main_1_2:argument1","main_1_2_3_1:argument0","main_1_2_3_1:argument1","main_1_3:argument0","main_1_3:argument1","main_1_3_5_1:argument0","main_1_3_5_1:argument1","main_1_4:argument0","main_1_4:argument1","main_1_4_7_1:argument0","main_1_4_7_1:argument1","main_1_5:argument0","main_1_5:argument1","main_1_5_9_1:argument0","main_1_5_9_1:argument1","main_1_6:argument0","main_1_6:argument1","main_1_6_11_1:argument0","main_1_6_11_1:argument1"],
"predicateIndices":[1,7,16,21,28,33,40,45,52,57,64,69],
"predicateOccurrenceInClause":[4,2,4,2,4,2,4,2,4,2,4,2],
"predicateStrongConnectedComponent":[1,1,1,1,1,1,1,1,1,1,1,1],
"argumentEdges":[[2,1],[3,1],[8,7],[9,7],[17,16],[18,16],[22,21],[23,21],[29,28],[30,28],[34,33],[35,33],[41,40],[42,40],[46,45],[47,45],[53,52],[54,52],[58,57],[59,57],[65,64],[66,64],[70,69],[71,69]],
"guardASTEdges":[[5,6],[12,14],[5,15],[19,20],[25,26],[5,27],[31,32],[37,38],[5,39],[43,44],[49,50],[5,51],[55,56],[61,62],[5,63],[67,68],[73,75],[5,76],[78,79]],
"ASTEdges":[],
"AST_1Edges":[[11,10],[13,12],[3,19],[11,24],[13,25],[18,31],[11,36],[13,37],[30,43],[11,48],[13,49],[42,55],[11,60],[13,61],[54,67],[11,72],[74,73],[13,78]],
"AST_2Edges":[[9,10],[3,12],[13,19],[23,24],[18,25],[13,31],[35,36],[30,37],[13,43],[47,48],[42,49],[13,55],[59,60],[54,61],[13,67],[70,72],[65,73],[65,78]],
"templateASTEdges":[],
"templateEdges":[],
"verifHintTplPredEdges":[],
"verifHintTplPredPosNegEdges":[],
"verifHintTplEqTermEdges":[],
"verifHintTplInEqTermEdges":[],
"verifHintTplInEqTermPosNegEdges":[],
"dataFlowASTEdges":[],
"controlFlowHyperEdges":[[0,6,1],[7,14,1],[1,15,7],[1,20,16],[21,26,16],[16,27,21],[16,32,28],[33,38,28],[28,39,33],[28,44,40],[45,50,40],[40,51,45],[40,56,52],[57,62,52],[52,63,57],[52,68,64],[69,75,64],[64,76,69],[64,79,77]],
"dataFlowHyperEdges":[[4,6,3],[8,14,2],[10,14,3],[2,15,8],[3,15,9],[2,20,17],[4,20,18],[22,26,17],[24,26,18],[17,27,22],[18,27,23],[17,32,29],[4,32,30],[34,38,29],[36,38,30],[29,39,34],[30,39,35],[29,44,41],[4,44,42],[46,50,41],[48,50,42],[41,51,46],[42,51,47],[41,56,53],[4,56,54],[58,62,53],[60,62,54],[53,63,58],[54,63,59],[4,68,65],[53,68,66],[72,75,65],[71,75,66],[65,76,70],[66,76,71]],
"controlLocationEdgeForSCC":[],
"predicateTransitiveEdges":[],
"dummyFiled":[]
}