{
"nodeIds":[0,1,2,3,4,5,6,7,8,9,10,11,12,13,14,15,16,17,18,19,20,21,22,23,24,25,26,27,28,29,30,31,32,33,34,35,36,37,38,39,40,41,42,43],
"nodeSymbolList":["dummy","Initial","CONTROL_0","predicateArgument_0","predicateArgument_1","predicateArgument_2","false","guard_0","2","0",">=","100",">=","2147483647","guard_1","CONTROL_1","predicateArgument_3","predicateArgument_4","predicateArgument_5","predicateArgument_6","guard_2","-","+","=","-5",">=","99",">=","=","guard_3",">=","guard_4","-","+",">=","1","guard_5","FALSE","=","!","=",">=",">=","guard_6"],
"falseIndices":[37],
"initialIndices":[1],
"argumentIndices":[3,4,5,16,17,18,19],
"argumentBoundList":[["None","None"],["None","None"],["None","None"],["None","None"],["None","None"],["None","None"],["None","None"]],
"argumentBinaryOccurrenceList":[0,0,0,0,0,0,0],
"argumentOccurrence":[0,0,0,0,0,0,0],
"templateIndices":[],
"templateRelevanceLabel":[],
"templateCostLabel":[],
"clauseIndices":[],
"guardIndices":[7,14,20,29,31,36,43],
"clauseBinaryOccurrenceInCounterExampleList":[0,0,0,0,0,0,1],
"predictedLabel":[],
"controlLocationIndices":[2,15],
"binaryAdjacentList":[[3,2],[3,40],[4,2],[4,10],[4,12],[4,41],[4,42],[5,2],[5,30],[5,32],[5,38],[6,7],[6,20],[8,38],[8,40],[9,27],[9,42],[10,14],[11,10],[12,14],[13,12],[13,41],[16,15],[17,15],[17,28],[18,15],[18,22],[18,33],[19,15],[19,21],[19,25],[19,27],[19,28],[19,30],[21,22],[22,23],[23,29],[24,23],[25,29],[26,25],[27,29],[28,29],[30,31],[32,33],[33,34],[34,36],[35,34],[38,39],[39,43],[40,43],[41,43],[42,43]],
"ternaryAdjacencyList":[[1,7,2],[1,14,2],[8,14,3],[9,14,5],[1,20,15],[1,29,15],[8,29,16],[15,31,2],[19,31,3],[17,31,4],[18,31,5],[15,36,2],[16,36,3],[17,36,4],[19,36,5],[2,43,37]],
"unknownEdges":[],
"argumentIDList":[4,5,6,0,1,2,3],
"argumentNameList":["<Main: int test(int,int)>_Block6:argument0","<Main: int test(int,int)>_Block6:argument1","<Main: int test(int,int)>_Block6:argument2","<Main: int test(int,int)>_Block13:argument0","<Main: int test(int,int)>_Block13:argument1","<Main: int test(int,int)>_Block13:argument2","<Main: int test(int,int)>_Block13:argument3"],
"predicateIndices":[2,15],
"predicateOccurrenceInClause":[5,4],
"predicateStrongConnectedComponent":[0,0],
"argumentEdges":[[3,2],[4,2],[5,2],[16,15],[17,15],[18,15],[19,15]],
"guardASTEdges":[[6,7],[10,14],[12,14],[6,20],[23,29],[25,29],[27,29],[28,29],[30,31],[34,36],[39,43],[40,43],[41,43],[42,43]],
"ASTEdges":[],
"AST_1Edges":[[4,10],[13,12],[18,22],[22,23],[26,25],[19,27],[17,28],[19,30],[5,32],[32,33],[33,34],[5,38],[38,39],[3,40],[13,41],[4,42]],
"AST_2Edges":[[11,10],[4,12],[19,21],[21,22],[24,23],[19,25],[9,27],[19,28],[5,30],[18,33],[35,34],[8,38],[8,40],[4,41],[9,42]],
"templateASTEdges":[],
"templateEdges":[],
"verifHintTplPredEdges":[],
"verifHintTplPredPosNegEdges":[],
"verifHintTplEqTermEdges":[],
"verifHintTplInEqTermEdges":[],
"verifHintTplInEqTermPosNegEdges":[],
"dataFlowASTEdges":[],
"controlFlowHyperEdges":[[1,7,2],[1,14,2],[1,20,15],[1,29,15],[15,31,2],[15,36,2],[2,43,37]],
"dataFlowHyperEdges":[[8,14,3],[9,14,5],[8,29,16],[19,31,3],[17,31,4],[18,31,5],[16,36,3],[17,36,4],[19,36,5]],
"controlLocationEdgeForSCC":[],
"predicateTransitiveEdges":[],
"dummyFiled":[]
}