{
"nodeIds":[0,1,2,3,4,5,6,7,8,9,10,11,12,13,14,15,16,17,18,19,20,21,22,23,24,25,26,27,28,29,30,31,32,33,34,35,36,37,38,39,40,41,42,43,44,45,46,47,48,49,50,51,52,53,54,55,56,57,58,59,60,61,62,63,64,65,66,67,68,69,70,71,72,73,74,75,76,77,78,79,80,81,82,83,84,85,86,87,88],
"nodeSymbolList":["predicateName_0","predicateArgument_0","predicateArgument_1","predicateArgument_2","predicateArgument_3","predicateName_1","FALSE","clause_0",">=","symbolicConstant_0","1","=","symbolicConstant_1","0","=","symbolicConstant_2","clauseHead_0","clauseArgument_0","symbolicConstant_3","clauseArgument_1","clauseArgument_2","clauseArgument_3","clause_1","=","symbolicConstant_4","!",">=","symbolicConstant_5","clauseHead_1","clause_2","+","symbolicConstant_6","-1","+",">=","symbolicConstant_7","!","+","symbolicConstant_8","symbolicConstant_9","=","symbolicConstant_10","*","4","+","symbolicConstant_11","=","symbolicConstant_12","clauseHead_2","clauseArgument_4","clauseArgument_5","clauseArgument_6","clauseArgument_7","clauseBody_0","clauseArgument_8","clauseArgument_9","clauseArgument_10","clauseArgument_11","clause_3","-","symbolicConstant_13","+","symbolicConstant_14","*","symbolicConstant_15","-4","=","+","symbolicConstant_16","symbolicConstant_17","=","symbolicConstant_18","=","symbolicConstant_19","!","-","symbolicConstant_20","+",">=","clauseHead_3","clauseBody_1","clauseArgument_12","clauseArgument_13","clauseArgument_14","clauseArgument_15","clause_4","true","clauseHead_4","clauseBody_2"],
"falseIndices":[6],
"initialIndices":[],
"argumentIndices":[1,2,3,4],
"argumentBoundList":[[0,0],[1,0],[0,0],[1,0]],
"argumentBinaryOccurrenceList":[0,0,0,0],
"argumentOccurrence":[0,0,0,0],
"templateIndices":[],
"templateRelevanceLabel":[],
"templateCostLabel":[],
"clauseIndices":[7,22,29,58,85],
"guardIndices":[],
"clauseBinaryOccurrenceInCounterExampleList":[0,0,0,0,0],
"predictedLabel":[],
"controlLocationIndices":[],
"binaryAdjacentList":[[0,1],[0,2],[0,3],[0,4],[0,16],[0,48],[1,17],[1,49],[1,54],[1,81],[2,19],[2,50],[2,55],[2,82],[3,20],[3,51],[3,56],[3,83],[4,21],[4,52],[4,57],[4,84],[5,28],[5,79],[6,87],[7,16],[8,7],[9,8],[10,8],[10,33],[11,7],[12,11],[13,11],[13,14],[13,23],[13,26],[13,72],[14,7],[15,14],[16,17],[16,19],[16,20],[16,21],[17,18],[19,12],[20,15],[21,9],[22,28],[23,25],[24,23],[25,22],[26,22],[27,26],[29,48],[30,33],[30,42],[30,55],[31,30],[32,30],[32,78],[33,34],[34,36],[35,34],[35,57],[36,29],[37,40],[38,37],[39,37],[39,56],[40,29],[41,40],[42,44],[43,42],[44,46],[45,44],[45,54],[46,29],[47,46],[48,49],[48,50],[48,51],[48,52],[49,45],[50,31],[51,41],[52,35],[53,0],[53,29],[54,53],[55,53],[56,53],[57,53],[58,79],[59,61],[60,59],[61,66],[62,61],[62,81],[63,66],[64,63],[64,77],[64,82],[65,63],[66,58],[67,70],[68,67],[68,83],[69,67],[70,58],[71,70],[72,74],[73,72],[74,58],[75,77],[76,75],[76,84],[77,78],[78,58],[80,0],[80,58],[81,80],[82,80],[83,80],[84,80],[85,87],[86,85],[88,5],[88,85]],
"ternaryAdjacencyList":[],
"unknownEdges":[],
"argumentIDList":[0,1,2,3],
"argumentNameList":["main_1_1:argument0","main_1_1:argument1","main_1_1:argument2","main_1_1:argument3"],
"predicateIndices":[0,5],
"predicateOccurrenceInClause":[4,3],
"predicateStrongConnectedComponent":[1,0],
"predicateArgumentEdges":[[0,1],[0,2],[0,3],[0,4]],
"predicateInstanceEdges":[[0,16],[5,28],[0,48],[53,0],[5,79],[80,0],[6,87],[88,5]],
"argumentInstanceEdges":[[1,17],[2,19],[3,20],[4,21],[1,49],[2,50],[3,51],[4,52],[1,54],[2,55],[3,56],[4,57],[1,81],[2,82],[3,83],[4,84]],
"controlHeadEdges":[[7,16],[22,28],[29,48],[58,79],[85,87]],
"controlBodyEdges":[[53,29],[80,58],[88,85]],
"controlEdges":[],
"controlArgumentEdges":[[16,17],[16,19],[16,20],[16,21],[48,49],[48,50],[48,51],[48,52],[54,53],[55,53],[56,53],[57,53],[81,80],[82,80],[83,80],[84,80]],
"subTermEdges":[[9,8],[10,8],[12,11],[13,11],[15,14],[13,14],[24,23],[13,23],[23,25],[13,26],[27,26],[31,30],[32,30],[30,33],[10,33],[33,34],[35,34],[34,36],[38,37],[39,37],[41,40],[37,40],[30,42],[43,42],[45,44],[42,44],[47,46],[44,46],[60,59],[62,61],[59,61],[64,63],[65,63],[61,66],[63,66],[68,67],[69,67],[67,70],[71,70],[73,72],[13,72],[72,74],[76,75],[75,77],[64,77],[77,78],[32,78]],
"guardEdges":[[8,7],[11,7],[14,7],[25,22],[26,22],[36,29],[40,29],[46,29],[66,58],[70,58],[74,58],[78,58],[86,85]],
"dataEdges":[[17,18],[19,12],[20,15],[21,9],[49,45],[50,31],[51,41],[52,35],[45,54],[30,55],[39,56],[35,57],[62,81],[64,82],[68,83],[76,84]],
"predicateInstanceHeadEdges":[],
"predicateInstanceBodyEdges":[],
"controlArgumentHeadEdges":[],
"controlArgumentBodyEdges":[],
"guardConstantEdges":[],
"guardOperatorEdges":[],
"guardScEdges":[],
"dataConstantEdges":[],
"dataOperatorEdges":[],
"dataScEdges":[],
"subTermConstantOperatorEdges":[],
"subTermOperatorOperatorEdges":[],
"subTermScOperatorEdges":[],
"dummyFiled":[]
}