{
"nodeIds":[0,1,2,3,4,5,6,7,8,9,10,11,12,13,14,15,16,17,18,19,20,21,22,23,24,25,26,27,28,29,30,31,32,33,34,35,36,37,38,39,40,41,42,43,44,45,46,47,48,49,50,51,52,53,54,55,56,57,58,59,60,61,62,63,64,65,66,67,68,69,70,71,72,73,74,75,76,77,78,79,80,81,82,83,84,85,86,87,88,89,90,91,92,93,94,95,96,97,98,99,100,101,102,103,104,105,106,107,108,109,110,111,112,113,114,115,116,117,118,119,120,121,122,123,124,125,126,127,128,129,130,131,132,133,134,135,136,137,138,139,140,141,142,143,144,145,146,147,148,149,150,151],
"nodeSymbolList":["predicateName_0","predicateArgument_0","predicateArgument_1","predicateArgument_2","predicateName_1","predicateArgument_3","predicateName_2","predicateArgument_4","predicateArgument_5","predicateName_3","FALSE","clause_0","=","symbolicConstant_0","0","=","symbolicConstant_1","=","symbolicConstant_2","clauseHead_0","clauseArgument_0","clauseArgument_1","clauseArgument_2","clauseBody_0","clauseArgument_3","clauseBody_1","clauseArgument_4","clauseArgument_5","clause_1","=","symbolicConstant_3","-1","!","=","symbolicConstant_4","!","clauseHead_1","clauseArgument_6","clauseBody_2","clauseArgument_7","+","1","clauseBody_3","clauseArgument_8","clauseArgument_9","+","clause_2","=","symbolicConstant_5","!","=","symbolicConstant_6","!","clauseHead_2","clauseArgument_10","clauseArgument_11","clauseBody_4","clauseArgument_12","+","clauseBody_5","clauseArgument_13","clauseArgument_14","+","clause_3","=","symbolicConstant_7","!","=","symbolicConstant_8","!","clauseHead_3","clauseArgument_15","clauseArgument_16","clauseArgument_17","symbolicConstant_9","clauseBody_6","clauseArgument_18","clauseBody_7","clauseArgument_19","clauseArgument_20","clauseBody_8","clauseArgument_21","+","clauseArgument_22","+","clauseArgument_23","+","clause_4","true","clauseHead_4","clauseArgument_24","symbolicConstant_10","clause_5","=","symbolicConstant_11","symbolicConstant_12","clauseHead_5","clauseArgument_25","clauseArgument_26","clause_6","=","symbolicConstant_13","!","clauseHead_6","clauseBody_9","clauseArgument_27","clauseBody_10","clauseArgument_28","clauseArgument_29","clause_7","=","symbolicConstant_14","!","clauseHead_7","clauseBody_11","clauseArgument_30","clauseBody_12","clauseArgument_31","clauseArgument_32","clause_8",">=","symbolicConstant_15","-","symbolicConstant_16","+","symbolicConstant_17",">=",">=","symbolicConstant_18","clauseHead_8","clauseBody_13","clauseArgument_33","clauseArgument_34","clauseArgument_35","clause_9",">=","symbolicConstant_19","-","symbolicConstant_20","+","symbolicConstant_21",">=",">=","symbolicConstant_22","clauseHead_9","clauseBody_14","clauseArgument_36","clauseArgument_37","clauseArgument_38","clause_10","clauseHead_10","clauseBody_15"],
"falseIndices":[10],
"initialIndices":[],
"argumentIndices":[1,2,3,5,7,8],
"argumentBoundList":[[1,0],[1,0],[1,0],[0,0],[0,0],[0,0]],
"argumentBinaryOccurrenceList":[0,0,0,0,0,0],
"argumentOccurrence":[0,0,0,0,0,0],
"templateIndices":[],
"templateRelevanceLabel":[],
"templateCostLabel":[],
"clauseIndices":[11,28,46,63,87,92,99,109,119,134,149],
"guardIndices":[],
"clauseBinaryOccurrenceInCounterExampleList":[0,0,0,0,0,0,0,0,0,0,0],
"predictedLabel":[],
"controlLocationIndices":[],
"binaryAdjacentList":[[0,1],[0,2],[0,3],[0,19],[0,70],[1,20],[1,71],[1,81],[1,131],[1,146],[2,21],[2,72],[2,83],[2,132],[2,147],[3,22],[3,73],[3,85],[3,133],[3,148],[4,5],[4,36],[4,89],[5,24],[5,37],[5,39],[5,57],[5,76],[5,90],[5,105],[5,115],[6,7],[6,8],[6,53],[6,96],[7,26],[7,43],[7,54],[7,60],[7,78],[7,97],[7,107],[7,117],[8,27],[8,44],[8,55],[8,61],[8,79],[8,98],[8,108],[8,118],[9,103],[9,113],[9,129],[9,144],[10,150],[11,19],[12,11],[13,12],[14,12],[14,15],[14,17],[14,24],[14,26],[14,27],[14,64],[14,67],[14,100],[14,105],[14,107],[14,110],[14,118],[14,120],[14,142],[15,11],[16,15],[17,11],[18,17],[19,20],[19,21],[19,22],[20,16],[21,18],[22,13],[23,4],[23,11],[24,23],[25,6],[25,11],[26,25],[27,25],[28,36],[29,32],[30,29],[30,45],[31,29],[31,33],[31,47],[31,50],[31,82],[31,84],[31,86],[32,28],[33,35],[34,33],[34,40],[35,28],[36,37],[37,34],[38,4],[38,28],[39,38],[40,39],[40,43],[41,40],[41,45],[41,58],[41,62],[41,126],[41,127],[41,135],[41,141],[42,6],[42,28],[43,42],[44,42],[45,44],[46,53],[47,49],[48,47],[48,62],[49,46],[50,52],[51,50],[51,58],[52,46],[53,54],[53,55],[54,51],[55,48],[56,4],[56,46],[57,56],[58,57],[58,60],[59,6],[59,46],[60,59],[61,59],[62,61],[63,70],[64,66],[65,64],[65,79],[65,84],[66,63],[67,69],[68,67],[68,76],[68,78],[68,82],[69,63],[70,71],[70,72],[70,73],[71,68],[72,65],[73,74],[74,86],[75,4],[75,63],[76,75],[77,6],[77,63],[78,77],[79,77],[80,0],[80,63],[81,80],[82,81],[83,80],[84,83],[85,80],[86,85],[87,89],[88,87],[88,149],[89,90],[90,91],[92,96],[93,92],[94,93],[95,93],[96,97],[96,98],[97,95],[98,94],[99,103],[100,102],[101,100],[101,108],[102,99],[104,4],[104,99],[105,104],[106,6],[106,99],[107,106],[108,106],[109,113],[110,112],[111,110],[111,115],[111,117],[112,109],[114,4],[114,109],[115,114],[116,6],[116,109],[117,116],[118,116],[119,129],[120,119],[121,120],[122,124],[123,122],[123,131],[123,132],[124,126],[125,124],[125,133],[126,119],[127,119],[128,127],[130,0],[130,119],[131,130],[132,130],[133,130],[134,144],[135,134],[136,135],[137,139],[138,137],[138,148],[139,141],[140,139],[140,146],[140,147],[141,134],[142,134],[143,142],[145,0],[145,134],[146,145],[147,145],[148,145],[149,150],[151,9],[151,149]],
"ternaryAdjacencyList":[],
"unknownEdges":[],
"argumentIDList":[3,4,5,0,1,2],
"argumentNameList":["P2:argument0","P2:argument1","P2:argument2","P0:argument0","P1:argument0","P1:argument1"],
"predicateIndices":[0,4,6,9],
"predicateOccurrenceInClause":[5,8,8,5],
"predicateStrongConnectedComponent":[1,1,1,0],
"predicateArgumentEdges":[[0,1],[0,2],[0,3],[4,5],[6,7],[6,8]],
"predicateInstanceEdges":[[0,19],[23,4],[25,6],[4,36],[38,4],[42,6],[6,53],[56,4],[59,6],[0,70],[75,4],[77,6],[80,0],[4,89],[6,96],[9,103],[104,4],[106,6],[9,113],[114,4],[116,6],[9,129],[130,0],[9,144],[145,0],[10,150],[151,9]],
"argumentInstanceEdges":[[1,20],[2,21],[3,22],[5,24],[7,26],[8,27],[5,37],[5,39],[7,43],[8,44],[7,54],[8,55],[5,57],[7,60],[8,61],[1,71],[2,72],[3,73],[5,76],[7,78],[8,79],[1,81],[2,83],[3,85],[5,90],[7,97],[8,98],[5,105],[7,107],[8,108],[5,115],[7,117],[8,118],[1,131],[2,132],[3,133],[1,146],[2,147],[3,148]],
"controlHeadEdges":[[11,19],[28,36],[46,53],[63,70],[87,89],[92,96],[99,103],[109,113],[119,129],[134,144],[149,150]],
"controlBodyEdges":[[23,11],[25,11],[38,28],[42,28],[56,46],[59,46],[75,63],[77,63],[80,63],[104,99],[106,99],[114,109],[116,109],[130,119],[145,134],[151,149]],
"controlEdges":[],
"controlArgumentEdges":[[19,20],[19,21],[19,22],[24,23],[26,25],[27,25],[36,37],[39,38],[43,42],[44,42],[53,54],[53,55],[57,56],[60,59],[61,59],[70,71],[70,72],[70,73],[76,75],[78,77],[79,77],[81,80],[83,80],[85,80],[89,90],[96,97],[96,98],[105,104],[107,106],[108,106],[115,114],[117,116],[118,116],[131,130],[132,130],[133,130],[146,145],[147,145],[148,145]],
"subTermEdges":[[13,12],[14,12],[16,15],[14,15],[18,17],[14,17],[30,29],[31,29],[29,32],[34,33],[31,33],[33,35],[34,40],[41,40],[30,45],[41,45],[48,47],[31,47],[47,49],[51,50],[31,50],[50,52],[51,58],[41,58],[48,62],[41,62],[65,64],[14,64],[64,66],[68,67],[14,67],[67,69],[68,82],[31,82],[65,84],[31,84],[74,86],[31,86],[94,93],[95,93],[101,100],[14,100],[100,102],[111,110],[14,110],[110,112],[14,120],[121,120],[123,122],[122,124],[125,124],[124,126],[41,126],[128,127],[41,127],[136,135],[41,135],[138,137],[140,139],[137,139],[139,141],[41,141],[14,142],[143,142]],
"guardEdges":[[12,11],[15,11],[17,11],[32,28],[35,28],[49,46],[52,46],[66,63],[69,63],[88,87],[93,92],[102,99],[112,109],[120,119],[126,119],[127,119],[135,134],[141,134],[142,134],[88,149]],
"dataEdges":[[20,16],[21,18],[22,13],[14,24],[14,26],[14,27],[37,34],[40,39],[40,43],[45,44],[54,51],[55,48],[58,57],[58,60],[62,61],[71,68],[72,65],[73,74],[68,76],[68,78],[65,79],[82,81],[84,83],[86,85],[90,91],[97,95],[98,94],[14,105],[14,107],[101,108],[111,115],[111,117],[14,118],[123,131],[123,132],[125,133],[140,146],[140,147],[138,148]],
"predicateInstanceHeadEdges":[],
"predicateInstanceBodyEdges":[],
"controlArgumentHeadEdges":[],
"controlArgumentBodyEdges":[],
"guardConstantEdges":[],
"guardOperatorEdges":[],
"guardScEdges":[],
"dataConstantEdges":[],
"dataOperatorEdges":[],
"dataScEdges":[],
"subTermConstantOperatorEdges":[],
"subTermOperatorOperatorEdges":[],
"subTermScOperatorEdges":[],
"dummyFiled":[]
}