{
"nodeIds":[0,1,2,3,4,5,6,7,8,9,10,11,12,13,14,15,16,17,18,19,20,21,22,23,24,25,26,27,28,29,30,31,32,33,34,35,36,37,38,39,40,41,42,43,44,45,46,47,48,49,50,51,52,53,54,55,56,57,58,59,60,61,62,63,64,65,66,67,68,69,70,71,72,73,74,75,76,77,78,79,80,81,82,83,84,85,86,87,88,89,90,91,92,93,94,95,96,97,98,99,100,101,102,103,104,105,106,107,108,109,110,111,112,113,114,115,116,117,118,119],
"nodeSymbolList":["dummy","Initial","CONTROL_0","predicateArgument_0","predicateArgument_1","predicateArgument_2","predicateArgument_3","predicateArgument_4","predicateArgument_5","predicateArgument_6","0","=","=","guard_0","-","-","1","=","!","-","+",">=","2","guard_1","CONTROL_1","predicateArgument_7","predicateArgument_8","predicateArgument_9","predicateArgument_10","predicateArgument_11","predicateArgument_12","predicateArgument_13","CONTROL_2","predicateArgument_14","predicateArgument_15","predicateArgument_16","predicateArgument_17","predicateArgument_18","predicateArgument_19","predicateArgument_20","=","!","=","-1073741823","guard_2","CONTROL_3","predicateArgument_21","predicateArgument_22","predicateArgument_23","predicateArgument_24","predicateArgument_25","predicateArgument_26","predicateArgument_27","-","+",">=","=","=","=","=","guard_3","-","-","=","!","=","!","=","guard_4","true","guard_5","=","!","=","=","guard_6","=","guard_7","CONTROL_4","predicateArgument_28","predicateArgument_29","predicateArgument_30","predicateArgument_31","predicateArgument_32","predicateArgument_33","predicateArgument_34","=","guard_8","=","guard_9","-","-","=","!","=","guard_10","=","guard_11","-","-","-","-","=","!","=","!","=","!","guard_12","FALSE","=","!","=",">=","5165","=","=","=","=","guard_13"],
"falseIndices":[109],
"initialIndices":[1],
"argumentIndices":[3,4,5,6,7,8,9,25,26,27,28,29,30,31,33,34,35,36,37,38,39,46,47,48,49,50,51,52,79,80,81,82,83,84,85],
"argumentBoundList":[[0,0],[0,0],[0,0],[0,0],[0,0],[0,0],[0,0],[0,0],[0,0],[0,0],[0,0],[0,0],[0,0],[0,0],[0,0],[0,0],[0,0],[0,0],[0,0],[0,0],[0,0],[0,0],[0,0],[0,0],[0,0],[0,0],[0,0],[0,0],[0,0],[0,0],[0,0],[0,0],[0,0],[0,0],[0,0]],
"argumentBinaryOccurrenceList":[0,0,0,0,0,0,0,0,0,0,0,0,0,0,0,0,0,0,0,0,0,0,0,0,0,0,0,0,0,0,0,0,0,0,0],
"argumentOccurrence":[0,0,0,0,0,0,0,0,0,0,0,0,0,0,0,0,0,0,0,0,0,0,0,0,0,0,0,0,0,0,0,0,0,0,0],
"templateIndices":[],
"templateRelevanceLabel":[],
"templateCostLabel":[],
"clauseIndices":[],
"guardIndices":[13,23,44,60,68,70,75,77,87,89,95,97,108,119],
"clauseBinaryOccurrenceInCounterExampleList":[0,0,0,0,0,0,0,0,0,0,0,0,0,0],
"predictedLabel":[],
"controlLocationIndices":[2,24,32,45,78],
"binaryAdjacentList":[[3,2],[3,17],[3,56],[4,2],[4,59],[5,2],[5,12],[5,19],[5,54],[6,2],[6,11],[7,2],[8,2],[8,12],[8,20],[8,57],[9,2],[9,11],[10,17],[10,40],[10,65],[10,71],[10,92],[10,102],[10,104],[10,106],[10,110],[10,115],[10,116],[10,117],[11,13],[12,13],[14,15],[16,63],[16,112],[17,18],[18,23],[19,20],[20,21],[21,23],[22,21],[22,55],[25,24],[25,106],[26,24],[27,24],[28,24],[29,24],[29,40],[29,104],[30,24],[31,24],[31,100],[33,32],[33,71],[34,32],[34,53],[34,74],[35,32],[35,56],[36,32],[36,73],[37,32],[37,42],[37,76],[38,32],[38,57],[38,74],[39,32],[39,73],[40,41],[41,44],[42,44],[43,42],[43,76],[46,45],[46,65],[47,45],[48,45],[49,45],[50,45],[50,63],[50,67],[51,45],[51,58],[52,45],[52,67],[53,54],[54,55],[55,60],[56,60],[57,60],[58,60],[59,60],[61,62],[63,64],[64,68],[65,66],[66,68],[67,68],[69,70],[71,72],[72,75],[73,75],[74,75],[76,77],[79,78],[79,113],[80,78],[80,115],[81,78],[81,86],[81,88],[81,94],[81,96],[81,116],[82,78],[82,102],[82,112],[83,78],[83,92],[83,117],[84,78],[84,118],[85,78],[85,86],[85,88],[85,94],[85,96],[85,110],[86,87],[88,89],[90,91],[92,93],[93,95],[94,95],[96,97],[98,99],[100,101],[102,103],[103,108],[104,105],[105,108],[106,107],[107,108],[110,111],[111,119],[112,119],[113,119],[114,113],[115,119],[116,119],[117,119],[118,119]],
"ternaryAdjacencyList":[[1,13,2],[10,13,3],[1,23,2],[15,23,4],[16,23,9],[32,44,24],[33,44,25],[34,44,26],[35,44,27],[36,44,28],[38,44,30],[39,44,31],[45,60,32],[2,60,32],[46,60,33],[7,60,34],[3,60,35],[6,60,36],[48,60,37],[8,60,38],[50,60,39],[1,68,45],[62,68,51],[1,70,45],[16,70,50],[16,70,52],[1,75,32],[32,77,24],[33,77,25],[34,77,26],[35,77,27],[36,77,28],[38,77,30],[39,77,31],[1,87,78],[1,89,78],[10,89,83],[1,95,78],[91,95,84],[1,97,78],[10,97,82],[24,108,78],[26,108,79],[27,108,80],[28,108,81],[99,108,84],[101,108,85],[78,119,109]],
"unknownEdges":[],
"argumentIDList":[0,1,2,3,4,5,6,7,8,9,10,11,12,13,14,15,16,17,18,19,20,21,22,23,24,25,26,27,28,29,30,31,32,33,34],
"argumentNameList":["P!!1:argument0","P!!1:argument1","P!!1:argument2","P!!1:argument3","P!!1:argument4","P!!1:argument5","P!!1:argument6","P!!2:argument0","P!!2:argument1","P!!2:argument2","P!!2:argument3","P!!2:argument4","P!!2:argument5","P!!2:argument6","P!!3:argument0","P!!3:argument1","P!!3:argument2","P!!3:argument3","P!!3:argument4","P!!3:argument5","P!!3:argument6","P!!4:argument0","P!!4:argument1","P!!4:argument2","P!!4:argument3","P!!4:argument4","P!!4:argument5","P!!4:argument6","P!!5:argument0","P!!5:argument1","P!!5:argument2","P!!5:argument3","P!!5:argument4","P!!5:argument5","P!!5:argument6"],
"predicateIndices":[2,24,32,45,78],
"predicateOccurrenceInClause":[3,3,4,3,6],
"predicateStrongConnectedComponent":[0,0,0,0,0],
"argumentEdges":[[3,2],[4,2],[5,2],[6,2],[7,2],[8,2],[9,2],[25,24],[26,24],[27,24],[28,24],[29,24],[30,24],[31,24],[33,32],[34,32],[35,32],[36,32],[37,32],[38,32],[39,32],[46,45],[47,45],[48,45],[49,45],[50,45],[51,45],[52,45],[79,78],[80,78],[81,78],[82,78],[83,78],[84,78],[85,78]],
"guardASTEdges":[[11,13],[12,13],[18,23],[21,23],[41,44],[42,44],[55,60],[56,60],[57,60],[58,60],[59,60],[64,68],[66,68],[67,68],[69,70],[72,75],[73,75],[74,75],[76,77],[86,87],[88,89],[93,95],[94,95],[96,97],[103,108],[105,108],[107,108],[111,119],[112,119],[113,119],[115,119],[116,119],[117,119],[118,119]],
"ASTEdges":[],
"AST_1Edges":[[6,11],[8,12],[14,15],[3,17],[17,18],[8,20],[20,21],[29,40],[40,41],[37,42],[5,54],[54,55],[3,56],[8,57],[51,58],[4,59],[61,62],[50,63],[63,64],[46,65],[65,66],[52,67],[33,71],[71,72],[36,73],[38,74],[37,76],[81,86],[81,88],[90,91],[83,92],[92,93],[81,94],[81,96],[98,99],[31,100],[100,101],[82,102],[102,103],[29,104],[104,105],[25,106],[106,107],[85,110],[110,111],[82,112],[79,113],[80,115],[81,116],[83,117],[84,118]],
"AST_2Edges":[[9,11],[5,12],[10,17],[5,19],[19,20],[22,21],[10,40],[43,42],[34,53],[53,54],[22,55],[35,56],[38,57],[16,63],[10,65],[50,67],[10,71],[39,73],[34,74],[43,76],[85,86],[85,88],[10,92],[85,94],[85,96],[10,102],[10,104],[10,106],[10,110],[16,112],[114,113],[10,115],[10,116],[10,117]],
"templateASTEdges":[],
"templateEdges":[],
"verifHintTplPredEdges":[],
"verifHintTplPredPosNegEdges":[],
"verifHintTplEqTermEdges":[],
"verifHintTplInEqTermEdges":[],
"verifHintTplInEqTermPosNegEdges":[],
"dataFlowASTEdges":[],
"controlFlowHyperEdges":[[1,13,2],[1,23,2],[32,44,24],[45,60,32],[2,60,32],[1,68,45],[1,70,45],[1,75,32],[32,77,24],[1,87,78],[1,89,78],[1,95,78],[1,97,78],[24,108,78],[78,119,109]],
"dataFlowHyperEdges":[[10,13,3],[15,23,4],[16,23,9],[33,44,25],[34,44,26],[35,44,27],[36,44,28],[38,44,30],[39,44,31],[46,60,33],[7,60,34],[3,60,35],[6,60,36],[48,60,37],[8,60,38],[50,60,39],[62,68,51],[16,70,50],[16,70,52],[33,77,25],[34,77,26],[35,77,27],[36,77,28],[38,77,30],[39,77,31],[10,89,83],[91,95,84],[10,97,82],[26,108,79],[27,108,80],[28,108,81],[99,108,84],[101,108,85]],
"controlLocationEdgeForSCC":[],
"predicateTransitiveEdges":[],
"dummyFiled":[]
}