{
"nodeIds":[0,1,2,3,4,5,6,7,8,9,10,11,12,13,14,15,16,17,18,19,20,21,22,23,24,25,26,27,28,29,30,31,32,33,34,35,36,37,38,39,40,41,42,43,44,45,46,47,48,49,50,51,52,53,54,55,56,57,58,59,60,61,62,63,64,65,66,67,68,69,70,71,72,73,74,75,76,77,78,79,80,81,82,83,84,85,86,87,88,89,90,91,92,93,94,95,96,97,98,99,100,101,102,103,104,105,106,107,108,109,110,111,112,113,114,115,116,117,118,119,120,121,122,123,124,125,126,127,128,129,130,131,132,133,134,135,136,137,138,139,140,141,142,143,144,145,146,147,148,149,150,151,152,153,154,155,156,157,158,159,160,161,162,163,164,165,166,167,168,169,170,171,172,173,174,175,176],
"nodeSymbolList":["dummy","Initial","CONTROL_0","predicateArgument_0","predicateArgument_1","predicateArgument_2","CONTROL_1","predicateArgument_3","predicateArgument_4","predicateArgument_5","predicateArgument_6","predicateArgument_7","CONTROL_2","predicateArgument_8","predicateArgument_9","predicateArgument_10","predicateArgument_11","=","=","0","guard_0","=","!","=","guard_1","CONTROL_3","predicateArgument_12","true","guard_2","CONTROL_4","predicateArgument_13","predicateArgument_14","predicateArgument_15","predicateArgument_16","CONTROL_5","predicateArgument_17","predicateArgument_18","predicateArgument_19","predicateArgument_20","predicateArgument_21","=","2","=","guard_3",">=","1","=","guard_4","=","!",">=","guard_5","CONTROL_6","predicateArgument_22","predicateArgument_23","predicateArgument_24","predicateArgument_25","predicateArgument_26",">=","=","=","=","guard_6","=","!",">=","=","=","guard_7","CONTROL_7","predicateArgument_27","predicateArgument_28","predicateArgument_29","CONTROL_8","predicateArgument_30","predicateArgument_31","predicateArgument_32","predicateArgument_33","predicateArgument_34","=","=","=","guard_8","=","guard_9","CONTROL_9","predicateArgument_35","predicateArgument_36","predicateArgument_37","predicateArgument_38","predicateArgument_39","=","!","=","guard_10","guard_11","CONTROL_10","predicateArgument_40","predicateArgument_41","predicateArgument_42","predicateArgument_43","predicateArgument_44","CONTROL_11","predicateArgument_45","predicateArgument_46","predicateArgument_47","predicateArgument_48","predicateArgument_49","predicateArgument_50","guard_12","CONTROL_12","predicateArgument_51","CONTROL_13","predicateArgument_52","predicateArgument_53","predicateArgument_54","predicateArgument_55","predicateArgument_56","=","=","guard_13","=","guard_14","CONTROL_14","predicateArgument_57","predicateArgument_58","predicateArgument_59","predicateArgument_60","predicateArgument_61","=","!","guard_15","guard_16","false","guard_17","5","3","1185","guard_18","=","guard_19","=","!","guard_20","=","guard_21","=","!","guard_22","guard_23","guard_24","guard_25","=","guard_26","+","1413","-","+","=","-1","=","guard_27","CONTROL_15","=","!","guard_28","=","guard_29","=","guard_30","=","guard_31","=","!","guard_32","FALSE","guard_33"],
"falseIndices":[175],
"initialIndices":[1],
"argumentIndices":[3,4,5,7,8,9,10,11,13,14,15,16,26,30,31,32,33,35,36,37,38,39,53,54,55,56,57,70,71,72,74,75,76,77,78,86,87,88,89,90,97,98,99,100,101,103,104,105,106,107,108,111,113,114,115,116,117,124,125,126,127,128],
"argumentBoundList":[["None","None"],["None","None"],["None","None"],["None","None"],["None","None"],["None","None"],["None","None"],["None","None"],["None","None"],["None","None"],["None","None"],["None","None"],["None","None"],["None","None"],["None","None"],["None","None"],["None","None"],["None","None"],["None","None"],["None","None"],["None","None"],["None","None"],["None","None"],["None","None"],["None","None"],["None","None"],["None","None"],["None","None"],["None","None"],["None","None"],["None","None"],["None","None"],["None","None"],["None","None"],["None","None"],["None","None"],["None","None"],["None","None"],["None","None"],["None","None"],["None","None"],["None","None"],["None","None"],["None","None"],["None","None"],["None","None"],["None","None"],["None","None"],["None","None"],["None","None"],["None","None"],["None","None"],["None","None"],["None","None"],["None","None"],["None","None"],["None","None"],["None","None"],["None","None"],["None","None"],["None","None"],["None","None"]],
"argumentBinaryOccurrenceList":[0,0,0,0,0,0,0,0,0,0,0,0,0,0,0,0,0,0,0,0,0,0,0,0,0,0,0,0,0,0,0,0,0,0,0,0,0,0,0,0,0,0,0,0,0,0,0,0,0,0,0,0,0,0,0,0,0,0,0,0,0,0],
"argumentOccurrence":[0,0,0,0,0,0,0,0,0,0,0,0,0,0,0,0,0,0,0,0,0,0,0,0,0,0,0,0,0,0,0,0,0,0,0,0,0,0,0,0,0,0,0,0,0,0,0,0,0,0,0,0,0,0,0,0,0,0,0,0,0,0],
"templateIndices":[],
"templateRelevanceLabel":[],
"templateCostLabel":[],
"clauseIndices":[],
"guardIndices":[20,24,28,43,47,51,62,68,82,84,94,95,109,120,122,131,132,134,138,140,143,145,148,149,150,151,153,161,165,167,169,171,174,176],
"clauseBinaryOccurrenceInCounterExampleList":[1,0,1,1,0,0,1,1,1,1,1,1,1,1,1,1,1,0,1,1,0,1,0,1,1,1,1,1,0,1,1,1,1,1],
"predictedLabel":[],
"controlLocationIndices":[2,6,12,25,29,34,52,69,73,85,96,102,110,112,123,162],
"binaryAdjacentList":[[3,2],[4,2],[5,2],[5,17],[5,23],[7,6],[7,18],[7,21],[7,139],[7,141],[7,144],[7,146],[7,163],[8,6],[9,6],[10,6],[11,6],[13,12],[14,12],[15,12],[16,12],[16,17],[16,23],[17,20],[18,20],[19,18],[19,21],[19,46],[19,48],[19,61],[19,63],[19,80],[19,81],[19,83],[19,91],[19,118],[19,119],[19,121],[19,129],[19,139],[19,141],[19,144],[19,146],[19,163],[19,166],[19,168],[19,170],[19,172],[21,22],[22,24],[23,24],[25,25],[26,25],[27,28],[27,95],[27,109],[27,132],[27,138],[27,149],[27,150],[27,151],[27,176],[29,29],[30,29],[30,44],[30,50],[30,58],[30,65],[31,29],[31,46],[31,48],[31,61],[31,63],[31,166],[32,29],[33,29],[33,42],[34,34],[35,34],[35,40],[35,59],[35,66],[36,34],[36,42],[36,60],[36,67],[37,34],[38,34],[39,34],[40,43],[41,40],[41,59],[41,66],[42,43],[44,47],[45,44],[45,50],[45,58],[45,65],[45,154],[46,47],[48,49],[49,51],[50,51],[53,52],[53,80],[53,83],[53,168],[54,52],[55,52],[56,52],[57,52],[57,60],[57,67],[58,62],[59,62],[60,62],[61,62],[63,64],[64,68],[65,68],[66,68],[67,68],[70,69],[71,69],[72,69],[72,79],[72,93],[72,154],[74,73],[74,81],[75,73],[76,73],[77,73],[78,73],[78,79],[79,82],[80,82],[81,82],[83,84],[86,85],[86,91],[87,85],[88,85],[89,85],[90,85],[90,93],[91,92],[92,94],[93,94],[97,96],[98,96],[99,96],[99,118],[99,121],[99,170],[100,96],[101,96],[103,102],[104,102],[104,152],[104,157],[105,102],[105,156],[105,160],[106,102],[107,102],[108,102],[108,152],[108,160],[111,110],[111,172],[113,112],[114,112],[115,112],[115,119],[116,112],[117,112],[118,120],[119,120],[121,122],[124,123],[125,123],[126,123],[126,129],[127,123],[128,123],[129,130],[130,131],[133,134],[139,140],[141,142],[142,143],[144,145],[146,147],[147,148],[152,153],[156,157],[157,158],[158,161],[159,158],[160,161],[163,164],[164,165],[166,167],[168,169],[170,171],[172,173],[173,174]],
"ternaryAdjacencyList":[[6,20,2],[12,20,2],[16,20,5],[6,24,2],[12,24,2],[16,24,5],[2,28,25],[5,28,26],[2,43,29],[34,43,29],[3,43,30],[37,43,31],[4,43,32],[36,43,33],[29,47,25],[33,47,26],[29,51,25],[33,51,26],[29,62,52],[34,62,52],[37,62,53],[38,62,54],[39,62,55],[32,62,56],[36,62,57],[29,68,52],[34,68,52],[37,68,53],[38,68,54],[39,68,55],[32,68,56],[36,68,57],[52,82,69],[73,82,69],[56,82,70],[78,82,72],[52,84,73],[19,84,74],[54,84,75],[55,84,76],[57,84,78],[52,94,69],[85,94,69],[56,94,70],[90,94,72],[52,95,85],[53,95,86],[54,95,87],[55,95,88],[57,95,90],[69,109,96],[102,109,96],[70,109,97],[108,109,98],[105,109,99],[106,109,100],[107,109,101],[96,120,110],[112,120,110],[96,122,112],[97,122,113],[98,122,114],[19,122,115],[100,122,116],[101,122,117],[96,131,110],[123,131,110],[96,132,123],[97,132,124],[98,132,125],[99,132,126],[100,132,127],[101,132,128],[1,134,6],[1,138,6],[19,138,7],[135,138,8],[136,138,9],[137,138,10],[135,138,11],[6,140,12],[8,140,13],[9,140,14],[10,140,15],[11,140,16],[6,143,12],[8,143,13],[9,143,14],[10,143,15],[11,143,16],[6,145,12],[8,145,13],[9,145,14],[10,145,15],[11,145,16],[6,148,12],[8,148,13],[9,148,14],[10,148,15],[11,148,16],[25,149,34],[41,149,35],[26,149,36],[19,149,37],[19,149,38],[19,149,39],[25,150,34],[12,150,34],[41,150,35],[26,150,36],[13,150,37],[14,150,38],[15,150,39],[25,151,34],[41,151,35],[26,151,36],[19,151,37],[19,151,38],[19,151,39],[69,153,102],[71,153,103],[19,153,105],[19,153,106],[19,153,107],[72,153,108],[69,161,102],[71,161,103],[154,161,105],[136,161,106],[155,161,107],[6,165,162],[29,167,162],[52,169,162],[96,171,162],[110,174,162],[162,176,175]],
"unknownEdges":[],
"argumentIDList":[10,11,12,57,58,59,60,61,6,7,8,9,5,13,14,15,16,0,1,2,3,4,33,34,35,36,37,48,49,50,38,39,40,41,42,43,44,45,46,47,17,18,19,20,21,51,52,53,54,55,56,32,22,23,24,25,26,27,28,29,30,31],
"argumentNameList":["<Main: void main(JayArray_java_lang_String)>_Block1_18:argument0","<Main: void main(JayArray_java_lang_String)>_Block1_18:argument1","<Main: void main(JayArray_java_lang_String)>_Block1_18:argument2","<org.sosy_lab.sv_benchmarks.Verifier: java.lang.String nondetString()>_Block0:argument0","<org.sosy_lab.sv_benchmarks.Verifier: java.lang.String nondetString()>_Block0:argument1","<org.sosy_lab.sv_benchmarks.Verifier: java.lang.String nondetString()>_Block0:argument2","<org.sosy_lab.sv_benchmarks.Verifier: java.lang.String nondetString()>_Block0:argument3","<org.sosy_lab.sv_benchmarks.Verifier: java.lang.String nondetString()>_Block0:argument4","<JayArray_java_lang_Object: void set(int,java.lang.Object)>_Block1_2:argument0","<JayArray_java_lang_Object: void set(int,java.lang.Object)>_Block1_2:argument1","<JayArray_java_lang_Object: void set(int,java.lang.Object)>_Block1_2:argument2","<JayArray_java_lang_Object: void set(int,java.lang.Object)>_Block1_2:argument3","<JayArray_java_lang_Object: java.lang.Object get(int)>_pre:argument0","<Main: void main(JayArray_java_lang_String)>_Block1_24:argument0","<Main: void main(JayArray_java_lang_String)>_Block1_24:argument1","<Main: void main(JayArray_java_lang_String)>_Block1_24:argument2","<Main: void main(JayArray_java_lang_String)>_Block1_24:argument3","<JayArray_java_lang_Object: java.lang.Object get(int)>_Block1_2:argument0","<JayArray_java_lang_Object: java.lang.Object get(int)>_Block1_2:argument1","<JayArray_java_lang_Object: java.lang.Object get(int)>_Block1_2:argument2","<JayArray_java_lang_Object: java.lang.Object get(int)>_Block1_2:argument3","<JayArray_java_lang_Object: java.lang.Object get(int)>_Block1_2:argument4","<Main: void main(JayArray_java_lang_String)>_Block2_6:argument0","<Main: void main(JayArray_java_lang_String)>_Block2_6:argument1","<Main: void main(JayArray_java_lang_String)>_Block2_6:argument2","<Main: void main(JayArray_java_lang_String)>_Block2_6:argument3","<Main: void main(JayArray_java_lang_String)>_Block2_6:argument4","<Main: void main(JayArray_java_lang_String)>_Block2_9:argument0","<Main: void main(JayArray_java_lang_String)>_Block2_9:argument1","<Main: void main(JayArray_java_lang_String)>_Block2_9:argument2","<Main: void main(JayArray_java_lang_String)>_Block2_6_8_1:argument0","<Main: void main(JayArray_java_lang_String)>_Block2_6_8_1:argument1","<Main: void main(JayArray_java_lang_String)>_Block2_6_8_1:argument2","<Main: void main(JayArray_java_lang_String)>_Block2_6_8_1:argument3","<Main: void main(JayArray_java_lang_String)>_Block2_6_8_1:argument4","<Main: void main(JayArray_java_lang_String)>_Block2_6_9_1:argument0","<Main: void main(JayArray_java_lang_String)>_Block2_6_9_1:argument1","<Main: void main(JayArray_java_lang_String)>_Block2_6_9_1:argument2","<Main: void main(JayArray_java_lang_String)>_Block2_6_9_1:argument3","<Main: void main(JayArray_java_lang_String)>_Block2_6_9_1:argument4","<Main: void main(JayArray_java_lang_String)>_Block2_12:argument0","<Main: void main(JayArray_java_lang_String)>_Block2_12:argument1","<Main: void main(JayArray_java_lang_String)>_Block2_12:argument2","<Main: void main(JayArray_java_lang_String)>_Block2_12:argument3","<Main: void main(JayArray_java_lang_String)>_Block2_12:argument4","<java.lang.String: java.lang.String valueOf(char)>_Block3:argument0","<java.lang.String: java.lang.String valueOf(char)>_Block3:argument1","<java.lang.String: java.lang.String valueOf(char)>_Block3:argument2","<java.lang.String: java.lang.String valueOf(char)>_Block3:argument3","<java.lang.String: java.lang.String valueOf(char)>_Block3:argument4","<java.lang.String: java.lang.String valueOf(char)>_Block3:argument5","<Main: void main(JayArray_java_lang_String)>_Block2_17:argument0","<Main: void main(JayArray_java_lang_String)>_Block2_12_11_1:argument0","<Main: void main(JayArray_java_lang_String)>_Block2_12_11_1:argument1","<Main: void main(JayArray_java_lang_String)>_Block2_12_11_1:argument2","<Main: void main(JayArray_java_lang_String)>_Block2_12_11_1:argument3","<Main: void main(JayArray_java_lang_String)>_Block2_12_11_1:argument4","<Main: void main(JayArray_java_lang_String)>_Block2_12_12_1:argument0","<Main: void main(JayArray_java_lang_String)>_Block2_12_12_1:argument1","<Main: void main(JayArray_java_lang_String)>_Block2_12_12_1:argument2","<Main: void main(JayArray_java_lang_String)>_Block2_12_12_1:argument3","<Main: void main(JayArray_java_lang_String)>_Block2_12_12_1:argument4"],
"predicateIndices":[2,6,12,25,29,34,52,69,73,85,96,102,110,112,123,162],
"predicateOccurrenceInClause":[4,9,7,6,6,6,7,5,2,2,6,3,3,2,2,6],
"predicateStrongConnectedComponent":[0,0,0,1,1,1,0,0,0,0,0,0,0,0,0,0],
"argumentEdges":[[3,2],[4,2],[5,2],[7,6],[8,6],[9,6],[10,6],[11,6],[13,12],[14,12],[15,12],[16,12],[26,25],[30,29],[31,29],[32,29],[33,29],[35,34],[36,34],[37,34],[38,34],[39,34],[53,52],[54,52],[55,52],[56,52],[57,52],[70,69],[71,69],[72,69],[74,73],[75,73],[76,73],[77,73],[78,73],[86,85],[87,85],[88,85],[89,85],[90,85],[97,96],[98,96],[99,96],[100,96],[101,96],[103,102],[104,102],[105,102],[106,102],[107,102],[108,102],[111,110],[113,112],[114,112],[115,112],[116,112],[117,112],[124,123],[125,123],[126,123],[127,123],[128,123]],
"guardASTEdges":[[17,20],[18,20],[22,24],[23,24],[27,28],[40,43],[42,43],[44,47],[46,47],[49,51],[50,51],[58,62],[59,62],[60,62],[61,62],[64,68],[65,68],[66,68],[67,68],[79,82],[80,82],[81,82],[83,84],[92,94],[93,94],[27,95],[27,109],[118,120],[119,120],[121,122],[130,131],[27,132],[133,134],[27,138],[139,140],[142,143],[144,145],[147,148],[27,149],[27,150],[27,151],[152,153],[158,161],[160,161],[164,165],[166,167],[168,169],[170,171],[173,174],[27,176]],
"ASTEdges":[],
"AST_1Edges":[[16,17],[7,18],[7,21],[21,22],[16,23],[35,40],[36,42],[30,44],[31,46],[31,48],[48,49],[30,50],[30,58],[35,59],[36,60],[31,61],[31,63],[63,64],[30,65],[35,66],[36,67],[78,79],[53,80],[74,81],[53,83],[86,91],[91,92],[90,93],[99,118],[115,119],[99,121],[126,129],[129,130],[7,139],[7,141],[141,142],[7,144],[7,146],[146,147],[104,152],[45,154],[104,157],[157,158],[108,160],[7,163],[163,164],[31,166],[53,168],[99,170],[111,172],[172,173]],
"AST_2Edges":[[5,17],[19,18],[19,21],[5,23],[41,40],[33,42],[45,44],[19,46],[19,48],[45,50],[45,58],[41,59],[57,60],[19,61],[19,63],[45,65],[41,66],[57,67],[72,79],[19,80],[19,81],[19,83],[19,91],[72,93],[19,118],[19,119],[19,121],[19,129],[19,139],[19,141],[19,144],[19,146],[108,152],[72,154],[105,156],[156,157],[159,158],[105,160],[19,163],[19,166],[19,168],[19,170],[19,172]],
"templateASTEdges":[],
"templateEdges":[],
"verifHintTplPredEdges":[],
"verifHintTplPredPosNegEdges":[],
"verifHintTplEqTermEdges":[],
"verifHintTplInEqTermEdges":[],
"verifHintTplInEqTermPosNegEdges":[],
"dataFlowASTEdges":[],
"controlFlowHyperEdges":[[6,20,2],[12,20,2],[6,24,2],[12,24,2],[2,28,25],[2,43,29],[34,43,29],[29,47,25],[29,51,25],[29,62,52],[34,62,52],[29,68,52],[34,68,52],[52,82,69],[73,82,69],[52,84,73],[52,94,69],[85,94,69],[52,95,85],[69,109,96],[102,109,96],[96,120,110],[112,120,110],[96,122,112],[96,131,110],[123,131,110],[96,132,123],[1,134,6],[1,138,6],[6,140,12],[6,143,12],[6,145,12],[6,148,12],[25,149,34],[25,150,34],[12,150,34],[25,151,34],[69,153,102],[69,161,102],[6,165,162],[29,167,162],[52,169,162],[96,171,162],[110,174,162],[162,176,175]],
"dataFlowHyperEdges":[[16,20,5],[16,24,5],[5,28,26],[3,43,30],[37,43,31],[4,43,32],[36,43,33],[33,47,26],[33,51,26],[37,62,53],[38,62,54],[39,62,55],[32,62,56],[36,62,57],[37,68,53],[38,68,54],[39,68,55],[32,68,56],[36,68,57],[56,82,70],[78,82,72],[19,84,74],[54,84,75],[55,84,76],[57,84,78],[56,94,70],[90,94,72],[53,95,86],[54,95,87],[55,95,88],[57,95,90],[70,109,97],[108,109,98],[105,109,99],[106,109,100],[107,109,101],[97,122,113],[98,122,114],[19,122,115],[100,122,116],[101,122,117],[97,132,124],[98,132,125],[99,132,126],[100,132,127],[101,132,128],[19,138,7],[135,138,8],[136,138,9],[137,138,10],[135,138,11],[8,140,13],[9,140,14],[10,140,15],[11,140,16],[8,143,13],[9,143,14],[10,143,15],[11,143,16],[8,145,13],[9,145,14],[10,145,15],[11,145,16],[8,148,13],[9,148,14],[10,148,15],[11,148,16],[41,149,35],[26,149,36],[19,149,37],[19,149,38],[19,149,39],[41,150,35],[26,150,36],[13,150,37],[14,150,38],[15,150,39],[41,151,35],[26,151,36],[19,151,37],[19,151,38],[19,151,39],[71,153,103],[19,153,105],[19,153,106],[19,153,107],[72,153,108],[71,161,103],[154,161,105],[136,161,106],[155,161,107]],
"controlLocationEdgeForSCC":[],
"predicateTransitiveEdges":[[29,29],[25,25],[34,34]],
"dummyFiled":[]
}