{
"nodeIds":[0,1,2,3,4,5,6,7,8,9,10,11,12,13,14,15,16,17,18,19,20,21,22,23,24,25,26,27,28,29,30,31,32,33],
"nodeSymbolList":["Initial","CONTROL_0","predicateArgument_0","predicateArgument_1","predicateArgument_2","predicateArgument_3",">=","1","guard_0","CONTROL_1","true","guard_1","CONTROL_2","predicateArgument_4","predicateArgument_5","predicateArgument_6","predicateArgument_7","+","-1","+",">=","guard_2","guard_3",">=","-","-","+","+","+","=","0","guard_4","FALSE","guard_5"],
"falseIndices":[32],
"initialIndices":[0],
"argumentIndices":[2,3,4,5,13,14,15,16],
"argumentBoundList":[[0,0],[0,0],[1,0],[0,0],[0,0],[0,0],[1,0],[0,0]],
"argumentBinaryOccurrenceList":[0,0,0,0,0,0,0,0],
"argumentOccurrence":[0,0,0,0,0,0,0,0],
"templateIndices":[],
"templateRelevanceLabel":[],
"templateCostLabel":[],
"clauseIndices":[],
"guardIndices":[8,11,21,22,31,33],
"clauseBinaryOccurrenceInCounterExampleList":[0,0,0,0,0,0],
"controlLocationIndices":[1,9,12],
"binaryAdjacentList":[[2,1],[2,28],[3,1],[3,27],[4,1],[4,6],[4,20],[4,23],[4,24],[5,1],[5,25],[6,8],[7,6],[7,19],[7,20],[7,23],[10,11],[10,22],[10,33],[13,12],[14,12],[15,12],[15,17],[16,12],[16,19],[18,17],[20,21],[23,31],[24,26],[25,26],[26,27],[27,28],[28,29],[29,31],[30,29]],
"ternaryAdjacencyList":[[0,8,1],[0,11,9],[12,21,1],[13,21,2],[14,21,3],[17,21,4],[19,21,5],[1,22,12],[2,22,13],[3,22,14],[4,22,15],[5,22,16],[1,31,9],[9,33,32]],
"unknownEdges":[],
"argumentIDList":[0,1,2,3,4,5,6,7],
"argumentNameList":["main_1_1:argument0","main_1_1:argument1","main_1_1:argument2","main_1_1:argument3","main_1_1_2_1:argument0","main_1_1_2_1:argument1","main_1_1_2_1:argument2","main_1_1_2_1:argument3"],
"predicateIndices":[1,9,12],
"predicateOccurrenceInClause":[4,3,2],
"predicateStrongConnectedComponent":[1,0,1],
"argumentEdges":[[2,1],[3,1],[4,1],[5,1],[13,12],[14,12],[15,12],[16,12]],
"guardASTEdges":[[6,8],[10,11],[20,21],[10,22],[23,31],[29,31],[10,33]],
"ASTEdges":[],
"AST_1Edges":[[4,6],[18,17],[7,19],[4,20],[7,23],[4,24],[24,26],[3,27],[2,28],[28,29]],
"AST_2Edges":[[7,6],[15,17],[16,19],[7,20],[4,23],[5,25],[25,26],[26,27],[27,28],[30,29]],
"templateASTEdges":[],
"templateEdges":[],
"verifHintTplPredEdges":[],
"verifHintTplPredPosNegEdges":[],
"verifHintTplEqTermEdges":[],
"verifHintTplInEqTermEdges":[],
"verifHintTplInEqTermPosNegEdges":[],
"dataFlowASTEdges":[],
"controlFlowHyperEdges":[[0,8,1],[0,11,9],[12,21,1],[1,22,12],[1,31,9],[9,33,32]],
"dataFlowHyperEdges":[[13,21,2],[14,21,3],[17,21,4],[19,21,5],[2,22,13],[3,22,14],[4,22,15],[5,22,16]],
"controlLocationEdgeForSCC":[],
"predicateTransitiveEdges":[],
"dummyFiled":[]
}