{
"nodeIds":[0,1,2,3,4,5,6,7,8,9,10,11,12,13,14,15,16,17,18,19,20,21,22,23,24,25,26,27,28,29,30,31,32,33],
"nodeSymbolList":["dummy","Initial","CONTROL_0","predicateArgument_0","predicateArgument_1","true","guard_0","CONTROL_1","predicateArgument_2","predicateArgument_3","+","-1",">=",">=","0",">=","guard_1","guard_2","CONTROL_2","predicateArgument_4","predicateArgument_5","+",">=",">=","guard_3","guard_4","CONTROL_3",">=",">=","guard_5",">=","guard_6","FALSE","guard_7"],
"falseIndices":[32],
"initialIndices":[1],
"argumentIndices":[3,4,8,9,19,20],
"argumentBoundList":[["None","None"],["None","None"],["None","None"],["None","None"],["None","None"],["None","None"]],
"argumentBinaryOccurrenceList":[0,0,0,0,0,0],
"argumentOccurrence":[0,0,0,0,0,0],
"templateIndices":[],
"templateRelevanceLabel":[],
"templateCostLabel":[],
"clauseIndices":[],
"guardIndices":[6,16,17,24,25,29,31,33],
"clauseBinaryOccurrenceInCounterExampleList":[1,0,0,0,0,0,0,1],
"predictedLabel":[],
"controlLocationIndices":[2,7,18,26],
"binaryAdjacentList":[[2,2],[3,2],[3,12],[3,22],[3,28],[3,30],[4,2],[4,15],[4,23],[4,27],[5,6],[5,17],[5,25],[5,33],[7,7],[8,7],[8,10],[9,7],[9,13],[11,10],[11,12],[11,21],[11,30],[12,16],[13,16],[14,13],[14,15],[14,22],[14,23],[14,27],[14,28],[15,16],[18,18],[19,18],[20,18],[20,21],[22,24],[23,24],[27,29],[28,29],[30,31]],
"ternaryAdjacencyList":[[1,6,2],[7,16,2],[10,16,3],[2,17,7],[3,17,8],[4,17,9],[18,24,2],[19,24,3],[21,24,4],[2,25,18],[3,25,19],[4,25,20],[2,29,26],[2,31,26],[26,33,32]],
"unknownEdges":[],
"argumentIDList":[0,1,2,3,4,5],
"argumentNameList":["main_1_1:argument0","main_1_1:argument1","main_1_1_1_1:argument0","main_1_1_1_1:argument1","main_1_1_2_1:argument0","main_1_1_2_1:argument1"],
"predicateIndices":[2,7,18,26],
"predicateOccurrenceInClause":[7,2,2,3],
"predicateStrongConnectedComponent":[1,1,1,0],
"argumentEdges":[[3,2],[4,2],[8,7],[9,7],[19,18],[20,18]],
"guardASTEdges":[[5,6],[12,16],[13,16],[15,16],[5,17],[22,24],[23,24],[5,25],[27,29],[28,29],[30,31],[5,33]],
"ASTEdges":[],
"AST_1Edges":[[11,10],[3,12],[14,13],[4,15],[11,21],[3,22],[4,23],[14,27],[3,28],[11,30]],
"AST_2Edges":[[8,10],[11,12],[9,13],[14,15],[20,21],[14,22],[14,23],[4,27],[14,28],[3,30]],
"templateASTEdges":[],
"templateEdges":[],
"verifHintTplPredEdges":[],
"verifHintTplPredPosNegEdges":[],
"verifHintTplEqTermEdges":[],
"verifHintTplInEqTermEdges":[],
"verifHintTplInEqTermPosNegEdges":[],
"dataFlowASTEdges":[],
"controlFlowHyperEdges":[[1,6,2],[7,16,2],[2,17,7],[18,24,2],[2,25,18],[2,29,26],[2,31,26],[26,33,32]],
"dataFlowHyperEdges":[[10,16,3],[3,17,8],[4,17,9],[19,24,3],[21,24,4],[3,25,19],[4,25,20]],
"controlLocationEdgeForSCC":[],
"predicateTransitiveEdges":[[2,2],[18,18],[7,7]],
"dummyFiled":[]
}