{
"nodeIds":[0,1,2,3,4,5,6,7,8,9,10,11,12,13,14,15,16,17,18,19,20,21,22,23,24,25,26,27,28,29,30,31,32,33,34,35,36,37,38,39,40,41,42,43,44,45,46,47,48,49,50,51,52,53,54],
"nodeSymbolList":["dummy","Initial","CONTROL_0","predicateArgument_0","predicateArgument_1","predicateArgument_2","=","guard_0","CONTROL_1","true","guard_1","guard_2","guard_3","guard_4","guard_5","guard_6","guard_7","guard_8","CONTROL_2","predicateArgument_3","predicateArgument_4","predicateArgument_5","-","+",">=","2","guard_9","guard_10","CONTROL_3","predicateArgument_6","predicateArgument_7","predicateArgument_8","guard_11","guard_12","CONTROL_4","predicateArgument_9","predicateArgument_10","predicateArgument_11","guard_13","guard_14","CONTROL_5","predicateArgument_12","predicateArgument_13","predicateArgument_14","guard_15","guard_16","-","+",">=","guard_17","guard_18","guard_19","guard_20","FALSE","guard_21"],
"falseIndices":[53],
"initialIndices":[1],
"argumentIndices":[3,4,5,19,20,21,29,30,31,35,36,37,41,42,43],
"argumentBoundList":[["None","None"],["None","None"],["None","None"],["None","None"],["None","None"],["None","None"],["None","None"],["None","None"],["None","None"],["None","None"],["None","None"],["None","None"],["None","None"],["None","None"],["None","None"]],
"argumentBinaryOccurrenceList":[0,0,0,0,0,0,0,0,0,0,0,0,0,0,0],
"argumentOccurrence":[0,0,0,0,0,0,0,0,0,0,0,0,0,0,0],
"templateIndices":[],
"templateRelevanceLabel":[],
"templateCostLabel":[],
"clauseIndices":[],
"guardIndices":[7,10,11,12,13,14,15,16,17,26,27,32,33,38,39,44,45,49,50,51,52,54],
"clauseBinaryOccurrenceInCounterExampleList":[1,1,1,1,1,1,1,1,1,0,0,0,0,0,0,0,0,1,1,1,1,1],
"predictedLabel":[],
"controlLocationIndices":[2,8,18,28,34,40],
"binaryAdjacentList":[[2,2],[3,2],[3,6],[4,2],[4,6],[4,22],[4,46],[5,2],[5,23],[5,47],[6,7],[9,10],[9,11],[9,12],[9,13],[9,14],[9,15],[9,16],[9,17],[9,27],[9,32],[9,33],[9,38],[9,39],[9,44],[9,45],[9,50],[9,51],[9,52],[9,54],[18,18],[19,18],[20,18],[21,18],[22,23],[23,24],[24,26],[25,24],[25,48],[28,28],[29,28],[30,28],[31,28],[34,34],[35,34],[36,34],[37,34],[40,40],[41,40],[42,40],[43,40],[46,47],[47,48],[48,49]],
"ternaryAdjacencyList":[[1,7,2],[1,10,8],[1,11,8],[1,12,8],[1,13,8],[1,14,8],[1,15,8],[1,16,8],[1,17,8],[18,26,2],[19,26,3],[20,26,4],[21,26,5],[2,27,18],[3,27,19],[4,27,20],[5,27,21],[28,32,2],[29,32,3],[30,32,4],[31,32,5],[2,33,28],[3,33,29],[4,33,30],[5,33,31],[34,38,2],[35,38,3],[36,38,4],[37,38,5],[2,39,34],[3,39,35],[4,39,36],[5,39,37],[40,44,2],[41,44,3],[42,44,4],[43,44,5],[2,45,40],[3,45,41],[4,45,42],[5,45,43],[2,49,8],[2,50,8],[2,51,8],[2,52,8],[8,54,53]],
"unknownEdges":[],
"argumentIDList":[0,1,2,12,13,14,3,4,5,6,7,8,9,10,11],
"argumentNameList":["main_1_1:argument0","main_1_1:argument1","main_1_1:argument2","main_1_1_9_1:argument0","main_1_1_9_1:argument1","main_1_1_9_1:argument2","main_1_1_10_1:argument0","main_1_1_10_1:argument1","main_1_1_10_1:argument2","main_1_1_11_1:argument0","main_1_1_11_1:argument1","main_1_1_11_1:argument2","main_1_1_12_1:argument0","main_1_1_12_1:argument1","main_1_1_12_1:argument2"],
"predicateIndices":[2,8,18,28,34,40],
"predicateOccurrenceInClause":[13,13,2,2,2,2],
"predicateStrongConnectedComponent":[1,0,1,1,1,1],
"argumentEdges":[[3,2],[4,2],[5,2],[19,18],[20,18],[21,18],[29,28],[30,28],[31,28],[35,34],[36,34],[37,34],[41,40],[42,40],[43,40]],
"guardASTEdges":[[6,7],[9,10],[9,11],[9,12],[9,13],[9,14],[9,15],[9,16],[9,17],[24,26],[9,27],[9,32],[9,33],[9,38],[9,39],[9,44],[9,45],[48,49],[9,50],[9,51],[9,52],[9,54]],
"ASTEdges":[],
"AST_1Edges":[[3,6],[4,22],[22,23],[23,24],[4,46],[46,47],[47,48]],
"AST_2Edges":[[4,6],[5,23],[25,24],[5,47],[25,48]],
"templateASTEdges":[],
"templateEdges":[],
"verifHintTplPredEdges":[],
"verifHintTplPredPosNegEdges":[],
"verifHintTplEqTermEdges":[],
"verifHintTplInEqTermEdges":[],
"verifHintTplInEqTermPosNegEdges":[],
"dataFlowASTEdges":[],
"controlFlowHyperEdges":[[1,7,2],[1,10,8],[1,11,8],[1,12,8],[1,13,8],[1,14,8],[1,15,8],[1,16,8],[1,17,8],[18,26,2],[2,27,18],[28,32,2],[2,33,28],[34,38,2],[2,39,34],[40,44,2],[2,45,40],[2,49,8],[2,50,8],[2,51,8],[2,52,8],[8,54,53]],
"dataFlowHyperEdges":[[19,26,3],[20,26,4],[21,26,5],[3,27,19],[4,27,20],[5,27,21],[29,32,3],[30,32,4],[31,32,5],[3,33,29],[4,33,30],[5,33,31],[35,38,3],[36,38,4],[37,38,5],[3,39,35],[4,39,36],[5,39,37],[41,44,3],[42,44,4],[43,44,5],[3,45,41],[4,45,42],[5,45,43]],
"controlLocationEdgeForSCC":[],
"predicateTransitiveEdges":[[2,2],[40,40],[18,18],[34,34],[28,28]],
"dummyFiled":[]
}