{
"nodeIds":[0,1,2,3,4,5,6,7,8,9,10,11,12,13,14,15,16,17,18,19,20,21,22,23,24,25,26,27,28,29,30,31,32,33,34,35,36,37,38,39,40,41,42,43,44,45,46,47,48,49,50,51,52,53,54,55,56,57,58,59,60,61,62,63,64,65,66,67,68,69,70,71,72,73,74,75,76,77,78,79,80,81,82,83,84,85,86],
"nodeSymbolList":["dummy","Initial","CONTROL_0","predicateArgument_0","predicateArgument_1","CONTROL_1","predicateArgument_2","0",">=","guard_0","CONTROL_2","predicateArgument_3","+","-1",">=","guard_1","true","guard_2","CONTROL_3","predicateArgument_4","predicateArgument_5","+","1","+","2",">=","guard_3","-","+","-","guard_4","CONTROL_4","predicateArgument_6","predicateArgument_7","predicateArgument_8","CONTROL_5","predicateArgument_9","CONTROL_6","predicateArgument_10","predicateArgument_11","CONTROL_7","predicateArgument_12","predicateArgument_13",">=","=","=","=","guard_5","guard_6","CONTROL_8","predicateArgument_14","+","+",">=","guard_7","guard_8","CONTROL_9","predicateArgument_15","predicateArgument_16","+","+","+",">=","guard_9","guard_10","CONTROL_10","predicateArgument_17","predicateArgument_18","predicateArgument_19","+","+","-2",">=","=","guard_11","-","+","-","guard_12","guard_13","guard_14","guard_15","FALSE","=","!","=","guard_16"],
"falseIndices":[82],
"initialIndices":[1],
"argumentIndices":[3,4,6,11,19,20,32,33,34,36,38,39,41,42,50,57,58,66,67,68],
"argumentBoundList":[[0,0],[0,0],[0,0],[0,0],[0,0],[0,0],[0,0],[0,0],[0,0],[0,0],[0,0],[0,0],[0,0],[0,0],[0,0],[0,0],[0,0],[0,0],[0,0],[0,0]],
"argumentBinaryOccurrenceList":[0,0,0,0,0,0,0,0,0,0,0,0,0,0,0,0,0,0,0,0],
"argumentOccurrence":[0,0,0,0,0,0,0,0,0,0,0,0,0,0,0,0,0,0,0,0],
"templateIndices":[],
"templateRelevanceLabel":[],
"templateCostLabel":[],
"clauseIndices":[],
"guardIndices":[9,15,17,26,30,47,48,54,55,63,64,74,78,79,80,81,86],
"clauseBinaryOccurrenceInCounterExampleList":[0,0,0,0,0,0,0,0,0,0,0,0,0,0,0,0,0],
"predictedLabel":[],
"controlLocationIndices":[2,5,10,18,31,35,37,40,49,56,65],
"binaryAdjacentList":[[3,2],[3,8],[3,25],[4,2],[4,83],[5,5],[6,5],[6,14],[6,27],[7,8],[7,14],[7,43],[7,53],[7,62],[7,85],[8,9],[10,10],[11,10],[11,12],[13,12],[13,51],[13,52],[13,59],[13,60],[14,15],[16,17],[16,30],[16,48],[16,55],[16,64],[16,78],[16,79],[16,80],[16,81],[19,18],[19,21],[20,18],[20,23],[22,21],[22,25],[22,28],[22,69],[22,72],[22,76],[24,23],[24,61],[25,26],[27,28],[28,29],[32,31],[32,43],[32,46],[32,72],[32,73],[33,31],[33,44],[33,85],[34,31],[34,44],[34,45],[34,83],[35,35],[36,35],[36,53],[36,59],[36,75],[37,37],[38,37],[38,52],[38,62],[38,73],[39,37],[41,40],[41,46],[42,40],[42,45],[43,47],[44,47],[45,47],[46,47],[46,47],[49,49],[50,49],[50,51],[53,54],[56,56],[57,56],[57,60],[58,56],[58,61],[62,63],[66,65],[66,69],[67,65],[67,70],[68,65],[71,70],[72,74],[73,74],[75,76],[76,77],[83,84],[84,86],[85,86]],
"ternaryAdjacencyList":[[5,9,2],[6,9,3],[7,9,4],[10,15,5],[12,15,6],[5,17,10],[6,17,11],[5,26,2],[18,26,2],[21,26,3],[6,26,3],[23,26,4],[5,30,18],[29,30,19],[35,47,31],[37,47,31],[40,47,31],[41,47,32],[42,47,34],[35,48,40],[36,48,41],[49,54,35],[37,54,35],[51,54,36],[52,54,36],[35,55,49],[36,55,50],[35,63,37],[56,63,37],[59,63,38],[60,63,38],[61,63,39],[35,64,56],[36,64,57],[35,74,31],[37,74,31],[65,74,31],[69,74,32],[38,74,32],[70,74,33],[39,74,33],[68,74,34],[35,78,65],[77,78,66],[1,79,5],[2,80,35],[3,80,36],[2,81,37],[3,81,38],[7,81,39],[2,86,82],[31,86,82]],
"unknownEdges":[],
"argumentIDList":[10,11,0,1,12,13,14,15,16,2,4,5,6,7,3,8,9,17,18,19],
"argumentNameList":["P3:argument0","P3:argument1","P0:argument0","P0_1_1:argument0","P3_2_1:argument0","P3_2_1:argument1","P4:argument0","P4:argument1","P4:argument2","P1:argument0","P2:argument0","P2:argument1","P2_3_1:argument0","P2_3_1:argument1","P1_4_1:argument0","P2_5_1:argument0","P2_5_1:argument1","P4_6_1:argument0","P4_6_1:argument1","P4_6_1:argument2"],
"predicateIndices":[2,5,10,18,31,35,37,40,49,56,65],
"predicateOccurrenceInClause":[5,6,2,2,3,9,5,2,2,2,2],
"predicateStrongConnectedComponent":[0,1,1,0,0,1,1,0,1,1,0],
"argumentEdges":[[3,2],[4,2],[6,5],[11,10],[19,18],[20,18],[32,31],[33,31],[34,31],[36,35],[38,37],[39,37],[41,40],[42,40],[50,49],[57,56],[58,56],[66,65],[67,65],[68,65]],
"guardASTEdges":[[8,9],[14,15],[16,17],[25,26],[16,30],[43,47],[44,47],[45,47],[46,47],[46,47],[16,48],[53,54],[16,55],[62,63],[16,64],[72,74],[73,74],[16,78],[16,79],[16,80],[16,81],[84,86],[85,86]],
"ASTEdges":[],
"AST_1Edges":[[7,8],[13,12],[6,14],[22,21],[24,23],[3,25],[22,28],[28,29],[7,43],[33,44],[42,45],[41,46],[13,51],[13,52],[36,53],[13,59],[13,60],[24,61],[38,62],[22,69],[71,70],[32,72],[38,73],[22,76],[76,77],[4,83],[83,84],[33,85]],
"AST_2Edges":[[3,8],[11,12],[7,14],[19,21],[20,23],[22,25],[6,27],[27,28],[32,43],[34,44],[34,45],[32,46],[50,51],[38,52],[7,53],[36,59],[57,60],[58,61],[7,62],[66,69],[67,70],[22,72],[32,73],[36,75],[75,76],[34,83],[7,85]],
"templateASTEdges":[],
"templateEdges":[],
"verifHintTplPredEdges":[],
"verifHintTplPredPosNegEdges":[],
"verifHintTplEqTermEdges":[],
"verifHintTplInEqTermEdges":[],
"verifHintTplInEqTermPosNegEdges":[],
"dataFlowASTEdges":[],
"controlFlowHyperEdges":[[5,9,2],[10,15,5],[5,17,10],[5,26,2],[18,26,2],[5,30,18],[35,47,31],[37,47,31],[40,47,31],[35,48,40],[49,54,35],[37,54,35],[35,55,49],[35,63,37],[56,63,37],[35,64,56],[35,74,31],[37,74,31],[65,74,31],[35,78,65],[1,79,5],[2,80,35],[2,81,37],[2,86,82],[31,86,82]],
"dataFlowHyperEdges":[[6,9,3],[7,9,4],[12,15,6],[6,17,11],[21,26,3],[6,26,3],[23,26,4],[29,30,19],[41,47,32],[42,47,34],[36,48,41],[51,54,36],[52,54,36],[36,55,50],[59,63,38],[60,63,38],[61,63,39],[36,64,57],[69,74,32],[38,74,32],[70,74,33],[39,74,33],[68,74,34],[77,78,66],[3,80,36],[3,81,38],[7,81,39]],
"controlLocationEdgeForSCC":[],
"predicateTransitiveEdges":[[37,37],[5,5],[56,56],[35,35],[49,49],[10,10]],
"dummyFiled":[]
}