{
"nodeIds":[0,1,2,3,4,5,6,7,8,9,10,11,12,13,14,15,16,17,18,19,20,21,22,23,24,25,26,27,28,29,30,31,32,33,34,35,36,37,38,39,40,41,42,43,44,45,46,47,48,49,50,51,52,53,54,55,56,57,58,59,60,61,62,63,64,65,66,67,68,69,70,71,72,73,74,75,76,77,78,79,80,81,82,83,84,85,86,87,88,89,90,91,92,93,94,95,96,97,98,99,100,101,102,103,104,105,106,107,108,109,110,111,112,113,114,115,116,117,118,119,120,121,122,123,124,125,126,127,128,129,130,131,132,133,134,135,136,137,138,139,140,141,142,143,144,145,146,147,148,149,150,151,152,153,154,155,156,157,158,159,160,161,162,163,164,165,166,167,168,169,170],
"nodeSymbolList":["dummy","Initial","CONTROL_0","CONTROL_1","predicateArgument_0","predicateArgument_1","predicateArgument_2","predicateArgument_3","predicateArgument_4","predicateArgument_5","predicateArgument_6","predicateArgument_7","predicateArgument_8","predicateArgument_9","predicateArgument_10","predicateArgument_11","predicateArgument_12","predicateArgument_13","predicateArgument_14","predicateArgument_15","predicateArgument_16","predicateArgument_17","predicateArgument_18","predicateArgument_19","predicateArgument_20","predicateArgument_21","predicateArgument_22","predicateArgument_23","predicateArgument_24","predicateArgument_25","predicateArgument_26","CONTROL_2","predicateArgument_27","predicateArgument_28","predicateArgument_29","predicateArgument_30","predicateArgument_31","predicateArgument_32","predicateArgument_33","predicateArgument_34","predicateArgument_35","predicateArgument_36","predicateArgument_37","predicateArgument_38","predicateArgument_39","predicateArgument_40","predicateArgument_41","predicateArgument_42","predicateArgument_43","predicateArgument_44","predicateArgument_45","predicateArgument_46","predicateArgument_47","predicateArgument_48","predicateArgument_49","predicateArgument_50","predicateArgument_51","=","2","=","2480","=","262","=","3","guard_0","true","guard_1","CONTROL_3","predicateArgument_52","predicateArgument_53","predicateArgument_54","predicateArgument_55","predicateArgument_56","predicateArgument_57","predicateArgument_58","predicateArgument_59","predicateArgument_60","predicateArgument_61","predicateArgument_62","predicateArgument_63","predicateArgument_64","predicateArgument_65","predicateArgument_66","predicateArgument_67","predicateArgument_68","predicateArgument_69","predicateArgument_70","predicateArgument_71","predicateArgument_72","predicateArgument_73","predicateArgument_74","predicateArgument_75","predicateArgument_76","predicateArgument_77","predicateArgument_78","263","2559","=","=","=","guard_2","=","=","=","guard_3","CONTROL_4","predicateArgument_79","predicateArgument_80","predicateArgument_81","predicateArgument_82","predicateArgument_83","predicateArgument_84","predicateArgument_85","predicateArgument_86","predicateArgument_87","predicateArgument_88","predicateArgument_89","predicateArgument_90","predicateArgument_91","predicateArgument_92","predicateArgument_93","predicateArgument_94","predicateArgument_95","predicateArgument_96","predicateArgument_97","predicateArgument_98","predicateArgument_99","predicateArgument_100","predicateArgument_101","predicateArgument_102","predicateArgument_103","predicateArgument_104","predicateArgument_105","=","=","=","=","=","=","=","=","=","=","=","=","=","=","=","=","=","=","=","=","=","=","=","=","=","=","=","=","=","=","guard_4","=","=","=","guard_5","FALSE","guard_6"],
"falseIndices":[169],
"initialIndices":[1],
"argumentIndices":[4,5,6,7,8,9,10,11,12,13,14,15,16,17,18,19,20,21,22,23,24,25,26,27,28,29,30,32,33,34,35,36,37,38,39,40,41,42,43,44,45,46,47,48,49,50,51,52,53,54,55,56,69,70,71,72,73,74,75,76,77,78,79,80,81,82,83,84,85,86,87,88,89,90,91,92,93,94,95,107,108,109,110,111,112,113,114,115,116,117,118,119,120,121,122,123,124,125,126,127,128,129,130,131,132,133],
"argumentBoundList":[[1,1],[1,1],[1,1],[0,0],[0,0],[0,0],[0,0],[0,0],[0,0],[0,0],[0,0],[0,0],[0,0],[0,0],[0,0],[0,0],[0,0],[0,0],[0,0],[0,0],[0,0],[0,0],[0,0],[0,0],[0,0],[0,0],[0,0],[1,1],[0,0],[0,0],[0,0],[0,0],[0,0],[0,0],[0,0],[0,0],[0,0],[0,0],[0,0],[0,0],[0,0],[0,0],[0,0],[0,0],[0,0],[0,0],[0,0],[0,0],[0,0],[0,0],[0,0],[0,0],[1,1],[1,1],[1,1],[0,0],[0,0],[0,0],[0,0],[0,0],[0,0],[0,0],[0,0],[0,0],[0,0],[0,0],[0,0],[0,0],[0,0],[0,0],[0,0],[0,0],[0,0],[0,0],[0,0],[0,0],[0,0],[0,0],[0,0],[1,1],[1,1],[1,1],[0,0],[0,0],[0,0],[0,0],[0,0],[0,0],[0,0],[0,0],[0,0],[0,0],[0,0],[0,0],[0,0],[0,0],[0,0],[0,0],[0,0],[0,0],[0,0],[0,0],[0,0],[0,0],[0,0],[0,0]],
"argumentBinaryOccurrenceList":[0,0,0,0,0,0,0,0,0,0,0,0,0,0,0,0,0,0,0,0,0,0,0,0,0,0,0,0,0,0,0,0,0,0,0,0,0,0,0,0,0,0,0,0,0,0,0,0,0,0,0,0,0,0,0,0,0,0,0,0,0,0,0,0,0,0,0,0,0,0,0,0,0,0,0,0,0,0,0,0,0,0,0,0,0,0,0,0,0,0,0,0,0,0,0,0,0,0,0,0,0,0,0,0,0,0],
"argumentOccurrence":[0,0,0,0,0,0,0,0,0,0,0,0,0,0,0,0,0,0,0,0,0,0,0,0,0,0,0,0,0,0,0,0,0,0,0,0,0,0,0,0,0,0,0,0,0,0,0,0,0,0,0,0,0,0,0,0,0,0,0,0,0,0,0,0,0,0,0,0,0,0,0,0,0,0,0,0,0,0,0,0,0,0,0,0,0,0,0,0,0,0,0,0,0,0,0,0,0,0,0,0,0,0,0,0,0,0],
"templateIndices":[],
"templateRelevanceLabel":[],
"templateCostLabel":[],
"clauseIndices":[],
"guardIndices":[65,67,101,105,164,168,170],
"clauseBinaryOccurrenceInCounterExampleList":[0,0,0,0,0,0,0],
"predictedLabel":[],
"controlLocationIndices":[2,3,31,68,106],
"binaryAdjacentList":[[3,3],[4,3],[4,57],[4,102],[4,134],[4,165],[5,3],[5,61],[5,104],[5,137],[5,167],[6,3],[6,59],[6,103],[6,135],[6,166],[7,3],[8,3],[9,3],[10,3],[11,3],[12,3],[13,3],[14,3],[15,3],[16,3],[17,3],[18,3],[19,3],[20,3],[21,3],[22,3],[23,3],[24,3],[25,3],[26,3],[27,3],[28,3],[29,3],[30,3],[32,31],[32,63],[33,31],[33,151],[34,31],[34,163],[35,31],[35,144],[36,31],[36,146],[37,31],[37,155],[38,31],[38,156],[39,31],[39,159],[40,31],[40,152],[41,31],[41,145],[42,31],[42,140],[43,31],[43,149],[44,31],[44,162],[45,31],[45,153],[46,31],[46,158],[47,31],[47,147],[48,31],[48,141],[49,31],[49,154],[50,31],[50,142],[51,31],[51,150],[52,31],[52,143],[53,31],[53,161],[54,31],[54,160],[55,31],[55,148],[56,31],[56,157],[57,65],[58,57],[58,98],[58,102],[58,134],[58,165],[59,65],[60,59],[60,99],[60,103],[60,135],[60,166],[61,65],[62,61],[62,100],[62,104],[62,137],[62,167],[63,65],[64,63],[64,139],[66,67],[66,170],[68,68],[69,68],[69,98],[70,68],[70,100],[71,68],[71,99],[72,68],[73,68],[74,68],[75,68],[76,68],[77,68],[78,68],[79,68],[80,68],[81,68],[82,68],[83,68],[84,68],[85,68],[86,68],[87,68],[88,68],[89,68],[90,68],[91,68],[92,68],[93,68],[94,68],[95,68],[96,138],[97,136],[98,101],[99,101],[100,101],[102,105],[103,105],[104,105],[107,106],[107,139],[108,106],[108,138],[109,106],[109,136],[110,106],[110,151],[111,106],[111,163],[112,106],[112,144],[113,106],[113,146],[114,106],[114,155],[115,106],[115,156],[116,106],[116,159],[117,106],[117,152],[118,106],[118,145],[119,106],[119,140],[120,106],[120,149],[121,106],[121,162],[122,106],[122,153],[123,106],[123,158],[124,106],[124,147],[125,106],[125,141],[126,106],[126,154],[127,106],[127,142],[128,106],[128,150],[129,106],[129,143],[130,106],[130,161],[131,106],[131,160],[132,106],[132,148],[133,106],[133,157],[134,164],[135,164],[136,164],[137,164],[138,164],[139,164],[140,164],[141,164],[142,164],[143,164],[144,164],[145,164],[146,164],[147,164],[148,164],[149,164],[150,164],[151,164],[152,164],[153,164],[154,164],[155,164],[156,164],[157,164],[158,164],[159,164],[160,164],[161,164],[162,164],[163,164],[165,168],[166,168],[167,168]],
"ternaryAdjacencyList":[[3,65,2],[31,65,2],[1,67,3],[58,67,4],[62,67,5],[60,67,6],[68,101,3],[64,101,4],[96,101,5],[97,101,6],[72,101,7],[73,101,8],[74,101,9],[75,101,10],[76,101,11],[77,101,12],[78,101,13],[79,101,14],[80,101,15],[81,101,16],[82,101,17],[83,101,18],[84,101,19],[85,101,20],[86,101,21],[87,101,22],[88,101,23],[89,101,24],[90,101,25],[91,101,26],[92,101,27],[93,101,28],[94,101,29],[95,101,30],[3,105,68],[58,105,69],[62,105,70],[60,105,71],[7,105,72],[8,105,73],[9,105,74],[10,105,75],[11,105,76],[12,105,77],[13,105,78],[14,105,79],[15,105,80],[16,105,81],[17,105,82],[18,105,83],[19,105,84],[20,105,85],[21,105,86],[22,105,87],[23,105,88],[24,105,89],[25,105,90],[26,105,91],[27,105,92],[28,105,93],[29,105,94],[30,105,95],[3,164,31],[106,164,31],[64,164,32],[110,164,33],[111,164,34],[112,164,35],[113,164,36],[114,164,37],[115,164,38],[116,164,39],[117,164,40],[118,164,41],[119,164,42],[120,164,43],[121,164,44],[122,164,45],[123,164,46],[124,164,47],[125,164,48],[126,164,49],[127,164,50],[128,164,51],[129,164,52],[130,164,53],[131,164,54],[132,164,55],[133,164,56],[3,168,106],[64,168,107],[96,168,108],[97,168,109],[7,168,110],[8,168,111],[9,168,112],[10,168,113],[11,168,114],[12,168,115],[13,168,116],[14,168,117],[15,168,118],[16,168,119],[17,168,120],[18,168,121],[19,168,122],[20,168,123],[21,168,124],[22,168,125],[23,168,126],[24,168,127],[25,168,128],[26,168,129],[27,168,130],[28,168,131],[29,168,132],[30,168,133],[2,170,169]],
"unknownEdges":[],
"argumentIDList":[25,26,27,28,29,30,31,32,33,34,35,36,37,38,39,40,41,42,43,44,45,46,47,48,49,50,51,0,1,2,3,4,5,6,7,8,9,10,11,12,13,14,15,16,17,18,19,20,21,22,23,24,52,53,54,55,56,57,58,59,60,61,62,63,64,65,66,67,68,69,70,71,72,73,74,75,76,77,78,79,80,81,82,83,84,85,86,87,88,89,90,91,92,93,94,95,96,97,98,99,100,101,102,103,104,105],
"argumentNameList":["<java.lang.Object: void <init>()>_pre:argument0","<java.lang.Object: void <init>()>_pre:argument1","<java.lang.Object: void <init>()>_pre:argument2","<java.lang.Object: void <init>()>_pre:argument3","<java.lang.Object: void <init>()>_pre:argument4","<java.lang.Object: void <init>()>_pre:argument5","<java.lang.Object: void <init>()>_pre:argument6","<java.lang.Object: void <init>()>_pre:argument7","<java.lang.Object: void <init>()>_pre:argument8","<java.lang.Object: void <init>()>_pre:argument9","<java.lang.Object: void <init>()>_pre:argument10","<java.lang.Object: void <init>()>_pre:argument11","<java.lang.Object: void <init>()>_pre:argument12","<java.lang.Object: void <init>()>_pre:argument13","<java.lang.Object: void <init>()>_pre:argument14","<java.lang.Object: void <init>()>_pre:argument15","<java.lang.Object: void <init>()>_pre:argument16","<java.lang.Object: void <init>()>_pre:argument17","<java.lang.Object: void <init>()>_pre:argument18","<java.lang.Object: void <init>()>_pre:argument19","<java.lang.Object: void <init>()>_pre:argument20","<java.lang.Object: void <init>()>_pre:argument21","<java.lang.Object: void <init>()>_pre:argument22","<java.lang.Object: void <init>()>_pre:argument23","<java.lang.Object: void <init>()>_pre:argument24","<java.lang.Object: void <init>()>_pre:argument25","<java.lang.Object: void <init>()>_pre:argument26","<C: void <init>()>_Block1_2:argument0","<C: void <init>()>_Block1_2:argument1","<C: void <init>()>_Block1_2:argument2","<C: void <init>()>_Block1_2:argument3","<C: void <init>()>_Block1_2:argument4","<C: void <init>()>_Block1_2:argument5","<C: void <init>()>_Block1_2:argument6","<C: void <init>()>_Block1_2:argument7","<C: void <init>()>_Block1_2:argument8","<C: void <init>()>_Block1_2:argument9","<C: void <init>()>_Block1_2:argument10","<C: void <init>()>_Block1_2:argument11","<C: void <init>()>_Block1_2:argument12","<C: void <init>()>_Block1_2:argument13","<C: void <init>()>_Block1_2:argument14","<C: void <init>()>_Block1_2:argument15","<C: void <init>()>_Block1_2:argument16","<C: void <init>()>_Block1_2:argument17","<C: void <init>()>_Block1_2:argument18","<C: void <init>()>_Block1_2:argument19","<C: void <init>()>_Block1_2:argument20","<C: void <init>()>_Block1_2:argument21","<C: void <init>()>_Block1_2:argument22","<C: void <init>()>_Block1_2:argument23","<C: void <init>()>_Block1_2:argument24","<java.lang.Object: void <init>()>_pre_2_1:argument0","<java.lang.Object: void <init>()>_pre_2_1:argument1","<java.lang.Object: void <init>()>_pre_2_1:argument2","<java.lang.Object: void <init>()>_pre_2_1:argument3","<java.lang.Object: void <init>()>_pre_2_1:argument4","<java.lang.Object: void <init>()>_pre_2_1:argument5","<java.lang.Object: void <init>()>_pre_2_1:argument6","<java.lang.Object: void <init>()>_pre_2_1:argument7","<java.lang.Object: void <init>()>_pre_2_1:argument8","<java.lang.Object: void <init>()>_pre_2_1:argument9","<java.lang.Object: void <init>()>_pre_2_1:argument10","<java.lang.Object: void <init>()>_pre_2_1:argument11","<java.lang.Object: void <init>()>_pre_2_1:argument12","<java.lang.Object: void <init>()>_pre_2_1:argument13","<java.lang.Object: void <init>()>_pre_2_1:argument14","<java.lang.Object: void <init>()>_pre_2_1:argument15","<java.lang.Object: void <init>()>_pre_2_1:argument16","<java.lang.Object: void <init>()>_pre_2_1:argument17","<java.lang.Object: void <init>()>_pre_2_1:argument18","<java.lang.Object: void <init>()>_pre_2_1:argument19","<java.lang.Object: void <init>()>_pre_2_1:argument20","<java.lang.Object: void <init>()>_pre_2_1:argument21","<java.lang.Object: void <init>()>_pre_2_1:argument22","<java.lang.Object: void <init>()>_pre_2_1:argument23","<java.lang.Object: void <init>()>_pre_2_1:argument24","<java.lang.Object: void <init>()>_pre_2_1:argument25","<java.lang.Object: void <init>()>_pre_2_1:argument26","<java.lang.Object: void <init>()>_pre_3_1:argument0","<java.lang.Object: void <init>()>_pre_3_1:argument1","<java.lang.Object: void <init>()>_pre_3_1:argument2","<java.lang.Object: void <init>()>_pre_3_1:argument3","<java.lang.Object: void <init>()>_pre_3_1:argument4","<java.lang.Object: void <init>()>_pre_3_1:argument5","<java.lang.Object: void <init>()>_pre_3_1:argument6","<java.lang.Object: void <init>()>_pre_3_1:argument7","<java.lang.Object: void <init>()>_pre_3_1:argument8","<java.lang.Object: void <init>()>_pre_3_1:argument9","<java.lang.Object: void <init>()>_pre_3_1:argument10","<java.lang.Object: void <init>()>_pre_3_1:argument11","<java.lang.Object: void <init>()>_pre_3_1:argument12","<java.lang.Object: void <init>()>_pre_3_1:argument13","<java.lang.Object: void <init>()>_pre_3_1:argument14","<java.lang.Object: void <init>()>_pre_3_1:argument15","<java.lang.Object: void <init>()>_pre_3_1:argument16","<java.lang.Object: void <init>()>_pre_3_1:argument17","<java.lang.Object: void <init>()>_pre_3_1:argument18","<java.lang.Object: void <init>()>_pre_3_1:argument19","<java.lang.Object: void <init>()>_pre_3_1:argument20","<java.lang.Object: void <init>()>_pre_3_1:argument21","<java.lang.Object: void <init>()>_pre_3_1:argument22","<java.lang.Object: void <init>()>_pre_3_1:argument23","<java.lang.Object: void <init>()>_pre_3_1:argument24","<java.lang.Object: void <init>()>_pre_3_1:argument25","<java.lang.Object: void <init>()>_pre_3_1:argument26"],
"predicateIndices":[2,3,31,68,106],
"predicateOccurrenceInClause":[2,6,2,2,2],
"predicateStrongConnectedComponent":[0,1,0,1,0],
"argumentEdges":[[4,3],[5,3],[6,3],[7,3],[8,3],[9,3],[10,3],[11,3],[12,3],[13,3],[14,3],[15,3],[16,3],[17,3],[18,3],[19,3],[20,3],[21,3],[22,3],[23,3],[24,3],[25,3],[26,3],[27,3],[28,3],[29,3],[30,3],[32,31],[33,31],[34,31],[35,31],[36,31],[37,31],[38,31],[39,31],[40,31],[41,31],[42,31],[43,31],[44,31],[45,31],[46,31],[47,31],[48,31],[49,31],[50,31],[51,31],[52,31],[53,31],[54,31],[55,31],[56,31],[69,68],[70,68],[71,68],[72,68],[73,68],[74,68],[75,68],[76,68],[77,68],[78,68],[79,68],[80,68],[81,68],[82,68],[83,68],[84,68],[85,68],[86,68],[87,68],[88,68],[89,68],[90,68],[91,68],[92,68],[93,68],[94,68],[95,68],[107,106],[108,106],[109,106],[110,106],[111,106],[112,106],[113,106],[114,106],[115,106],[116,106],[117,106],[118,106],[119,106],[120,106],[121,106],[122,106],[123,106],[124,106],[125,106],[126,106],[127,106],[128,106],[129,106],[130,106],[131,106],[132,106],[133,106]],
"guardASTEdges":[[57,65],[59,65],[61,65],[63,65],[66,67],[98,101],[99,101],[100,101],[102,105],[103,105],[104,105],[134,164],[135,164],[136,164],[137,164],[138,164],[139,164],[140,164],[141,164],[142,164],[143,164],[144,164],[145,164],[146,164],[147,164],[148,164],[149,164],[150,164],[151,164],[152,164],[153,164],[154,164],[155,164],[156,164],[157,164],[158,164],[159,164],[160,164],[161,164],[162,164],[163,164],[165,168],[166,168],[167,168],[66,170]],
"ASTEdges":[],
"AST_1Edges":[[4,57],[6,59],[5,61],[32,63],[69,98],[71,99],[70,100],[4,102],[6,103],[5,104],[4,134],[6,135],[109,136],[5,137],[108,138],[107,139],[119,140],[125,141],[127,142],[129,143],[112,144],[118,145],[113,146],[124,147],[132,148],[120,149],[128,150],[110,151],[117,152],[122,153],[126,154],[114,155],[115,156],[133,157],[123,158],[116,159],[131,160],[130,161],[121,162],[111,163],[4,165],[6,166],[5,167]],
"AST_2Edges":[[58,57],[60,59],[62,61],[64,63],[58,98],[60,99],[62,100],[58,102],[60,103],[62,104],[58,134],[60,135],[97,136],[62,137],[96,138],[64,139],[42,140],[48,141],[50,142],[52,143],[35,144],[41,145],[36,146],[47,147],[55,148],[43,149],[51,150],[33,151],[40,152],[45,153],[49,154],[37,155],[38,156],[56,157],[46,158],[39,159],[54,160],[53,161],[44,162],[34,163],[58,165],[60,166],[62,167]],
"templateASTEdges":[],
"templateEdges":[],
"verifHintTplPredEdges":[],
"verifHintTplPredPosNegEdges":[],
"verifHintTplEqTermEdges":[],
"verifHintTplInEqTermEdges":[],
"verifHintTplInEqTermPosNegEdges":[],
"dataFlowASTEdges":[],
"controlFlowHyperEdges":[[3,65,2],[31,65,2],[1,67,3],[68,101,3],[3,105,68],[3,164,31],[106,164,31],[3,168,106],[2,170,169]],
"dataFlowHyperEdges":[[58,67,4],[62,67,5],[60,67,6],[64,101,4],[96,101,5],[97,101,6],[72,101,7],[73,101,8],[74,101,9],[75,101,10],[76,101,11],[77,101,12],[78,101,13],[79,101,14],[80,101,15],[81,101,16],[82,101,17],[83,101,18],[84,101,19],[85,101,20],[86,101,21],[87,101,22],[88,101,23],[89,101,24],[90,101,25],[91,101,26],[92,101,27],[93,101,28],[94,101,29],[95,101,30],[58,105,69],[62,105,70],[60,105,71],[7,105,72],[8,105,73],[9,105,74],[10,105,75],[11,105,76],[12,105,77],[13,105,78],[14,105,79],[15,105,80],[16,105,81],[17,105,82],[18,105,83],[19,105,84],[20,105,85],[21,105,86],[22,105,87],[23,105,88],[24,105,89],[25,105,90],[26,105,91],[27,105,92],[28,105,93],[29,105,94],[30,105,95],[64,164,32],[110,164,33],[111,164,34],[112,164,35],[113,164,36],[114,164,37],[115,164,38],[116,164,39],[117,164,40],[118,164,41],[119,164,42],[120,164,43],[121,164,44],[122,164,45],[123,164,46],[124,164,47],[125,164,48],[126,164,49],[127,164,50],[128,164,51],[129,164,52],[130,164,53],[131,164,54],[132,164,55],[133,164,56],[64,168,107],[96,168,108],[97,168,109],[7,168,110],[8,168,111],[9,168,112],[10,168,113],[11,168,114],[12,168,115],[13,168,116],[14,168,117],[15,168,118],[16,168,119],[17,168,120],[18,168,121],[19,168,122],[20,168,123],[21,168,124],[22,168,125],[23,168,126],[24,168,127],[25,168,128],[26,168,129],[27,168,130],[28,168,131],[29,168,132],[30,168,133]],
"controlLocationEdgeForSCC":[],
"predicateTransitiveEdges":[[3,3],[68,68]],
"dummyFiled":[]
}