{
"nodeIds":[0,1,2,3,4,5,6,7,8,9,10,11,12,13,14,15,16,17,18,19,20,21,22,23,24,25,26,27,28,29,30,31,32,33,34,35,36,37,38,39,40,41,42,43],
"nodeSymbolList":["dummy","Initial","CONTROL_0","predicateArgument_0","CONTROL_1","predicateArgument_1","predicateArgument_2","predicateArgument_3","predicateArgument_4","CONTROL_2","predicateArgument_5","predicateArgument_6","predicateArgument_7","predicateArgument_8","=","0","=","guard_0","=","guard_1","CONTROL_3","predicateArgument_9","predicateArgument_10","predicateArgument_11","predicateArgument_12","=","!","guard_2","true","guard_3","1","guard_4","2","3","199","guard_5","CONTROL_4","=","guard_6","=","!","guard_7","FALSE","guard_8"],
"falseIndices":[42],
"initialIndices":[1],
"argumentIndices":[3,5,6,7,8,10,11,12,13,21,22,23,24],
"argumentBoundList":[["None","None"],["None","None"],["None","None"],["None","None"],["None","None"],["None","None"],["None","None"],["None","None"],["None","None"],["None","None"],["None","None"],["None","None"],["None","None"]],
"argumentBinaryOccurrenceList":[0,0,0,0,0,0,0,0,0,0,0,0,0],
"argumentOccurrence":[0,0,0,0,0,0,0,0,0,0,0,0,0],
"templateIndices":[],
"templateRelevanceLabel":[],
"templateCostLabel":[],
"clauseIndices":[],
"guardIndices":[17,19,27,29,31,35,38,41,43],
"clauseBinaryOccurrenceInCounterExampleList":[0,0,0,0,0,0,0,0,1],
"predictedLabel":[],
"controlLocationIndices":[2,4,9,20,36],
"binaryAdjacentList":[[3,2],[3,39],[5,4],[5,14],[5,18],[5,37],[6,4],[7,4],[8,4],[10,9],[10,16],[11,9],[12,9],[13,9],[14,17],[15,14],[15,16],[15,18],[15,25],[15,37],[15,39],[16,17],[18,19],[21,20],[21,25],[22,20],[23,20],[24,20],[25,26],[26,27],[28,29],[28,31],[28,35],[28,43],[37,38],[39,40],[40,41]],
"ternaryAdjacencyList":[[4,17,2],[9,17,2],[4,19,9],[15,19,10],[6,19,11],[7,19,12],[8,19,13],[4,27,2],[20,27,2],[4,29,20],[5,29,21],[6,29,22],[7,29,23],[8,29,24],[1,31,4],[15,31,5],[15,31,6],[15,31,7],[30,31,8],[1,35,4],[32,35,5],[33,35,6],[34,35,7],[32,35,8],[4,38,36],[2,41,36],[36,43,42]],
"unknownEdges":[],
"argumentIDList":[0,1,2,3,4,5,6,7,8,9,10,11,12],
"argumentNameList":["<Main: void main(JayArray_java_lang_String)>_Block11_13:argument0","<java.lang.String: java.lang.String valueOf(boolean)>_Block3:argument0","<java.lang.String: java.lang.String valueOf(boolean)>_Block3:argument1","<java.lang.String: java.lang.String valueOf(boolean)>_Block3:argument2","<java.lang.String: java.lang.String valueOf(boolean)>_Block3:argument3","<java.lang.String: java.lang.String valueOf(boolean)>_Block3_0_1:argument0","<java.lang.String: java.lang.String valueOf(boolean)>_Block3_0_1:argument1","<java.lang.String: java.lang.String valueOf(boolean)>_Block3_0_1:argument2","<java.lang.String: java.lang.String valueOf(boolean)>_Block3_0_1:argument3","<java.lang.String: java.lang.String valueOf(boolean)>_Block3_1_1:argument0","<java.lang.String: java.lang.String valueOf(boolean)>_Block3_1_1:argument1","<java.lang.String: java.lang.String valueOf(boolean)>_Block3_1_1:argument2","<java.lang.String: java.lang.String valueOf(boolean)>_Block3_1_1:argument3"],
"predicateIndices":[2,4,9,20,36],
"predicateOccurrenceInClause":[3,7,2,2,3],
"predicateStrongConnectedComponent":[0,0,0,0,0],
"argumentEdges":[[3,2],[5,4],[6,4],[7,4],[8,4],[10,9],[11,9],[12,9],[13,9],[21,20],[22,20],[23,20],[24,20]],
"guardASTEdges":[[14,17],[16,17],[18,19],[26,27],[28,29],[28,31],[28,35],[37,38],[40,41],[28,43]],
"ASTEdges":[],
"AST_1Edges":[[5,14],[10,16],[5,18],[21,25],[25,26],[5,37],[3,39],[39,40]],
"AST_2Edges":[[15,14],[15,16],[15,18],[15,25],[15,37],[15,39]],
"templateASTEdges":[],
"templateEdges":[],
"verifHintTplPredEdges":[],
"verifHintTplPredPosNegEdges":[],
"verifHintTplEqTermEdges":[],
"verifHintTplInEqTermEdges":[],
"verifHintTplInEqTermPosNegEdges":[],
"dataFlowASTEdges":[],
"controlFlowHyperEdges":[[4,17,2],[9,17,2],[4,19,9],[4,27,2],[20,27,2],[4,29,20],[1,31,4],[1,35,4],[4,38,36],[2,41,36],[36,43,42]],
"dataFlowHyperEdges":[[15,19,10],[6,19,11],[7,19,12],[8,19,13],[5,29,21],[6,29,22],[7,29,23],[8,29,24],[15,31,5],[15,31,6],[15,31,7],[30,31,8],[32,35,5],[33,35,6],[34,35,7],[32,35,8]],
"controlLocationEdgeForSCC":[],
"predicateTransitiveEdges":[],
"dummyFiled":[]
}