{
"nodeIds":[0,1,2,3,4,5,6,7,8,9,10,11,12,13,14,15,16,17,18,19,20,21,22,23,24,25,26,27,28,29,30,31,32,33,34,35,36,37,38,39,40,41,42,43,44,45,46,47,48,49,50,51,52,53,54,55,56,57,58,59,60,61,62,63,64,65,66,67,68,69,70,71,72,73,74,75,76,77,78,79,80,81,82,83,84,85,86,87,88,89,90,91,92,93,94,95,96,97,98,99,100,101,102,103,104,105,106,107,108,109,110,111,112,113,114,115,116,117,118,119,120,121,122,123,124,125,126,127,128,129],
"nodeSymbolList":["predicateName_0","predicateArgument_0","predicateArgument_1","FALSE","clause_0","=","symbolicConstant_0","0","!","=","symbolicConstant_1","!","=","symbolicConstant_2","!","=","symbolicConstant_3","!","=","symbolicConstant_4","!","=","symbolicConstant_5","!","=","symbolicConstant_6","!","=","symbolicConstant_7","1","=","symbolicConstant_8","clauseHead_0","clauseArgument_0","clauseArgument_1","clause_1","=","symbolicConstant_9","!","=","symbolicConstant_10","!","=","symbolicConstant_11","!","=","symbolicConstant_12","!","=","symbolicConstant_13","!","=","symbolicConstant_14","!","=","symbolicConstant_15","!",">=","symbolicConstant_16","=","symbolicConstant_17","clauseHead_1","clauseArgument_2","clauseArgument_3","clause_2","+","symbolicConstant_18","symbolicConstant_19","=","symbolicConstant_20","=","symbolicConstant_21","!","=","symbolicConstant_22","!","=","symbolicConstant_23","!","=","symbolicConstant_24","!","=","symbolicConstant_25","!","=","symbolicConstant_26","!","=","symbolicConstant_27","!","=","symbolicConstant_28","!","=","symbolicConstant_29","!",">=","symbolicConstant_30","2","clauseHead_2","clauseArgument_4","clauseArgument_5","clauseBody_0","clauseArgument_6","clauseArgument_7","+","-1","clauseBody_1","clauseArgument_8","clauseArgument_9","+","-2","clause_3","=","symbolicConstant_31","!","=","symbolicConstant_32","!","true","=","symbolicConstant_33","!","clauseHead_3","clauseBody_2","clauseArgument_10","6765","clauseArgument_11","20"],
"falseIndices":[3],
"initialIndices":[],
"argumentIndices":[1,2],
"argumentBoundList":[[1,0],[0,0]],
"argumentBinaryOccurrenceList":[0,0],
"argumentOccurrence":[0,0],
"templateIndices":[],
"templateRelevanceLabel":[],
"templateCostLabel":[],
"clauseIndices":[4,35,64,113],
"guardIndices":[],
"clauseBinaryOccurrenceInCounterExampleList":[0,0,0,0],
"predictedLabel":[],
"controlLocationIndices":[],
"binaryAdjacentList":[[0,1],[0,2],[0,32],[0,61],[0,100],[1,33],[1,62],[1,101],[1,104],[1,109],[1,126],[2,34],[2,63],[2,102],[2,105],[2,110],[2,128],[3,124],[4,32],[5,8],[6,5],[7,5],[7,9],[7,12],[7,15],[7,18],[7,21],[7,24],[7,36],[7,39],[7,42],[7,45],[7,48],[7,51],[7,54],[7,57],[7,59],[7,70],[7,73],[7,76],[7,79],[7,82],[7,85],[7,88],[7,91],[7,94],[7,114],[7,117],[7,121],[8,4],[9,11],[10,9],[11,4],[11,4],[11,4],[12,14],[13,12],[14,4],[14,4],[14,4],[15,17],[16,15],[17,4],[17,4],[17,4],[18,20],[19,18],[20,4],[21,23],[22,21],[23,4],[24,26],[25,24],[26,4],[27,4],[28,27],[29,27],[29,30],[30,4],[31,30],[32,33],[32,34],[33,28],[34,31],[35,61],[36,38],[37,36],[38,35],[39,41],[40,39],[41,35],[41,35],[41,35],[42,44],[43,42],[44,35],[44,35],[44,35],[45,47],[46,45],[47,35],[47,35],[47,35],[48,50],[49,48],[50,35],[51,53],[52,51],[53,35],[54,56],[55,54],[56,35],[57,35],[58,57],[59,35],[60,59],[61,62],[61,63],[62,60],[63,58],[64,100],[65,68],[66,65],[66,104],[67,65],[67,109],[68,64],[69,68],[70,72],[71,70],[72,64],[73,75],[74,73],[75,64],[76,78],[77,76],[78,64],[78,64],[78,64],[79,81],[80,79],[81,64],[81,64],[81,64],[82,84],[83,82],[84,64],[85,87],[86,85],[87,64],[88,90],[89,88],[90,64],[91,93],[92,91],[93,64],[94,96],[95,94],[96,64],[97,64],[98,97],[98,106],[98,111],[99,97],[100,101],[100,102],[101,69],[102,98],[103,0],[103,64],[104,103],[105,103],[106,105],[107,106],[108,0],[108,64],[109,108],[110,108],[111,110],[112,111],[113,124],[114,116],[115,114],[116,113],[116,113],[117,119],[118,117],[119,113],[120,113],[120,113],[121,123],[122,121],[123,113],[125,0],[125,113],[126,125],[127,126],[128,125],[129,128]],
"ternaryAdjacencyList":[],
"unknownEdges":[],
"argumentIDList":[0,1],
"argumentNameList":["fibo@UnifiedReturnBlock.split:argument0","fibo@UnifiedReturnBlock.split:argument1"],
"predicateIndices":[0],
"predicateOccurrenceInClause":[6],
"predicateStrongConnectedComponent":[1],
"predicateArgumentEdges":[[0,1],[0,2]],
"predicateInstanceEdges":[[0,32],[0,61],[0,100],[103,0],[108,0],[3,124],[125,0]],
"argumentInstanceEdges":[[1,33],[2,34],[1,62],[2,63],[1,101],[2,102],[1,104],[2,105],[1,109],[2,110],[1,126],[2,128]],
"controlHeadEdges":[[4,32],[35,61],[64,100],[113,124]],
"controlBodyEdges":[[103,64],[108,64],[125,113]],
"controlEdges":[],
"controlArgumentEdges":[[32,33],[32,34],[61,62],[61,63],[100,101],[100,102],[104,103],[105,103],[109,108],[110,108],[126,125],[128,125]],
"subTermEdges":[[6,5],[7,5],[5,8],[10,9],[7,9],[9,11],[13,12],[7,12],[12,14],[16,15],[7,15],[15,17],[19,18],[7,18],[18,20],[22,21],[7,21],[21,23],[25,24],[7,24],[24,26],[28,27],[29,27],[31,30],[29,30],[37,36],[7,36],[36,38],[40,39],[7,39],[39,41],[43,42],[7,42],[42,44],[46,45],[7,45],[45,47],[49,48],[7,48],[48,50],[52,51],[7,51],[51,53],[55,54],[7,54],[54,56],[7,57],[58,57],[60,59],[7,59],[66,65],[67,65],[65,68],[69,68],[71,70],[7,70],[70,72],[74,73],[7,73],[73,75],[77,76],[7,76],[76,78],[80,79],[7,79],[79,81],[83,82],[7,82],[82,84],[86,85],[7,85],[85,87],[89,88],[7,88],[88,90],[92,91],[7,91],[91,93],[95,94],[7,94],[94,96],[98,97],[99,97],[98,106],[107,106],[98,111],[112,111],[115,114],[7,114],[114,116],[118,117],[7,117],[117,119],[122,121],[7,121],[121,123]],
"guardEdges":[[8,4],[11,4],[14,4],[17,4],[20,4],[23,4],[26,4],[17,4],[14,4],[11,4],[17,4],[14,4],[11,4],[27,4],[30,4],[38,35],[41,35],[44,35],[47,35],[50,35],[53,35],[56,35],[57,35],[47,35],[44,35],[41,35],[47,35],[44,35],[41,35],[59,35],[68,64],[72,64],[75,64],[78,64],[81,64],[84,64],[87,64],[90,64],[93,64],[96,64],[97,64],[81,64],[78,64],[81,64],[78,64],[116,113],[119,113],[120,113],[120,113],[123,113],[116,113]],
"dataEdges":[[33,28],[34,31],[62,60],[63,58],[101,69],[102,98],[66,104],[106,105],[67,109],[111,110],[127,126],[129,128]],
"predicateInstanceHeadEdges":[],
"predicateInstanceBodyEdges":[],
"controlArgumentHeadEdges":[],
"controlArgumentBodyEdges":[],
"guardConstantEdges":[],
"guardOperatorEdges":[],
"guardScEdges":[],
"dataConstantEdges":[],
"dataOperatorEdges":[],
"dataScEdges":[],
"subTermConstantOperatorEdges":[],
"subTermOperatorOperatorEdges":[],
"subTermScOperatorEdges":[],
"dummyFiled":[]
}