{
"nodeIds":[0,1,2,3,4,5,6,7,8,9,10,11,12,13,14,15,16,17,18,19,20,21,22,23,24,25,26,27,28,29,30,31,32,33,34,35,36,37,38,39,40,41,42,43,44,45,46,47,48,49,50,51,52,53,54,55,56,57,58,59,60,61,62,63,64,65,66,67,68,69,70,71,72,73,74,75,76,77,78,79,80,81,82,83,84,85,86,87,88,89,90,91,92,93,94,95,96,97,98,99,100,101,102,103,104,105,106,107,108,109,110,111,112,113,114,115,116,117,118,119,120,121,122,123,124,125,126,127,128,129,130,131,132,133,134,135,136,137,138,139,140,141,142,143,144,145,146,147,148,149,150,151,152,153,154,155,156,157,158,159,160,161,162,163,164,165,166,167,168,169,170,171,172,173,174,175,176,177,178,179,180,181,182,183,184,185,186,187,188,189,190,191,192,193,194,195,196,197,198,199,200,201,202,203,204,205,206,207,208,209,210,211,212,213,214,215,216,217,218,219,220,221,222,223,224,225,226,227,228,229,230,231,232,233,234,235],
"nodeSymbolList":["dummy","Initial","CONTROL_0","predicateArgument_0","predicateArgument_1","2",">=","5",">=","2147483647","guard_0","CONTROL_1","predicateArgument_2","predicateArgument_3","predicateArgument_4","0","true","guard_1","CONTROL_2","predicateArgument_5","predicateArgument_6","predicateArgument_7","CONTROL_3","predicateArgument_8","predicateArgument_9","predicateArgument_10","predicateArgument_11","predicateArgument_12","predicateArgument_13","predicateArgument_14","predicateArgument_15","predicateArgument_16","predicateArgument_17","predicateArgument_18","predicateArgument_19","predicateArgument_20","predicateArgument_21","predicateArgument_22","predicateArgument_23","predicateArgument_24","predicateArgument_25","predicateArgument_26","predicateArgument_27","predicateArgument_28","predicateArgument_29","predicateArgument_30","predicateArgument_31","predicateArgument_32","predicateArgument_33","predicateArgument_34","predicateArgument_35","predicateArgument_36","predicateArgument_37","predicateArgument_38","predicateArgument_39","predicateArgument_40","predicateArgument_41","predicateArgument_42","predicateArgument_43","predicateArgument_44","predicateArgument_45","predicateArgument_46","predicateArgument_47","predicateArgument_48","predicateArgument_49","predicateArgument_50","predicateArgument_51","predicateArgument_52","predicateArgument_53","predicateArgument_54","predicateArgument_55","predicateArgument_56","predicateArgument_57","predicateArgument_58","predicateArgument_59","predicateArgument_60","predicateArgument_61","CONTROL_4","predicateArgument_62","predicateArgument_63","predicateArgument_64","predicateArgument_65","predicateArgument_66","predicateArgument_67","predicateArgument_68","predicateArgument_69","predicateArgument_70","predicateArgument_71","predicateArgument_72","predicateArgument_73","predicateArgument_74","predicateArgument_75","predicateArgument_76","predicateArgument_77","predicateArgument_78","predicateArgument_79","predicateArgument_80","predicateArgument_81","predicateArgument_82","predicateArgument_83","predicateArgument_84","predicateArgument_85","predicateArgument_86","predicateArgument_87","predicateArgument_88","predicateArgument_89","predicateArgument_90","predicateArgument_91","predicateArgument_92","predicateArgument_93","predicateArgument_94","predicateArgument_95","predicateArgument_96","predicateArgument_97","predicateArgument_98","predicateArgument_99","predicateArgument_100","predicateArgument_101","predicateArgument_102","predicateArgument_103","predicateArgument_104","predicateArgument_105","predicateArgument_106","predicateArgument_107","predicateArgument_108","predicateArgument_109","predicateArgument_110","predicateArgument_111","predicateArgument_112","+","1","=",">=","-2147483648",">=","3",">=","4","=","=","guard_2","guard_3","CONTROL_5","predicateArgument_113","predicateArgument_114","CONTROL_6","predicateArgument_115","predicateArgument_116","predicateArgument_117","predicateArgument_118","predicateArgument_119","predicateArgument_120","predicateArgument_121","predicateArgument_122","predicateArgument_123","predicateArgument_124","predicateArgument_125","predicateArgument_126","predicateArgument_127","predicateArgument_128","predicateArgument_129","predicateArgument_130","predicateArgument_131","predicateArgument_132","predicateArgument_133","predicateArgument_134","predicateArgument_135","predicateArgument_136","predicateArgument_137","predicateArgument_138","predicateArgument_139","predicateArgument_140","predicateArgument_141","predicateArgument_142","predicateArgument_143","predicateArgument_144","predicateArgument_145","predicateArgument_146","predicateArgument_147","predicateArgument_148","predicateArgument_149","predicateArgument_150","predicateArgument_151","predicateArgument_152","predicateArgument_153","predicateArgument_154","predicateArgument_155","predicateArgument_156","predicateArgument_157","predicateArgument_158","predicateArgument_159","predicateArgument_160","predicateArgument_161","predicateArgument_162","predicateArgument_163","predicateArgument_164","predicateArgument_165","predicateArgument_166","predicateArgument_167","predicateArgument_168","=","!","=","=",">=",">=","guard_4","=","guard_5","guard_6","guard_7","164","9313","guard_8","=","=","=","guard_9","=","=","=","guard_10","=","=","=","guard_11","CONTROL_7","=","!","=",">=",">=","guard_12","guard_13","FALSE","guard_14"],
"falseIndices":[234],
"initialIndices":[1],
"argumentIndices":[3,4,12,13,14,19,20,21,23,24,25,26,27,28,29,30,31,32,33,34,35,36,37,38,39,40,41,42,43,44,45,46,47,48,49,50,51,52,53,54,55,56,57,58,59,60,61,62,63,64,65,66,67,68,69,70,71,72,73,74,75,76,78,79,80,81,82,83,84,85,86,87,88,89,90,91,92,93,94,95,96,97,98,99,100,101,102,103,104,105,106,107,108,109,110,111,112,113,114,115,116,117,118,119,120,121,122,123,124,125,126,127,128,143,144,146,147,148,149,150,151,152,153,154,155,156,157,158,159,160,161,162,163,164,165,166,167,168,169,170,171,172,173,174,175,176,177,178,179,180,181,182,183,184,185,186,187,188,189,190,191,192,193,194,195,196,197,198,199],
"argumentBoundList":[["None","None"],["None","None"],["None","None"],["None","None"],["None","None"],["None","None"],["None","None"],["None","None"],["None","None"],["None","None"],["None","None"],["None","None"],["None","None"],["None","None"],["None","None"],["None","None"],["None","None"],["None","None"],["None","None"],["None","None"],["None","None"],["None","None"],["None","None"],["None","None"],["None","None"],["None","None"],["None","None"],["None","None"],["None","None"],["None","None"],["None","None"],["None","None"],["None","None"],["None","None"],["None","None"],["None","None"],["None","None"],["None","None"],["None","None"],["None","None"],["None","None"],["None","None"],["None","None"],["None","None"],["None","None"],["None","None"],["None","None"],["None","None"],["None","None"],["None","None"],["None","None"],["None","None"],["None","None"],["None","None"],["None","None"],["None","None"],["None","None"],["None","None"],["None","None"],["None","None"],["None","None"],["None","None"],["None","None"],["None","None"],["None","None"],["None","None"],["None","None"],["None","None"],["None","None"],["None","None"],["None","None"],["None","None"],["None","None"],["None","None"],["None","None"],["None","None"],["None","None"],["None","None"],["None","None"],["None","None"],["None","None"],["None","None"],["None","None"],["None","None"],["None","None"],["None","None"],["None","None"],["None","None"],["None","None"],["None","None"],["None","None"],["None","None"],["None","None"],["None","None"],["None","None"],["None","None"],["None","None"],["None","None"],["None","None"],["None","None"],["None","None"],["None","None"],["None","None"],["None","None"],["None","None"],["None","None"],["None","None"],["None","None"],["None","None"],["None","None"],["None","None"],["None","None"],["None","None"],["None","None"],["None","None"],["None","None"],["None","None"],["None","None"],["None","None"],["None","None"],["None","None"],["None","None"],["None","None"],["None","None"],["None","None"],["None","None"],["None","None"],["None","None"],["None","None"],["None","None"],["None","None"],["None","None"],["None","None"],["None","None"],["None","None"],["None","None"],["None","None"],["None","None"],["None","None"],["None","None"],["None","None"],["None","None"],["None","None"],["None","None"],["None","None"],["None","None"],["None","None"],["None","None"],["None","None"],["None","None"],["None","None"],["None","None"],["None","None"],["None","None"],["None","None"],["None","None"],["None","None"],["None","None"],["None","None"],["None","None"],["None","None"],["None","None"],["None","None"],["None","None"],["None","None"],["None","None"],["None","None"],["None","None"],["None","None"]],
"argumentBinaryOccurrenceList":[0,0,0,0,0,0,0,0,0,0,0,0,0,0,0,0,0,0,0,0,0,0,0,0,0,0,0,0,0,0,0,0,0,0,0,0,0,0,0,0,0,0,0,0,0,0,0,0,0,0,0,0,0,0,0,0,0,0,0,0,0,0,0,0,0,0,0,0,0,0,0,0,0,0,0,0,0,0,0,0,0,0,0,0,0,0,0,0,0,0,0,0,0,0,0,0,0,0,0,0,0,0,0,0,0,0,0,0,0,0,0,0,0,0,0,0,0,0,0,0,0,0,0,0,0,0,0,0,0,0,0,0,0,0,0,0,0,0,0,0,0,0,0,0,0,0,0,0,0,0,0,0,0,0,0,0,0,0,0,0,0,0,0,0,0,0,0,0,0],
"argumentOccurrence":[0,0,0,0,0,0,0,0,0,0,0,0,0,0,0,0,0,0,0,0,0,0,0,0,0,0,0,0,0,0,0,0,0,0,0,0,0,0,0,0,0,0,0,0,0,0,0,0,0,0,0,0,0,0,0,0,0,0,0,0,0,0,0,0,0,0,0,0,0,0,0,0,0,0,0,0,0,0,0,0,0,0,0,0,0,0,0,0,0,0,0,0,0,0,0,0,0,0,0,0,0,0,0,0,0,0,0,0,0,0,0,0,0,0,0,0,0,0,0,0,0,0,0,0,0,0,0,0,0,0,0,0,0,0,0,0,0,0,0,0,0,0,0,0,0,0,0,0,0,0,0,0,0,0,0,0,0,0,0,0,0,0,0,0,0,0,0,0,0],
"templateIndices":[],
"templateRelevanceLabel":[],
"templateCostLabel":[],
"clauseIndices":[],
"guardIndices":[10,17,140,141,206,208,209,210,213,217,221,225,232,233,235],
"clauseBinaryOccurrenceInCounterExampleList":[0,0,0,0,0,0,0,0,0,0,0,0,0,0,1],
"predictedLabel":[],
"controlLocationIndices":[2,11,18,22,77,142,145,226],
"binaryAdjacentList":[[3,2],[4,2],[4,6],[4,8],[5,131],[5,202],[5,203],[5,207],[5,214],[5,219],[5,222],[5,223],[5,229],[6,10],[7,6],[8,10],[9,8],[9,230],[12,11],[12,229],[13,11],[13,230],[13,231],[14,11],[14,227],[15,139],[15,200],[15,215],[15,216],[15,220],[15,224],[15,227],[16,17],[16,141],[16,209],[16,210],[16,213],[16,233],[16,235],[19,18],[20,18],[20,132],[20,136],[21,18],[21,134],[21,138],[23,22],[23,131],[23,202],[23,207],[23,214],[23,219],[23,222],[24,22],[25,22],[26,22],[27,22],[28,22],[29,22],[30,22],[31,22],[32,22],[33,22],[34,22],[35,22],[36,22],[37,22],[38,22],[39,22],[40,22],[41,22],[42,22],[43,22],[44,22],[45,22],[46,22],[47,22],[48,22],[49,22],[50,22],[51,22],[52,22],[53,22],[54,22],[55,22],[56,22],[57,22],[58,22],[59,22],[60,22],[61,22],[62,22],[63,22],[64,22],[65,22],[66,22],[67,22],[68,22],[68,139],[68,215],[68,220],[68,224],[69,22],[70,22],[71,22],[71,129],[71,216],[71,218],[71,223],[72,22],[73,22],[74,22],[75,22],[76,22],[78,77],[79,77],[79,138],[80,77],[81,77],[82,77],[83,77],[84,77],[85,77],[86,77],[87,77],[88,77],[89,77],[90,77],[91,77],[92,77],[93,77],[94,77],[95,77],[96,77],[97,77],[98,77],[99,77],[100,77],[101,77],[102,77],[103,77],[104,77],[105,77],[106,77],[107,77],[108,77],[109,77],[110,77],[111,77],[112,77],[113,77],[114,77],[115,77],[116,77],[117,77],[118,77],[119,77],[120,77],[121,77],[122,77],[123,77],[124,77],[125,77],[126,77],[127,77],[128,77],[130,129],[130,218],[131,140],[132,140],[133,132],[133,204],[133,231],[134,140],[135,134],[136,140],[137,136],[137,205],[138,140],[139,140],[143,142],[144,142],[144,204],[144,205],[146,145],[146,203],[147,145],[148,145],[149,145],[150,145],[151,145],[152,145],[153,145],[154,145],[155,145],[156,145],[157,145],[158,145],[159,145],[160,145],[161,145],[162,145],[163,145],[164,145],[165,145],[166,145],[167,145],[168,145],[169,145],[170,145],[171,145],[172,145],[173,145],[174,145],[175,145],[176,145],[177,145],[178,145],[179,145],[180,145],[181,145],[182,145],[183,145],[184,145],[185,145],[186,145],[187,145],[188,145],[189,145],[190,145],[191,145],[191,200],[192,145],[193,145],[194,145],[195,145],[196,145],[197,145],[198,145],[199,145],[200,201],[201,206],[202,206],[203,206],[204,206],[205,206],[207,208],[214,217],[215,217],[216,217],[218,221],[219,221],[220,221],[222,225],[223,225],[224,225],[227,228],[228,232],[229,232],[230,232],[231,232]],
"ternaryAdjacencyList":[[1,10,2],[5,10,3],[2,17,11],[3,17,12],[4,17,13],[15,17,14],[22,140,18],[77,140,18],[5,140,19],[129,140,21],[79,140,21],[18,141,11],[19,141,12],[20,141,13],[21,141,14],[22,206,142],[145,206,142],[5,206,143],[22,208,145],[5,208,146],[24,208,147],[25,208,148],[26,208,149],[27,208,150],[28,208,151],[29,208,152],[30,208,153],[31,208,154],[32,208,155],[33,208,156],[34,208,157],[35,208,158],[36,208,159],[37,208,160],[38,208,161],[39,208,162],[40,208,163],[41,208,164],[42,208,165],[43,208,166],[44,208,167],[45,208,168],[46,208,169],[47,208,170],[48,208,171],[49,208,172],[50,208,173],[51,208,174],[52,208,175],[53,208,176],[54,208,177],[55,208,178],[56,208,179],[57,208,180],[58,208,181],[59,208,182],[60,208,183],[61,208,184],[62,208,185],[63,208,186],[64,208,187],[65,208,188],[66,208,189],[67,208,190],[68,208,191],[69,208,192],[70,208,193],[71,208,194],[72,208,195],[73,208,196],[74,208,197],[75,208,198],[76,208,199],[142,209,2],[143,209,3],[144,209,4],[1,210,22],[5,210,23],[15,210,68],[15,210,69],[15,210,70],[5,210,71],[1,213,22],[5,213,23],[135,213,68],[211,213,69],[212,213,70],[135,213,71],[22,217,77],[130,217,78],[130,217,79],[24,217,80],[25,217,81],[26,217,82],[27,217,83],[28,217,84],[72,217,85],[29,217,86],[30,217,87],[31,217,88],[32,217,89],[33,217,90],[34,217,91],[35,217,92],[73,217,93],[36,217,94],[37,217,95],[38,217,96],[39,217,97],[40,217,98],[41,217,99],[42,217,100],[43,217,101],[44,217,102],[74,217,103],[45,217,104],[46,217,105],[47,217,106],[48,217,107],[49,217,108],[50,217,109],[51,217,110],[75,217,111],[52,217,112],[53,217,113],[54,217,114],[55,217,115],[56,217,116],[57,217,117],[58,217,118],[59,217,119],[60,217,120],[76,217,121],[61,217,122],[62,217,123],[63,217,124],[64,217,125],[65,217,126],[66,217,127],[67,217,128],[22,221,77],[5,221,78],[5,221,79],[24,221,80],[25,221,81],[26,221,82],[27,221,83],[28,221,84],[72,221,85],[29,221,86],[30,221,87],[31,221,88],[32,221,89],[33,221,90],[34,221,91],[35,221,92],[73,221,93],[36,221,94],[37,221,95],[38,221,96],[39,221,97],[40,221,98],[41,221,99],[42,221,100],[43,221,101],[44,221,102],[74,221,103],[45,221,104],[46,221,105],[47,221,106],[48,221,107],[49,221,108],[50,221,109],[51,221,110],[75,221,111],[52,221,112],[53,221,113],[54,221,114],[55,221,115],[56,221,116],[70,221,117],[58,221,118],[59,221,119],[60,221,120],[76,221,121],[61,221,122],[62,221,123],[63,221,124],[64,221,125],[65,221,126],[66,221,127],[67,221,128],[22,225,77],[135,225,78],[135,225,79],[24,225,80],[25,225,81],[26,225,82],[27,225,83],[28,225,84],[72,225,85],[29,225,86],[30,225,87],[31,225,88],[32,225,89],[33,225,90],[34,225,91],[35,225,92],[73,225,93],[36,225,94],[37,225,95],[38,225,96],[39,225,97],[40,225,98],[41,225,99],[42,225,100],[43,225,101],[44,225,102],[74,225,103],[45,225,104],[46,225,105],[47,225,106],[48,225,107],[49,225,108],[50,225,109],[51,225,110],[75,225,111],[52,225,112],[53,225,113],[54,225,114],[55,225,115],[56,225,116],[57,225,117],[58,225,118],[59,225,119],[60,225,120],[76,225,121],[61,225,122],[62,225,123],[63,225,124],[64,225,125],[65,225,126],[66,225,127],[67,225,128],[11,232,226],[142,233,226],[226,235,234]],
"unknownEdges":[],
"argumentIDList":[3,4,0,1,2,5,6,7,10,11,12,13,14,15,16,17,18,19,20,21,22,23,24,25,26,27,28,29,30,31,32,33,34,35,36,37,38,39,40,41,42,43,44,45,46,47,48,49,50,51,52,53,54,55,56,57,58,59,60,61,62,63,118,119,120,121,122,123,124,125,126,127,128,129,130,131,132,133,134,135,136,137,138,139,140,141,142,143,144,145,146,147,148,149,150,151,152,153,154,155,156,157,158,159,160,161,162,163,164,165,166,167,168,8,9,64,65,66,67,68,69,70,71,72,73,74,75,76,77,78,79,80,81,82,83,84,85,86,87,88,89,90,91,92,93,94,95,96,97,98,99,100,101,102,103,104,105,106,107,108,109,110,111,112,113,114,115,116,117],
"argumentNameList":["<Main: void f(int,int)>_Block2:argument0","<Main: void f(int,int)>_Block2:argument1","<Main: void f(int,int)>_Block0:argument0","<Main: void f(int,int)>_Block0:argument1","<Main: void f(int,int)>_Block0:argument2","<Main: void f(int,int)>_Block6_3:argument0","<Main: void f(int,int)>_Block6_3:argument1","<Main: void f(int,int)>_Block6_3:argument2","<java.lang.Integer: java.lang.Integer valueOf(int)>_Block3:argument0","<java.lang.Integer: java.lang.Integer valueOf(int)>_Block3:argument1","<java.lang.Integer: java.lang.Integer valueOf(int)>_Block3:argument2","<java.lang.Integer: java.lang.Integer valueOf(int)>_Block3:argument3","<java.lang.Integer: java.lang.Integer valueOf(int)>_Block3:argument4","<java.lang.Integer: java.lang.Integer valueOf(int)>_Block3:argument5","<java.lang.Integer: java.lang.Integer valueOf(int)>_Block3:argument6","<java.lang.Integer: java.lang.Integer valueOf(int)>_Block3:argument7","<java.lang.Integer: java.lang.Integer valueOf(int)>_Block3:argument8","<java.lang.Integer: java.lang.Integer valueOf(int)>_Block3:argument9","<java.lang.Integer: java.lang.Integer valueOf(int)>_Block3:argument10","<java.lang.Integer: java.lang.Integer valueOf(int)>_Block3:argument11","<java.lang.Integer: java.lang.Integer valueOf(int)>_Block3:argument12","<java.lang.Integer: java.lang.Integer valueOf(int)>_Block3:argument13","<java.lang.Integer: java.lang.Integer valueOf(int)>_Block3:argument14","<java.lang.Integer: java.lang.Integer valueOf(int)>_Block3:argument15","<java.lang.Integer: java.lang.Integer valueOf(int)>_Block3:argument16","<java.lang.Integer: java.lang.Integer valueOf(int)>_Block3:argument17","<java.lang.Integer: java.lang.Integer valueOf(int)>_Block3:argument18","<java.lang.Integer: java.lang.Integer valueOf(int)>_Block3:argument19","<java.lang.Integer: java.lang.Integer valueOf(int)>_Block3:argument20","<java.lang.Integer: java.lang.Integer valueOf(int)>_Block3:argument21","<java.lang.Integer: java.lang.Integer valueOf(int)>_Block3:argument22","<java.lang.Integer: java.lang.Integer valueOf(int)>_Block3:argument23","<java.lang.Integer: java.lang.Integer valueOf(int)>_Block3:argument24","<java.lang.Integer: java.lang.Integer valueOf(int)>_Block3:argument25","<java.lang.Integer: java.lang.Integer valueOf(int)>_Block3:argument26","<java.lang.Integer: java.lang.Integer valueOf(int)>_Block3:argument27","<java.lang.Integer: java.lang.Integer valueOf(int)>_Block3:argument28","<java.lang.Integer: java.lang.Integer valueOf(int)>_Block3:argument29","<java.lang.Integer: java.lang.Integer valueOf(int)>_Block3:argument30","<java.lang.Integer: java.lang.Integer valueOf(int)>_Block3:argument31","<java.lang.Integer: java.lang.Integer valueOf(int)>_Block3:argument32","<java.lang.Integer: java.lang.Integer valueOf(int)>_Block3:argument33","<java.lang.Integer: java.lang.Integer valueOf(int)>_Block3:argument34","<java.lang.Integer: java.lang.Integer valueOf(int)>_Block3:argument35","<java.lang.Integer: java.lang.Integer valueOf(int)>_Block3:argument36","<java.lang.Integer: java.lang.Integer valueOf(int)>_Block3:argument37","<java.lang.Integer: java.lang.Integer valueOf(int)>_Block3:argument38","<java.lang.Integer: java.lang.Integer valueOf(int)>_Block3:argument39","<java.lang.Integer: java.lang.Integer valueOf(int)>_Block3:argument40","<java.lang.Integer: java.lang.Integer valueOf(int)>_Block3:argument41","<java.lang.Integer: java.lang.Integer valueOf(int)>_Block3:argument42","<java.lang.Integer: java.lang.Integer valueOf(int)>_Block3:argument43","<java.lang.Integer: java.lang.Integer valueOf(int)>_Block3:argument44","<java.lang.Integer: java.lang.Integer valueOf(int)>_Block3:argument45","<java.lang.Integer: java.lang.Integer valueOf(int)>_Block3:argument46","<java.lang.Integer: java.lang.Integer valueOf(int)>_Block3:argument47","<java.lang.Integer: java.lang.Integer valueOf(int)>_Block3:argument48","<java.lang.Integer: java.lang.Integer valueOf(int)>_Block3:argument49","<java.lang.Integer: java.lang.Integer valueOf(int)>_Block3:argument50","<java.lang.Integer: java.lang.Integer valueOf(int)>_Block3:argument51","<java.lang.Integer: java.lang.Integer valueOf(int)>_Block3:argument52","<java.lang.Integer: java.lang.Integer valueOf(int)>_Block3:argument53","<java.lang.NullPointerException: void <init>()>_Block0_8:argument0","<java.lang.NullPointerException: void <init>()>_Block0_8:argument1","<java.lang.NullPointerException: void <init>()>_Block0_8:argument2","<java.lang.NullPointerException: void <init>()>_Block0_8:argument3","<java.lang.NullPointerException: void <init>()>_Block0_8:argument4","<java.lang.NullPointerException: void <init>()>_Block0_8:argument5","<java.lang.NullPointerException: void <init>()>_Block0_8:argument6","<java.lang.NullPointerException: void <init>()>_Block0_8:argument7","<java.lang.NullPointerException: void <init>()>_Block0_8:argument8","<java.lang.NullPointerException: void <init>()>_Block0_8:argument9","<java.lang.NullPointerException: void <init>()>_Block0_8:argument10","<java.lang.NullPointerException: void <init>()>_Block0_8:argument11","<java.lang.NullPointerException: void <init>()>_Block0_8:argument12","<java.lang.NullPointerException: void <init>()>_Block0_8:argument13","<java.lang.NullPointerException: void <init>()>_Block0_8:argument14","<java.lang.NullPointerException: void <init>()>_Block0_8:argument15","<java.lang.NullPointerException: void <init>()>_Block0_8:argument16","<java.lang.NullPointerException: void <init>()>_Block0_8:argument17","<java.lang.NullPointerException: void <init>()>_Block0_8:argument18","<java.lang.NullPointerException: void <init>()>_Block0_8:argument19","<java.lang.NullPointerException: void <init>()>_Block0_8:argument20","<java.lang.NullPointerException: void <init>()>_Block0_8:argument21","<java.lang.NullPointerException: void <init>()>_Block0_8:argument22","<java.lang.NullPointerException: void <init>()>_Block0_8:argument23","<java.lang.NullPointerException: void <init>()>_Block0_8:argument24","<java.lang.NullPointerException: void <init>()>_Block0_8:argument25","<java.lang.NullPointerException: void <init>()>_Block0_8:argument26","<java.lang.NullPointerException: void <init>()>_Block0_8:argument27","<java.lang.NullPointerException: void <init>()>_Block0_8:argument28","<java.lang.NullPointerException: void <init>()>_Block0_8:argument29","<java.lang.NullPointerException: void <init>()>_Block0_8:argument30","<java.lang.NullPointerException: void <init>()>_Block0_8:argument31","<java.lang.NullPointerException: void <init>()>_Block0_8:argument32","<java.lang.NullPointerException: void <init>()>_Block0_8:argument33","<java.lang.NullPointerException: void <init>()>_Block0_8:argument34","<java.lang.NullPointerException: void <init>()>_Block0_8:argument35","<java.lang.NullPointerException: void <init>()>_Block0_8:argument36","<java.lang.NullPointerException: void <init>()>_Block0_8:argument37","<java.lang.NullPointerException: void <init>()>_Block0_8:argument38","<java.lang.NullPointerException: void <init>()>_Block0_8:argument39","<java.lang.NullPointerException: void <init>()>_Block0_8:argument40","<java.lang.NullPointerException: void <init>()>_Block0_8:argument41","<java.lang.NullPointerException: void <init>()>_Block0_8:argument42","<java.lang.NullPointerException: void <init>()>_Block0_8:argument43","<java.lang.NullPointerException: void <init>()>_Block0_8:argument44","<java.lang.NullPointerException: void <init>()>_Block0_8:argument45","<java.lang.NullPointerException: void <init>()>_Block0_8:argument46","<java.lang.NullPointerException: void <init>()>_Block0_8:argument47","<java.lang.NullPointerException: void <init>()>_Block0_8:argument48","<java.lang.NullPointerException: void <init>()>_Block0_8:argument49","<java.lang.NullPointerException: void <init>()>_Block0_8:argument50","<Main: void f(int,int)>_Block7_1:argument0","<Main: void f(int,int)>_Block7_1:argument1","<java.lang.Integer: java.lang.Integer valueOf(int)>_Block3_4_1:argument0","<java.lang.Integer: java.lang.Integer valueOf(int)>_Block3_4_1:argument1","<java.lang.Integer: java.lang.Integer valueOf(int)>_Block3_4_1:argument2","<java.lang.Integer: java.lang.Integer valueOf(int)>_Block3_4_1:argument3","<java.lang.Integer: java.lang.Integer valueOf(int)>_Block3_4_1:argument4","<java.lang.Integer: java.lang.Integer valueOf(int)>_Block3_4_1:argument5","<java.lang.Integer: java.lang.Integer valueOf(int)>_Block3_4_1:argument6","<java.lang.Integer: java.lang.Integer valueOf(int)>_Block3_4_1:argument7","<java.lang.Integer: java.lang.Integer valueOf(int)>_Block3_4_1:argument8","<java.lang.Integer: java.lang.Integer valueOf(int)>_Block3_4_1:argument9","<java.lang.Integer: java.lang.Integer valueOf(int)>_Block3_4_1:argument10","<java.lang.Integer: java.lang.Integer valueOf(int)>_Block3_4_1:argument11","<java.lang.Integer: java.lang.Integer valueOf(int)>_Block3_4_1:argument12","<java.lang.Integer: java.lang.Integer valueOf(int)>_Block3_4_1:argument13","<java.lang.Integer: java.lang.Integer valueOf(int)>_Block3_4_1:argument14","<java.lang.Integer: java.lang.Integer valueOf(int)>_Block3_4_1:argument15","<java.lang.Integer: java.lang.Integer valueOf(int)>_Block3_4_1:argument16","<java.lang.Integer: java.lang.Integer valueOf(int)>_Block3_4_1:argument17","<java.lang.Integer: java.lang.Integer valueOf(int)>_Block3_4_1:argument18","<java.lang.Integer: java.lang.Integer valueOf(int)>_Block3_4_1:argument19","<java.lang.Integer: java.lang.Integer valueOf(int)>_Block3_4_1:argument20","<java.lang.Integer: java.lang.Integer valueOf(int)>_Block3_4_1:argument21","<java.lang.Integer: java.lang.Integer valueOf(int)>_Block3_4_1:argument22","<java.lang.Integer: java.lang.Integer valueOf(int)>_Block3_4_1:argument23","<java.lang.Integer: java.lang.Integer valueOf(int)>_Block3_4_1:argument24","<java.lang.Integer: java.lang.Integer valueOf(int)>_Block3_4_1:argument25","<java.lang.Integer: java.lang.Integer valueOf(int)>_Block3_4_1:argument26","<java.lang.Integer: java.lang.Integer valueOf(int)>_Block3_4_1:argument27","<java.lang.Integer: java.lang.Integer valueOf(int)>_Block3_4_1:argument28","<java.lang.Integer: java.lang.Integer valueOf(int)>_Block3_4_1:argument29","<java.lang.Integer: java.lang.Integer valueOf(int)>_Block3_4_1:argument30","<java.lang.Integer: java.lang.Integer valueOf(int)>_Block3_4_1:argument31","<java.lang.Integer: java.lang.Integer valueOf(int)>_Block3_4_1:argument32","<java.lang.Integer: java.lang.Integer valueOf(int)>_Block3_4_1:argument33","<java.lang.Integer: java.lang.Integer valueOf(int)>_Block3_4_1:argument34","<java.lang.Integer: java.lang.Integer valueOf(int)>_Block3_4_1:argument35","<java.lang.Integer: java.lang.Integer valueOf(int)>_Block3_4_1:argument36","<java.lang.Integer: java.lang.Integer valueOf(int)>_Block3_4_1:argument37","<java.lang.Integer: java.lang.Integer valueOf(int)>_Block3_4_1:argument38","<java.lang.Integer: java.lang.Integer valueOf(int)>_Block3_4_1:argument39","<java.lang.Integer: java.lang.Integer valueOf(int)>_Block3_4_1:argument40","<java.lang.Integer: java.lang.Integer valueOf(int)>_Block3_4_1:argument41","<java.lang.Integer: java.lang.Integer valueOf(int)>_Block3_4_1:argument42","<java.lang.Integer: java.lang.Integer valueOf(int)>_Block3_4_1:argument43","<java.lang.Integer: java.lang.Integer valueOf(int)>_Block3_4_1:argument44","<java.lang.Integer: java.lang.Integer valueOf(int)>_Block3_4_1:argument45","<java.lang.Integer: java.lang.Integer valueOf(int)>_Block3_4_1:argument46","<java.lang.Integer: java.lang.Integer valueOf(int)>_Block3_4_1:argument47","<java.lang.Integer: java.lang.Integer valueOf(int)>_Block3_4_1:argument48","<java.lang.Integer: java.lang.Integer valueOf(int)>_Block3_4_1:argument49","<java.lang.Integer: java.lang.Integer valueOf(int)>_Block3_4_1:argument50","<java.lang.Integer: java.lang.Integer valueOf(int)>_Block3_4_1:argument51","<java.lang.Integer: java.lang.Integer valueOf(int)>_Block3_4_1:argument52","<java.lang.Integer: java.lang.Integer valueOf(int)>_Block3_4_1:argument53"],
"predicateIndices":[2,11,18,22,77,142,145,226],
"predicateOccurrenceInClause":[3,3,2,8,4,3,2,3],
"predicateStrongConnectedComponent":[0,0,0,0,0,0,0,0],
"argumentEdges":[[3,2],[4,2],[12,11],[13,11],[14,11],[19,18],[20,18],[21,18],[23,22],[24,22],[25,22],[26,22],[27,22],[28,22],[29,22],[30,22],[31,22],[32,22],[33,22],[34,22],[35,22],[36,22],[37,22],[38,22],[39,22],[40,22],[41,22],[42,22],[43,22],[44,22],[45,22],[46,22],[47,22],[48,22],[49,22],[50,22],[51,22],[52,22],[53,22],[54,22],[55,22],[56,22],[57,22],[58,22],[59,22],[60,22],[61,22],[62,22],[63,22],[64,22],[65,22],[66,22],[67,22],[68,22],[69,22],[70,22],[71,22],[72,22],[73,22],[74,22],[75,22],[76,22],[78,77],[79,77],[80,77],[81,77],[82,77],[83,77],[84,77],[85,77],[86,77],[87,77],[88,77],[89,77],[90,77],[91,77],[92,77],[93,77],[94,77],[95,77],[96,77],[97,77],[98,77],[99,77],[100,77],[101,77],[102,77],[103,77],[104,77],[105,77],[106,77],[107,77],[108,77],[109,77],[110,77],[111,77],[112,77],[113,77],[114,77],[115,77],[116,77],[117,77],[118,77],[119,77],[120,77],[121,77],[122,77],[123,77],[124,77],[125,77],[126,77],[127,77],[128,77],[143,142],[144,142],[146,145],[147,145],[148,145],[149,145],[150,145],[151,145],[152,145],[153,145],[154,145],[155,145],[156,145],[157,145],[158,145],[159,145],[160,145],[161,145],[162,145],[163,145],[164,145],[165,145],[166,145],[167,145],[168,145],[169,145],[170,145],[171,145],[172,145],[173,145],[174,145],[175,145],[176,145],[177,145],[178,145],[179,145],[180,145],[181,145],[182,145],[183,145],[184,145],[185,145],[186,145],[187,145],[188,145],[189,145],[190,145],[191,145],[192,145],[193,145],[194,145],[195,145],[196,145],[197,145],[198,145],[199,145]],
"guardASTEdges":[[6,10],[8,10],[16,17],[131,140],[132,140],[134,140],[136,140],[138,140],[139,140],[16,141],[201,206],[202,206],[203,206],[204,206],[205,206],[207,208],[16,209],[16,210],[16,213],[214,217],[215,217],[216,217],[218,221],[219,221],[220,221],[222,225],[223,225],[224,225],[228,232],[229,232],[230,232],[231,232],[16,233],[16,235]],
"ASTEdges":[],
"AST_1Edges":[[4,6],[9,8],[130,129],[23,131],[20,132],[135,134],[137,136],[79,138],[68,139],[191,200],[200,201],[23,202],[146,203],[144,204],[137,205],[23,207],[23,214],[68,215],[71,216],[71,218],[23,219],[68,220],[23,222],[71,223],[68,224],[14,227],[227,228],[12,229],[9,230],[13,231]],
"AST_2Edges":[[7,6],[4,8],[71,129],[5,131],[133,132],[21,134],[20,136],[21,138],[15,139],[15,200],[5,202],[5,203],[133,204],[144,205],[5,207],[5,214],[15,215],[15,216],[130,218],[5,219],[15,220],[5,222],[5,223],[15,224],[15,227],[5,229],[13,230],[133,231]],
"templateASTEdges":[],
"templateEdges":[],
"verifHintTplPredEdges":[],
"verifHintTplPredPosNegEdges":[],
"verifHintTplEqTermEdges":[],
"verifHintTplInEqTermEdges":[],
"verifHintTplInEqTermPosNegEdges":[],
"dataFlowASTEdges":[],
"controlFlowHyperEdges":[[1,10,2],[2,17,11],[22,140,18],[77,140,18],[18,141,11],[22,206,142],[145,206,142],[22,208,145],[142,209,2],[1,210,22],[1,213,22],[22,217,77],[22,221,77],[22,225,77],[11,232,226],[142,233,226],[226,235,234]],
"dataFlowHyperEdges":[[5,10,3],[3,17,12],[4,17,13],[15,17,14],[5,140,19],[129,140,21],[79,140,21],[19,141,12],[20,141,13],[21,141,14],[5,206,143],[5,208,146],[24,208,147],[25,208,148],[26,208,149],[27,208,150],[28,208,151],[29,208,152],[30,208,153],[31,208,154],[32,208,155],[33,208,156],[34,208,157],[35,208,158],[36,208,159],[37,208,160],[38,208,161],[39,208,162],[40,208,163],[41,208,164],[42,208,165],[43,208,166],[44,208,167],[45,208,168],[46,208,169],[47,208,170],[48,208,171],[49,208,172],[50,208,173],[51,208,174],[52,208,175],[53,208,176],[54,208,177],[55,208,178],[56,208,179],[57,208,180],[58,208,181],[59,208,182],[60,208,183],[61,208,184],[62,208,185],[63,208,186],[64,208,187],[65,208,188],[66,208,189],[67,208,190],[68,208,191],[69,208,192],[70,208,193],[71,208,194],[72,208,195],[73,208,196],[74,208,197],[75,208,198],[76,208,199],[143,209,3],[144,209,4],[5,210,23],[15,210,68],[15,210,69],[15,210,70],[5,210,71],[5,213,23],[135,213,68],[211,213,69],[212,213,70],[135,213,71],[130,217,78],[130,217,79],[24,217,80],[25,217,81],[26,217,82],[27,217,83],[28,217,84],[72,217,85],[29,217,86],[30,217,87],[31,217,88],[32,217,89],[33,217,90],[34,217,91],[35,217,92],[73,217,93],[36,217,94],[37,217,95],[38,217,96],[39,217,97],[40,217,98],[41,217,99],[42,217,100],[43,217,101],[44,217,102],[74,217,103],[45,217,104],[46,217,105],[47,217,106],[48,217,107],[49,217,108],[50,217,109],[51,217,110],[75,217,111],[52,217,112],[53,217,113],[54,217,114],[55,217,115],[56,217,116],[57,217,117],[58,217,118],[59,217,119],[60,217,120],[76,217,121],[61,217,122],[62,217,123],[63,217,124],[64,217,125],[65,217,126],[66,217,127],[67,217,128],[5,221,78],[5,221,79],[24,221,80],[25,221,81],[26,221,82],[27,221,83],[28,221,84],[72,221,85],[29,221,86],[30,221,87],[31,221,88],[32,221,89],[33,221,90],[34,221,91],[35,221,92],[73,221,93],[36,221,94],[37,221,95],[38,221,96],[39,221,97],[40,221,98],[41,221,99],[42,221,100],[43,221,101],[44,221,102],[74,221,103],[45,221,104],[46,221,105],[47,221,106],[48,221,107],[49,221,108],[50,221,109],[51,221,110],[75,221,111],[52,221,112],[53,221,113],[54,221,114],[55,221,115],[56,221,116],[70,221,117],[58,221,118],[59,221,119],[60,221,120],[76,221,121],[61,221,122],[62,221,123],[63,221,124],[64,221,125],[65,221,126],[66,221,127],[67,221,128],[135,225,78],[135,225,79],[24,225,80],[25,225,81],[26,225,82],[27,225,83],[28,225,84],[72,225,85],[29,225,86],[30,225,87],[31,225,88],[32,225,89],[33,225,90],[34,225,91],[35,225,92],[73,225,93],[36,225,94],[37,225,95],[38,225,96],[39,225,97],[40,225,98],[41,225,99],[42,225,100],[43,225,101],[44,225,102],[74,225,103],[45,225,104],[46,225,105],[47,225,106],[48,225,107],[49,225,108],[50,225,109],[51,225,110],[75,225,111],[52,225,112],[53,225,113],[54,225,114],[55,225,115],[56,225,116],[57,225,117],[58,225,118],[59,225,119],[60,225,120],[76,225,121],[61,225,122],[62,225,123],[63,225,124],[64,225,125],[65,225,126],[66,225,127],[67,225,128]],
"controlLocationEdgeForSCC":[],
"predicateTransitiveEdges":[],
"dummyFiled":[]
}