{
"nodeIds":[0,1,2,3,4,5,6,7,8,9,10,11,12,13,14,15,16,17,18,19,20,21,22,23,24,25,26,27,28,29,30,31,32,33,34,35,36,37,38,39,40,41,42,43,44],
"nodeSymbolList":["Initial","CONTROL_0","predicateArgument_0","predicateArgument_1","predicateArgument_2","true","guard_0","CONTROL_1","predicateArgument_3","predicateArgument_4","predicateArgument_5","+","1","guard_1","guard_2","CONTROL_2","predicateArgument_6","predicateArgument_7","predicateArgument_8","=","0","!","guard_3","CONTROL_3","=","guard_4","CONTROL_4","predicateArgument_9","predicateArgument_10","predicateArgument_11","+","+","-1","+","=","!","guard_5","guard_6","=","guard_7","guard_8","=","guard_9","FALSE","guard_10"],
"falseIndices":[43],
"initialIndices":[0],
"argumentIndices":[2,3,4,8,9,10,16,17,18,27,28,29],
"argumentBoundList":[[0,0],[0,0],[0,0],[0,0],[0,0],[0,0],[0,0],[0,0],[0,0],[0,0],[0,0],[0,0]],
"argumentBinaryOccurrenceList":[0,0,0,0,0,0,0,0,0,0,0,0],
"argumentOccurrence":[0,0,0,0,0,0,0,0,0,0,0,0],
"templateIndices":[],
"templateRelevanceLabel":[],
"templateCostLabel":[],
"clauseIndices":[],
"guardIndices":[6,13,14,22,25,36,37,39,40,42,44],
"clauseBinaryOccurrenceInCounterExampleList":[0,0,0,0,0,0,0,0,0,0,0],
"controlLocationIndices":[1,7,15,23,26],
"binaryAdjacentList":[[2,1],[3,1],[3,24],[4,1],[5,6],[5,13],[5,14],[5,37],[5,40],[5,44],[8,7],[9,7],[10,7],[10,11],[12,11],[12,30],[12,33],[12,38],[12,41],[16,15],[17,15],[17,19],[17,34],[17,38],[17,41],[18,15],[19,21],[20,19],[20,24],[20,34],[21,22],[24,25],[27,26],[27,30],[28,26],[28,31],[29,26],[29,33],[32,31],[34,35],[35,36],[38,39],[41,42]],
"ternaryAdjacencyList":[[0,6,1],[7,13,1],[8,13,2],[9,13,3],[11,13,4],[1,14,7],[2,14,8],[3,14,9],[4,14,10],[1,22,15],[2,22,16],[3,22,17],[4,22,18],[1,25,23],[26,36,15],[30,36,16],[31,36,17],[33,36,18],[15,37,26],[16,37,27],[17,37,28],[18,37,29],[15,39,23],[15,40,23],[15,42,23],[23,44,43]],
"unknownEdges":[],
"argumentIDList":[0,1,2,3,4,5,6,7,8,9,10,11],
"argumentNameList":["main_1_1:argument0","main_1_1:argument1","main_1_1:argument2","main_1_1_1_1:argument0","main_1_1_1_1:argument1","main_1_1_1_1:argument2","main_1_2:argument0","main_1_2:argument1","main_1_2:argument2","main_1_2_4_1:argument0","main_1_2_4_1:argument1","main_1_2_4_1:argument2"],
"predicateIndices":[1,7,15,23,26],
"predicateOccurrenceInClause":[5,2,6,5,2],
"predicateStrongConnectedComponent":[1,1,1,0,1],
"argumentEdges":[[2,1],[3,1],[4,1],[8,7],[9,7],[10,7],[16,15],[17,15],[18,15],[27,26],[28,26],[29,26]],
"guardASTEdges":[[5,6],[5,13],[5,14],[21,22],[24,25],[35,36],[5,37],[38,39],[5,40],[41,42],[5,44]],
"ASTEdges":[],
"AST_1Edges":[[12,11],[17,19],[19,21],[3,24],[12,30],[32,31],[12,33],[17,34],[34,35],[17,38],[17,41]],
"AST_2Edges":[[10,11],[20,19],[20,24],[27,30],[28,31],[29,33],[20,34],[12,38],[12,41]],
"templateASTEdges":[],
"templateEdges":[],
"verifHintTplPredEdges":[],
"verifHintTplPredPosNegEdges":[],
"verifHintTplEqTermEdges":[],
"verifHintTplInEqTermEdges":[],
"verifHintTplInEqTermPosNegEdges":[],
"dataFlowASTEdges":[],
"controlFlowHyperEdges":[[0,6,1],[7,13,1],[1,14,7],[1,22,15],[1,25,23],[26,36,15],[15,37,26],[15,39,23],[15,40,23],[15,42,23],[23,44,43]],
"dataFlowHyperEdges":[[8,13,2],[9,13,3],[11,13,4],[2,14,8],[3,14,9],[4,14,10],[2,22,16],[3,22,17],[4,22,18],[30,36,16],[31,36,17],[33,36,18],[16,37,27],[17,37,28],[18,37,29]],
"controlLocationEdgeForSCC":[],
"predicateTransitiveEdges":[],
"dummyFiled":[]
}