{
"nodeIds":[0,1,2,3,4,5,6,7,8,9,10,11,12,13,14,15,16,17,18,19,20,21,22,23,24,25,26,27,28,29,30,31,32,33,34,35,36,37,38,39,40,41,42,43,44,45,46,47,48,49,50,51,52,53,54,55,56,57,58,59,60,61,62,63,64,65,66,67,68,69,70,71,72,73,74,75,76,77,78,79,80,81,82,83,84,85,86,87,88,89,90,91,92,93,94,95,96,97,98,99,100,101,102,103,104,105,106,107,108,109,110,111,112,113,114,115,116,117,118,119,120,121,122,123,124,125,126,127,128,129,130,131,132,133,134,135,136,137,138,139,140,141,142,143,144,145,146,147,148,149,150,151,152,153,154,155,156,157,158,159,160,161,162,163,164,165,166,167,168,169,170,171,172,173,174,175,176,177,178,179,180,181,182,183,184,185,186,187,188,189,190,191,192,193,194,195,196,197,198,199,200,201,202,203,204,205,206,207,208,209,210,211,212,213,214,215,216,217,218,219,220,221,222,223,224,225],
"nodeSymbolList":["dummy","Initial","CONTROL_0","predicateArgument_0","predicateArgument_1","predicateArgument_2","predicateArgument_3","predicateArgument_4","predicateArgument_5","predicateArgument_6","predicateArgument_7","predicateArgument_8","predicateArgument_9","predicateArgument_10","predicateArgument_11","predicateArgument_12","predicateArgument_13","predicateArgument_14","predicateArgument_15","predicateArgument_16","predicateArgument_17","predicateArgument_18","predicateArgument_19","predicateArgument_20","predicateArgument_21","predicateArgument_22","predicateArgument_23","predicateArgument_24","0","-1","true","guard_0","CONTROL_1","predicateArgument_25","predicateArgument_26","predicateArgument_27","predicateArgument_28","predicateArgument_29","predicateArgument_30","predicateArgument_31","predicateArgument_32","predicateArgument_33","predicateArgument_34","predicateArgument_35","predicateArgument_36","predicateArgument_37","predicateArgument_38","predicateArgument_39","predicateArgument_40","predicateArgument_41","predicateArgument_42","predicateArgument_43","predicateArgument_44","predicateArgument_45","predicateArgument_46","predicateArgument_47","predicateArgument_48","predicateArgument_49","1","-2","3","=","=","=","=","=","=","=","=","=","=","=","guard_1","CONTROL_2","predicateArgument_50","predicateArgument_51","predicateArgument_52","predicateArgument_53","predicateArgument_54","predicateArgument_55","predicateArgument_56","predicateArgument_57","predicateArgument_58","predicateArgument_59","predicateArgument_60","predicateArgument_61","predicateArgument_62","predicateArgument_63","predicateArgument_64","predicateArgument_65","predicateArgument_66","CONTROL_3","predicateArgument_67","predicateArgument_68","predicateArgument_69","predicateArgument_70","predicateArgument_71","predicateArgument_72","predicateArgument_73","predicateArgument_74","predicateArgument_75","predicateArgument_76","predicateArgument_77","predicateArgument_78","predicateArgument_79","predicateArgument_80","predicateArgument_81","predicateArgument_82","predicateArgument_83","predicateArgument_84","predicateArgument_85","predicateArgument_86","predicateArgument_87","predicateArgument_88","predicateArgument_89","predicateArgument_90","predicateArgument_91","=","=","=","=","=","=","=","=","=","=","=","=","=","=","=","=","=","=","=","=","=","=","=","=","=","=","=","=","=","=","=","=","=","=","=","guard_2","=","=","=","=","=","=","=","=","=","=","guard_3","2","-3","guard_4","CONTROL_4","predicateArgument_92","predicateArgument_93","predicateArgument_94","predicateArgument_95","predicateArgument_96","predicateArgument_97","predicateArgument_98","predicateArgument_99","predicateArgument_100","predicateArgument_101","predicateArgument_102","predicateArgument_103","predicateArgument_104","predicateArgument_105","predicateArgument_106","predicateArgument_107","predicateArgument_108","=","=","=","=","=","=","=","=","=","=","=","=","=","=","=","=","=","=","=","=","=","=","=","=","=","guard_5","-4","guard_6","=","guard_7","=","guard_8","=","guard_9","CONTROL_5",">=","guard_10",">=","guard_11","FALSE","guard_12"],
"falseIndices":[224],
"initialIndices":[1],
"argumentIndices":[3,4,5,6,7,8,9,10,11,12,13,14,15,16,17,18,19,20,21,22,23,24,25,26,27,33,34,35,36,37,38,39,40,41,42,43,44,45,46,47,48,49,50,51,52,53,54,55,56,57,74,75,76,77,78,79,80,81,82,83,84,85,86,87,88,89,90,92,93,94,95,96,97,98,99,100,101,102,103,104,105,106,107,108,109,110,111,112,113,114,115,116,168,169,170,171,172,173,174,175,176,177,178,179,180,181,182,183,184],
"argumentBoundList":[[1,1],[1,1],[0,0],[0,0],[0,0],[0,0],[0,0],[1,1],[1,1],[0,0],[1,1],[1,1],[0,0],[1,1],[1,1],[0,0],[0,0],[0,0],[0,0],[0,0],[0,0],[0,0],[0,0],[0,0],[0,0],[1,1],[1,1],[0,0],[0,0],[0,0],[0,0],[0,0],[1,1],[1,1],[0,0],[1,1],[1,1],[0,0],[1,1],[1,1],[1,1],[0,0],[0,0],[0,0],[0,0],[0,0],[0,0],[0,0],[0,0],[0,0],[0,0],[0,0],[0,0],[0,0],[0,0],[0,0],[0,0],[0,0],[0,0],[0,0],[0,0],[0,0],[0,0],[0,0],[0,0],[0,0],[0,0],[1,1],[1,1],[0,0],[0,0],[0,0],[0,0],[0,0],[1,1],[1,1],[1,1],[1,1],[1,1],[1,1],[1,1],[1,1],[1,1],[0,0],[0,0],[0,0],[0,0],[0,0],[0,0],[0,0],[0,0],[0,0],[0,0],[0,0],[0,0],[0,0],[0,0],[0,0],[0,0],[0,0],[0,0],[0,0],[0,0],[0,0],[0,0],[0,0],[0,0],[0,0],[0,0]],
"argumentBinaryOccurrenceList":[0,0,0,0,0,0,0,0,0,0,0,0,0,0,0,0,0,0,0,0,0,0,0,0,0,0,0,0,0,0,0,0,0,0,0,0,0,0,0,0,0,0,0,0,0,0,0,0,0,0,0,0,0,0,0,0,0,0,0,0,0,0,0,0,0,0,0,0,0,0,0,0,0,0,0,0,0,0,0,0,0,0,0,0,0,0,0,0,0,0,0,0,0,0,0,0,0,0,0,0,0,0,0,0,0,0,0,0,0],
"argumentOccurrence":[0,0,0,0,0,0,0,0,0,0,0,0,0,0,0,0,0,0,0,0,0,0,0,0,0,0,0,0,0,0,0,0,0,0,0,0,0,0,0,0,0,0,0,0,0,0,0,0,0,0,0,0,0,0,0,0,0,0,0,0,0,0,0,0,0,0,0,0,0,0,0,0,0,0,0,0,0,0,0,0,0,0,0,0,0,0,0,0,0,0,0,0,0,0,0,0,0,0,0,0,0,0,0,0,0,0,0,0,0],
"templateIndices":[],
"templateRelevanceLabel":[],
"templateCostLabel":[],
"clauseIndices":[],
"guardIndices":[31,72,152,163,166,210,212,214,216,218,221,223,225],
"clauseBinaryOccurrenceInCounterExampleList":[0,0,0,0,0,0,0,0,0,0,0,0,0],
"predictedLabel":[],
"controlLocationIndices":[2,32,73,91,167,219],
"binaryAdjacentList":[[2,2],[3,2],[3,213],[3,215],[3,217],[3,220],[4,2],[5,2],[6,2],[7,2],[8,2],[9,2],[10,2],[11,2],[12,2],[13,2],[14,2],[15,2],[16,2],[17,2],[18,2],[19,2],[20,2],[21,2],[22,2],[23,2],[24,2],[25,2],[26,2],[27,2],[28,62],[28,63],[28,64],[28,65],[28,66],[28,67],[28,68],[28,69],[28,70],[28,71],[28,136],[28,137],[28,138],[28,139],[28,140],[28,141],[28,142],[28,143],[28,144],[28,145],[28,146],[28,147],[28,148],[28,149],[28,150],[28,151],[28,157],[28,158],[28,159],[28,160],[28,161],[28,162],[28,207],[28,208],[28,209],[28,213],[29,61],[29,119],[29,120],[29,155],[29,188],[30,31],[30,166],[30,212],[30,225],[32,32],[33,32],[33,62],[33,117],[33,153],[33,185],[33,222],[34,32],[34,61],[34,121],[34,156],[34,190],[35,32],[36,32],[37,32],[38,32],[39,32],[40,32],[40,65],[40,120],[40,155],[40,188],[41,32],[41,66],[41,118],[41,154],[41,186],[42,32],[42,67],[43,32],[43,68],[43,147],[43,157],[43,189],[44,32],[44,69],[44,148],[44,158],[44,187],[45,32],[45,70],[45,149],[45,159],[46,32],[46,71],[46,150],[46,160],[46,207],[47,32],[47,63],[47,151],[47,161],[47,208],[48,32],[48,64],[48,136],[48,162],[48,209],[49,32],[50,32],[51,32],[52,32],[53,32],[54,32],[55,32],[56,32],[57,32],[58,117],[58,153],[58,215],[59,121],[59,156],[59,189],[60,118],[60,154],[60,186],[60,187],[60,220],[60,222],[61,72],[62,72],[63,72],[64,72],[65,72],[66,72],[67,72],[68,72],[69,72],[70,72],[71,72],[73,73],[74,73],[74,202],[75,73],[76,73],[76,127],[76,192],[77,73],[77,133],[77,197],[78,73],[78,135],[78,196],[79,73],[79,125],[79,201],[80,73],[80,132],[80,193],[81,73],[81,206],[82,73],[82,134],[82,198],[83,73],[83,126],[83,194],[84,73],[84,122],[84,200],[85,73],[85,123],[85,191],[86,73],[86,128],[86,195],[87,73],[87,124],[87,204],[88,73],[88,130],[88,199],[89,73],[89,129],[89,205],[90,73],[90,131],[90,203],[91,91],[92,91],[92,137],[93,91],[93,119],[94,91],[94,132],[95,91],[95,127],[96,91],[96,133],[97,91],[97,135],[98,91],[98,125],[99,91],[99,138],[100,91],[100,139],[101,91],[101,140],[102,91],[102,141],[103,91],[103,142],[104,91],[104,143],[105,91],[105,144],[106,91],[106,145],[107,91],[107,146],[108,91],[108,134],[109,91],[109,126],[110,91],[110,122],[111,91],[111,123],[112,91],[112,128],[113,91],[113,124],[114,91],[114,130],[115,91],[115,129],[116,91],[116,131],[117,152],[118,152],[119,152],[120,152],[121,152],[122,152],[123,152],[124,152],[125,152],[126,152],[127,152],[128,152],[129,152],[130,152],[131,152],[132,152],[133,152],[134,152],[135,152],[136,152],[137,152],[138,152],[139,152],[140,152],[141,152],[142,152],[143,152],[144,152],[145,152],[146,152],[147,152],[148,152],[149,152],[150,152],[151,152],[153,163],[154,163],[155,163],[156,163],[157,163],[158,163],[159,163],[160,163],[161,163],[162,163],[164,185],[164,217],[165,190],[167,167],[168,167],[169,167],[169,192],[170,167],[170,197],[171,167],[171,196],[172,167],[172,201],[173,167],[173,193],[174,167],[174,206],[175,167],[175,202],[176,167],[176,198],[177,167],[177,194],[178,167],[178,200],[179,167],[179,191],[180,167],[180,195],[181,167],[181,204],[182,167],[182,199],[183,167],[183,205],[184,167],[184,203],[185,210],[186,210],[187,210],[188,210],[189,210],[190,210],[191,210],[192,210],[193,210],[194,210],[195,210],[196,210],[197,210],[198,210],[199,210],[200,210],[201,210],[202,210],[203,210],[204,210],[205,210],[206,210],[207,210],[208,210],[209,210],[213,214],[215,216],[217,218],[220,221],[222,223]],
"ternaryAdjacencyList":[[1,31,2],[28,31,3],[29,31,4],[28,31,10],[28,31,11],[28,31,12],[28,31,13],[28,31,14],[28,31,15],[28,31,16],[28,31,17],[28,31,18],[32,72,2],[58,72,3],[59,72,4],[36,72,6],[37,72,7],[38,72,8],[39,72,9],[29,72,10],[60,72,11],[35,72,12],[28,72,13],[28,72,14],[28,72,15],[28,72,16],[28,72,17],[28,72,18],[49,72,19],[50,72,20],[51,72,21],[52,72,22],[53,72,23],[54,72,24],[55,72,25],[56,72,26],[57,72,27],[32,152,73],[91,152,73],[95,152,76],[96,152,77],[97,152,78],[98,152,79],[94,152,80],[35,152,81],[108,152,82],[109,152,83],[110,152,84],[111,152,85],[112,152,86],[113,152,87],[114,152,88],[115,152,89],[116,152,90],[32,163,91],[28,163,92],[29,163,93],[42,163,94],[36,163,95],[37,163,96],[38,163,97],[39,163,98],[28,163,99],[28,163,100],[28,163,101],[28,163,102],[28,163,103],[28,163,104],[28,163,105],[28,163,106],[28,163,107],[49,163,108],[50,163,109],[51,163,110],[52,163,111],[53,163,112],[54,163,113],[55,163,114],[56,163,115],[57,163,116],[73,166,2],[164,166,3],[165,166,4],[74,166,5],[76,166,6],[77,166,7],[78,166,8],[79,166,9],[29,166,10],[60,166,11],[80,166,12],[59,166,13],[60,166,14],[81,166,15],[28,166,16],[28,166,17],[28,166,18],[82,166,19],[83,166,20],[84,166,21],[85,166,22],[86,166,23],[87,166,24],[88,166,25],[89,166,26],[90,166,27],[32,210,167],[73,210,167],[75,210,168],[76,210,169],[77,210,170],[78,210,171],[79,210,172],[80,210,173],[81,210,174],[74,210,175],[82,210,176],[83,210,177],[84,210,178],[85,210,179],[86,210,180],[87,210,181],[88,210,182],[89,210,183],[90,210,184],[167,212,2],[60,212,3],[211,212,4],[168,212,5],[169,212,6],[170,212,7],[171,212,8],[172,212,9],[29,212,10],[60,212,11],[173,212,12],[59,212,13],[60,212,14],[174,212,15],[165,212,16],[60,212,17],[175,212,18],[176,212,19],[177,212,20],[178,212,21],[179,212,22],[180,212,23],[181,212,24],[182,212,25],[183,212,26],[184,212,27],[2,214,32],[28,214,33],[4,214,34],[5,214,35],[6,214,36],[7,214,37],[8,214,38],[9,214,39],[10,214,40],[11,214,41],[12,214,42],[13,214,43],[14,214,44],[15,214,45],[16,214,46],[17,214,47],[18,214,48],[19,214,49],[20,214,50],[21,214,51],[22,214,52],[23,214,53],[24,214,54],[25,214,55],[26,214,56],[27,214,57],[2,216,32],[58,216,33],[4,216,34],[5,216,35],[6,216,36],[7,216,37],[8,216,38],[9,216,39],[10,216,40],[11,216,41],[12,216,42],[13,216,43],[14,216,44],[15,216,45],[16,216,46],[17,216,47],[18,216,48],[19,216,49],[20,216,50],[21,216,51],[22,216,52],[23,216,53],[24,216,54],[25,216,55],[26,216,56],[27,216,57],[2,218,32],[164,218,33],[4,218,34],[5,218,35],[6,218,36],[7,218,37],[8,218,38],[9,218,39],[10,218,40],[11,218,41],[12,218,42],[13,218,43],[14,218,44],[15,218,45],[16,218,46],[17,218,47],[18,218,48],[19,218,49],[20,218,50],[21,218,51],[22,218,52],[23,218,53],[24,218,54],[25,218,55],[26,218,56],[27,218,57],[2,221,219],[32,223,219],[219,225,224]],
"unknownEdges":[],
"argumentIDList":[50,51,52,53,54,55,56,57,58,59,60,61,62,63,64,65,66,67,68,69,70,71,72,73,74,0,1,2,3,4,5,6,7,8,9,10,11,12,13,14,15,16,17,18,19,20,21,22,23,24,75,76,77,78,79,80,81,82,83,84,85,86,87,88,89,90,91,25,26,27,28,29,30,31,32,33,34,35,36,37,38,39,40,41,42,43,44,45,46,47,48,49,92,93,94,95,96,97,98,99,100,101,102,103,104,105,106,107,108],
"argumentNameList":["<JayArray_java_lang_Object: void set(int,java.lang.Object)>_pre:argument0","<JayArray_java_lang_Object: void set(int,java.lang.Object)>_pre:argument1","<JayArray_java_lang_Object: void set(int,java.lang.Object)>_pre:argument2","<JayArray_java_lang_Object: void set(int,java.lang.Object)>_pre:argument3","<JayArray_java_lang_Object: void set(int,java.lang.Object)>_pre:argument4","<JayArray_java_lang_Object: void set(int,java.lang.Object)>_pre:argument5","<JayArray_java_lang_Object: void set(int,java.lang.Object)>_pre:argument6","<JayArray_java_lang_Object: void set(int,java.lang.Object)>_pre:argument7","<JayArray_java_lang_Object: void set(int,java.lang.Object)>_pre:argument8","<JayArray_java_lang_Object: void set(int,java.lang.Object)>_pre:argument9","<JayArray_java_lang_Object: void set(int,java.lang.Object)>_pre:argument10","<JayArray_java_lang_Object: void set(int,java.lang.Object)>_pre:argument11","<JayArray_java_lang_Object: void set(int,java.lang.Object)>_pre:argument12","<JayArray_java_lang_Object: void set(int,java.lang.Object)>_pre:argument13","<JayArray_java_lang_Object: void set(int,java.lang.Object)>_pre:argument14","<JayArray_java_lang_Object: void set(int,java.lang.Object)>_pre:argument15","<JayArray_java_lang_Object: void set(int,java.lang.Object)>_pre:argument16","<JayArray_java_lang_Object: void set(int,java.lang.Object)>_pre:argument17","<JayArray_java_lang_Object: void set(int,java.lang.Object)>_pre:argument18","<JayArray_java_lang_Object: void set(int,java.lang.Object)>_pre:argument19","<JayArray_java_lang_Object: void set(int,java.lang.Object)>_pre:argument20","<JayArray_java_lang_Object: void set(int,java.lang.Object)>_pre:argument21","<JayArray_java_lang_Object: void set(int,java.lang.Object)>_pre:argument22","<JayArray_java_lang_Object: void set(int,java.lang.Object)>_pre:argument23","<JayArray_java_lang_Object: void set(int,java.lang.Object)>_pre:argument24","<JayArray_java_lang_Object: void set(int,java.lang.Object)>_Block1_2:argument0","<JayArray_java_lang_Object: void set(int,java.lang.Object)>_Block1_2:argument1","<JayArray_java_lang_Object: void set(int,java.lang.Object)>_Block1_2:argument2","<JayArray_java_lang_Object: void set(int,java.lang.Object)>_Block1_2:argument3","<JayArray_java_lang_Object: void set(int,java.lang.Object)>_Block1_2:argument4","<JayArray_java_lang_Object: void set(int,java.lang.Object)>_Block1_2:argument5","<JayArray_java_lang_Object: void set(int,java.lang.Object)>_Block1_2:argument6","<JayArray_java_lang_Object: void set(int,java.lang.Object)>_Block1_2:argument7","<JayArray_java_lang_Object: void set(int,java.lang.Object)>_Block1_2:argument8","<JayArray_java_lang_Object: void set(int,java.lang.Object)>_Block1_2:argument9","<JayArray_java_lang_Object: void set(int,java.lang.Object)>_Block1_2:argument10","<JayArray_java_lang_Object: void set(int,java.lang.Object)>_Block1_2:argument11","<JayArray_java_lang_Object: void set(int,java.lang.Object)>_Block1_2:argument12","<JayArray_java_lang_Object: void set(int,java.lang.Object)>_Block1_2:argument13","<JayArray_java_lang_Object: void set(int,java.lang.Object)>_Block1_2:argument14","<JayArray_java_lang_Object: void set(int,java.lang.Object)>_Block1_2:argument15","<JayArray_java_lang_Object: void set(int,java.lang.Object)>_Block1_2:argument16","<JayArray_java_lang_Object: void set(int,java.lang.Object)>_Block1_2:argument17","<JayArray_java_lang_Object: void set(int,java.lang.Object)>_Block1_2:argument18","<JayArray_java_lang_Object: void set(int,java.lang.Object)>_Block1_2:argument19","<JayArray_java_lang_Object: void set(int,java.lang.Object)>_Block1_2:argument20","<JayArray_java_lang_Object: void set(int,java.lang.Object)>_Block1_2:argument21","<JayArray_java_lang_Object: void set(int,java.lang.Object)>_Block1_2:argument22","<JayArray_java_lang_Object: void set(int,java.lang.Object)>_Block1_2:argument23","<JayArray_java_lang_Object: void set(int,java.lang.Object)>_Block1_2:argument24","<Main: void main(JayArray_java_lang_String)>_Block35_20:argument0","<Main: void main(JayArray_java_lang_String)>_Block35_20:argument1","<Main: void main(JayArray_java_lang_String)>_Block35_20:argument2","<Main: void main(JayArray_java_lang_String)>_Block35_20:argument3","<Main: void main(JayArray_java_lang_String)>_Block35_20:argument4","<Main: void main(JayArray_java_lang_String)>_Block35_20:argument5","<Main: void main(JayArray_java_lang_String)>_Block35_20:argument6","<Main: void main(JayArray_java_lang_String)>_Block35_20:argument7","<Main: void main(JayArray_java_lang_String)>_Block35_20:argument8","<Main: void main(JayArray_java_lang_String)>_Block35_20:argument9","<Main: void main(JayArray_java_lang_String)>_Block35_20:argument10","<Main: void main(JayArray_java_lang_String)>_Block35_20:argument11","<Main: void main(JayArray_java_lang_String)>_Block35_20:argument12","<Main: void main(JayArray_java_lang_String)>_Block35_20:argument13","<Main: void main(JayArray_java_lang_String)>_Block35_20:argument14","<Main: void main(JayArray_java_lang_String)>_Block35_20:argument15","<Main: void main(JayArray_java_lang_String)>_Block35_20:argument16","<JayArray_java_lang_Object: void set(int,java.lang.Object)>_Block1_2_2_1:argument0","<JayArray_java_lang_Object: void set(int,java.lang.Object)>_Block1_2_2_1:argument1","<JayArray_java_lang_Object: void set(int,java.lang.Object)>_Block1_2_2_1:argument2","<JayArray_java_lang_Object: void set(int,java.lang.Object)>_Block1_2_2_1:argument3","<JayArray_java_lang_Object: void set(int,java.lang.Object)>_Block1_2_2_1:argument4","<JayArray_java_lang_Object: void set(int,java.lang.Object)>_Block1_2_2_1:argument5","<JayArray_java_lang_Object: void set(int,java.lang.Object)>_Block1_2_2_1:argument6","<JayArray_java_lang_Object: void set(int,java.lang.Object)>_Block1_2_2_1:argument7","<JayArray_java_lang_Object: void set(int,java.lang.Object)>_Block1_2_2_1:argument8","<JayArray_java_lang_Object: void set(int,java.lang.Object)>_Block1_2_2_1:argument9","<JayArray_java_lang_Object: void set(int,java.lang.Object)>_Block1_2_2_1:argument10","<JayArray_java_lang_Object: void set(int,java.lang.Object)>_Block1_2_2_1:argument11","<JayArray_java_lang_Object: void set(int,java.lang.Object)>_Block1_2_2_1:argument12","<JayArray_java_lang_Object: void set(int,java.lang.Object)>_Block1_2_2_1:argument13","<JayArray_java_lang_Object: void set(int,java.lang.Object)>_Block1_2_2_1:argument14","<JayArray_java_lang_Object: void set(int,java.lang.Object)>_Block1_2_2_1:argument15","<JayArray_java_lang_Object: void set(int,java.lang.Object)>_Block1_2_2_1:argument16","<JayArray_java_lang_Object: void set(int,java.lang.Object)>_Block1_2_2_1:argument17","<JayArray_java_lang_Object: void set(int,java.lang.Object)>_Block1_2_2_1:argument18","<JayArray_java_lang_Object: void set(int,java.lang.Object)>_Block1_2_2_1:argument19","<JayArray_java_lang_Object: void set(int,java.lang.Object)>_Block1_2_2_1:argument20","<JayArray_java_lang_Object: void set(int,java.lang.Object)>_Block1_2_2_1:argument21","<JayArray_java_lang_Object: void set(int,java.lang.Object)>_Block1_2_2_1:argument22","<JayArray_java_lang_Object: void set(int,java.lang.Object)>_Block1_2_2_1:argument23","<JayArray_java_lang_Object: void set(int,java.lang.Object)>_Block1_2_2_1:argument24","<Main: void main(JayArray_java_lang_String)>_Block35_26:argument0","<Main: void main(JayArray_java_lang_String)>_Block35_26:argument1","<Main: void main(JayArray_java_lang_String)>_Block35_26:argument2","<Main: void main(JayArray_java_lang_String)>_Block35_26:argument3","<Main: void main(JayArray_java_lang_String)>_Block35_26:argument4","<Main: void main(JayArray_java_lang_String)>_Block35_26:argument5","<Main: void main(JayArray_java_lang_String)>_Block35_26:argument6","<Main: void main(JayArray_java_lang_String)>_Block35_26:argument7","<Main: void main(JayArray_java_lang_String)>_Block35_26:argument8","<Main: void main(JayArray_java_lang_String)>_Block35_26:argument9","<Main: void main(JayArray_java_lang_String)>_Block35_26:argument10","<Main: void main(JayArray_java_lang_String)>_Block35_26:argument11","<Main: void main(JayArray_java_lang_String)>_Block35_26:argument12","<Main: void main(JayArray_java_lang_String)>_Block35_26:argument13","<Main: void main(JayArray_java_lang_String)>_Block35_26:argument14","<Main: void main(JayArray_java_lang_String)>_Block35_26:argument15","<Main: void main(JayArray_java_lang_String)>_Block35_26:argument16"],
"predicateIndices":[2,32,73,91,167,219],
"predicateOccurrenceInClause":[8,8,3,2,2,3],
"predicateStrongConnectedComponent":[1,1,1,1,1,0],
"argumentEdges":[[3,2],[4,2],[5,2],[6,2],[7,2],[8,2],[9,2],[10,2],[11,2],[12,2],[13,2],[14,2],[15,2],[16,2],[17,2],[18,2],[19,2],[20,2],[21,2],[22,2],[23,2],[24,2],[25,2],[26,2],[27,2],[33,32],[34,32],[35,32],[36,32],[37,32],[38,32],[39,32],[40,32],[41,32],[42,32],[43,32],[44,32],[45,32],[46,32],[47,32],[48,32],[49,32],[50,32],[51,32],[52,32],[53,32],[54,32],[55,32],[56,32],[57,32],[74,73],[75,73],[76,73],[77,73],[78,73],[79,73],[80,73],[81,73],[82,73],[83,73],[84,73],[85,73],[86,73],[87,73],[88,73],[89,73],[90,73],[92,91],[93,91],[94,91],[95,91],[96,91],[97,91],[98,91],[99,91],[100,91],[101,91],[102,91],[103,91],[104,91],[105,91],[106,91],[107,91],[108,91],[109,91],[110,91],[111,91],[112,91],[113,91],[114,91],[115,91],[116,91],[168,167],[169,167],[170,167],[171,167],[172,167],[173,167],[174,167],[175,167],[176,167],[177,167],[178,167],[179,167],[180,167],[181,167],[182,167],[183,167],[184,167]],
"guardASTEdges":[[30,31],[61,72],[62,72],[63,72],[64,72],[65,72],[66,72],[67,72],[68,72],[69,72],[70,72],[71,72],[117,152],[118,152],[119,152],[120,152],[121,152],[122,152],[123,152],[124,152],[125,152],[126,152],[127,152],[128,152],[129,152],[130,152],[131,152],[132,152],[133,152],[134,152],[135,152],[136,152],[137,152],[138,152],[139,152],[140,152],[141,152],[142,152],[143,152],[144,152],[145,152],[146,152],[147,152],[148,152],[149,152],[150,152],[151,152],[153,163],[154,163],[155,163],[156,163],[157,163],[158,163],[159,163],[160,163],[161,163],[162,163],[30,166],[185,210],[186,210],[187,210],[188,210],[189,210],[190,210],[191,210],[192,210],[193,210],[194,210],[195,210],[196,210],[197,210],[198,210],[199,210],[200,210],[201,210],[202,210],[203,210],[204,210],[205,210],[206,210],[207,210],[208,210],[209,210],[30,212],[213,214],[215,216],[217,218],[220,221],[222,223],[30,225]],
"ASTEdges":[],
"AST_1Edges":[[34,61],[33,62],[47,63],[48,64],[40,65],[41,66],[42,67],[43,68],[44,69],[45,70],[46,71],[33,117],[41,118],[93,119],[40,120],[34,121],[110,122],[111,123],[113,124],[98,125],[109,126],[95,127],[112,128],[115,129],[114,130],[116,131],[94,132],[96,133],[108,134],[97,135],[48,136],[92,137],[99,138],[100,139],[101,140],[102,141],[103,142],[104,143],[105,144],[106,145],[107,146],[43,147],[44,148],[45,149],[46,150],[47,151],[33,153],[41,154],[40,155],[34,156],[43,157],[44,158],[45,159],[46,160],[47,161],[48,162],[33,185],[41,186],[44,187],[40,188],[43,189],[34,190],[85,191],[76,192],[80,193],[83,194],[86,195],[78,196],[77,197],[82,198],[88,199],[84,200],[79,201],[74,202],[90,203],[87,204],[89,205],[81,206],[46,207],[47,208],[48,209],[3,213],[3,215],[3,217],[3,220],[33,222]],
"AST_2Edges":[[29,61],[28,62],[28,63],[28,64],[28,65],[28,66],[28,67],[28,68],[28,69],[28,70],[28,71],[58,117],[60,118],[29,119],[29,120],[59,121],[84,122],[85,123],[87,124],[79,125],[83,126],[76,127],[86,128],[89,129],[88,130],[90,131],[80,132],[77,133],[82,134],[78,135],[28,136],[28,137],[28,138],[28,139],[28,140],[28,141],[28,142],[28,143],[28,144],[28,145],[28,146],[28,147],[28,148],[28,149],[28,150],[28,151],[58,153],[60,154],[29,155],[59,156],[28,157],[28,158],[28,159],[28,160],[28,161],[28,162],[164,185],[60,186],[60,187],[29,188],[59,189],[165,190],[179,191],[169,192],[173,193],[177,194],[180,195],[171,196],[170,197],[176,198],[182,199],[178,200],[172,201],[175,202],[184,203],[181,204],[183,205],[174,206],[28,207],[28,208],[28,209],[28,213],[58,215],[164,217],[60,220],[60,222]],
"templateASTEdges":[],
"templateEdges":[],
"verifHintTplPredEdges":[],
"verifHintTplPredPosNegEdges":[],
"verifHintTplEqTermEdges":[],
"verifHintTplInEqTermEdges":[],
"verifHintTplInEqTermPosNegEdges":[],
"dataFlowASTEdges":[],
"controlFlowHyperEdges":[[1,31,2],[32,72,2],[32,152,73],[91,152,73],[32,163,91],[73,166,2],[32,210,167],[73,210,167],[167,212,2],[2,214,32],[2,216,32],[2,218,32],[2,221,219],[32,223,219],[219,225,224]],
"dataFlowHyperEdges":[[28,31,3],[29,31,4],[28,31,10],[28,31,11],[28,31,12],[28,31,13],[28,31,14],[28,31,15],[28,31,16],[28,31,17],[28,31,18],[58,72,3],[59,72,4],[36,72,6],[37,72,7],[38,72,8],[39,72,9],[29,72,10],[60,72,11],[35,72,12],[28,72,13],[28,72,14],[28,72,15],[28,72,16],[28,72,17],[28,72,18],[49,72,19],[50,72,20],[51,72,21],[52,72,22],[53,72,23],[54,72,24],[55,72,25],[56,72,26],[57,72,27],[95,152,76],[96,152,77],[97,152,78],[98,152,79],[94,152,80],[35,152,81],[108,152,82],[109,152,83],[110,152,84],[111,152,85],[112,152,86],[113,152,87],[114,152,88],[115,152,89],[116,152,90],[28,163,92],[29,163,93],[42,163,94],[36,163,95],[37,163,96],[38,163,97],[39,163,98],[28,163,99],[28,163,100],[28,163,101],[28,163,102],[28,163,103],[28,163,104],[28,163,105],[28,163,106],[28,163,107],[49,163,108],[50,163,109],[51,163,110],[52,163,111],[53,163,112],[54,163,113],[55,163,114],[56,163,115],[57,163,116],[164,166,3],[165,166,4],[74,166,5],[76,166,6],[77,166,7],[78,166,8],[79,166,9],[29,166,10],[60,166,11],[80,166,12],[59,166,13],[60,166,14],[81,166,15],[28,166,16],[28,166,17],[28,166,18],[82,166,19],[83,166,20],[84,166,21],[85,166,22],[86,166,23],[87,166,24],[88,166,25],[89,166,26],[90,166,27],[75,210,168],[76,210,169],[77,210,170],[78,210,171],[79,210,172],[80,210,173],[81,210,174],[74,210,175],[82,210,176],[83,210,177],[84,210,178],[85,210,179],[86,210,180],[87,210,181],[88,210,182],[89,210,183],[90,210,184],[60,212,3],[211,212,4],[168,212,5],[169,212,6],[170,212,7],[171,212,8],[172,212,9],[29,212,10],[60,212,11],[173,212,12],[59,212,13],[60,212,14],[174,212,15],[165,212,16],[60,212,17],[175,212,18],[176,212,19],[177,212,20],[178,212,21],[179,212,22],[180,212,23],[181,212,24],[182,212,25],[183,212,26],[184,212,27],[28,214,33],[4,214,34],[5,214,35],[6,214,36],[7,214,37],[8,214,38],[9,214,39],[10,214,40],[11,214,41],[12,214,42],[13,214,43],[14,214,44],[15,214,45],[16,214,46],[17,214,47],[18,214,48],[19,214,49],[20,214,50],[21,214,51],[22,214,52],[23,214,53],[24,214,54],[25,214,55],[26,214,56],[27,214,57],[58,216,33],[4,216,34],[5,216,35],[6,216,36],[7,216,37],[8,216,38],[9,216,39],[10,216,40],[11,216,41],[12,216,42],[13,216,43],[14,216,44],[15,216,45],[16,216,46],[17,216,47],[18,216,48],[19,216,49],[20,216,50],[21,216,51],[22,216,52],[23,216,53],[24,216,54],[25,216,55],[26,216,56],[27,216,57],[164,218,33],[4,218,34],[5,218,35],[6,218,36],[7,218,37],[8,218,38],[9,218,39],[10,218,40],[11,218,41],[12,218,42],[13,218,43],[14,218,44],[15,218,45],[16,218,46],[17,218,47],[18,218,48],[19,218,49],[20,218,50],[21,218,51],[22,218,52],[23,218,53],[24,218,54],[25,218,55],[26,218,56],[27,218,57]],
"controlLocationEdgeForSCC":[],
"predicateTransitiveEdges":[[32,32],[2,2],[91,91],[73,73],[167,167]],
"dummyFiled":[]
}