{
"nodeIds":[0,1,2,3,4,5,6,7,8,9,10,11,12,13,14,15,16,17,18,19,20,21,22,23,24,25,26,27,28,29,30,31,32,33,34,35],
"nodeSymbolList":["Initial","CONTROL_0","predicateArgument_0","predicateArgument_1","predicateArgument_2","predicateArgument_3","predicateArgument_4","0",">=","1","guard_0","CONTROL_1","predicateArgument_5","predicateArgument_6","predicateArgument_7","predicateArgument_8","predicateArgument_9","+",">=",">=","=","guard_1","=","guard_2","CONTROL_2","-","+",">=",">=","-2","guard_3","false","guard_4","FALSE","true","guard_5"],
"falseIndices":[33],
"initialIndices":[0],
"argumentIndices":[2,3,4,5,6,12,13,14,15,16],
"argumentBoundList":[[1,0],[0,0],[0,0],[1,0],[0,0],[1,0],[0,0],[0,0],[1,0],[1,1]],
"argumentBinaryOccurrenceList":[0,0,0,0,0,0,0,0,0,0],
"argumentOccurrence":[0,0,0,0,0,0,0,0,0,0],
"templateIndices":[],
"templateRelevanceLabel":[],
"templateCostLabel":[],
"clauseIndices":[],
"guardIndices":[10,21,23,30,32,35],
"clauseBinaryOccurrenceInCounterExampleList":[0,0,0,0,0,0],
"controlLocationIndices":[1,11,24],
"binaryAdjacentList":[[2,1],[2,8],[2,18],[2,26],[3,1],[4,1],[5,1],[5,18],[5,19],[5,25],[5,28],[6,1],[6,22],[7,19],[7,20],[7,22],[8,10],[9,8],[9,17],[9,27],[12,11],[13,11],[14,11],[15,11],[15,17],[16,11],[16,20],[18,21],[19,21],[20,21],[22,23],[25,26],[26,27],[27,30],[28,30],[29,28],[31,32],[34,35]],
"ternaryAdjacencyList":[[0,10,1],[7,10,5],[11,21,1],[12,21,2],[13,21,3],[14,21,4],[17,21,5],[7,21,6],[1,23,11],[2,23,12],[3,23,13],[4,23,14],[5,23,15],[7,23,16],[1,30,24],[1,32,24],[24,35,33]],
"unknownEdges":[],
"argumentIDList":[0,1,2,3,4,5,6,7,8,9],
"argumentNameList":["h10:argument0","h10:argument1","h10:argument2","h10:argument3","h10:argument4","h10_1_1:argument0","h10_1_1:argument1","h10_1_1:argument2","h10_1_1:argument3","h10_1_1:argument4"],
"predicateIndices":[1,11,24],
"predicateOccurrenceInClause":[5,2,3],
"predicateStrongConnectedComponent":[1,1,0],
"argumentEdges":[[2,1],[3,1],[4,1],[5,1],[6,1],[12,11],[13,11],[14,11],[15,11],[16,11]],
"guardASTEdges":[[8,10],[18,21],[19,21],[20,21],[22,23],[27,30],[28,30],[31,32],[34,35]],
"ASTEdges":[],
"AST_1Edges":[[2,8],[9,17],[2,18],[5,19],[16,20],[6,22],[5,25],[25,26],[26,27],[29,28]],
"AST_2Edges":[[9,8],[15,17],[5,18],[7,19],[7,20],[7,22],[2,26],[9,27],[5,28]],
"templateASTEdges":[],
"templateEdges":[],
"verifHintTplPredEdges":[],
"verifHintTplPredPosNegEdges":[],
"verifHintTplEqTermEdges":[],
"verifHintTplInEqTermEdges":[],
"verifHintTplInEqTermPosNegEdges":[],
"dataFlowASTEdges":[],
"controlFlowHyperEdges":[[0,10,1],[11,21,1],[1,23,11],[1,30,24],[1,32,24],[24,35,33]],
"dataFlowHyperEdges":[[7,10,5],[12,21,2],[13,21,3],[14,21,4],[17,21,5],[7,21,6],[2,23,12],[3,23,13],[4,23,14],[5,23,15],[7,23,16]],
"controlLocationEdgeForSCC":[],
"predicateTransitiveEdges":[],
"dummyFiled":[]
}