{
"nodeIds":[0,1,2,3,4,5,6,7,8,9,10,11,12,13,14,15,16,17,18,19,20,21,22,23,24,25,26,27,28,29,30,31,32,33,34,35,36,37,38,39,40,41,42,43,44,45,46,47,48,49,50,51,52,53,54,55,56,57,58,59,60,61,62,63,64,65,66,67,68,69,70,71,72],
"nodeSymbolList":["dummy","Initial","CONTROL_0","predicateArgument_0","true","guard_0","CONTROL_1","guard_1","guard_2","guard_3","CONTROL_2","predicateArgument_1","guard_4","guard_5","CONTROL_3","predicateArgument_2","guard_6","guard_7","CONTROL_4","predicateArgument_3","guard_8","guard_9","CONTROL_5","predicateArgument_4","guard_10","guard_11","CONTROL_6","predicateArgument_5","guard_12","guard_13","CONTROL_7","predicateArgument_6","predicateArgument_7","0","guard_14","guard_15","guard_16","guard_17","guard_18","guard_19",">=","15","guard_20",">=","guard_21",">=","guard_22","CONTROL_8","predicateArgument_8","predicateArgument_9","+","1",">=","9","guard_23","guard_24","CONTROL_9","predicateArgument_10","predicateArgument_11","+",">=","10",">=","guard_25","guard_26",">=","guard_27",">=","guard_28",">=","guard_29","FALSE","guard_30"],
"falseIndices":[71],
"initialIndices":[1],
"argumentIndices":[3,11,15,19,23,27,31,32,48,49,57,58],
"argumentBoundList":[["None","None"],["None","None"],["None","None"],["None","None"],["None","None"],["None","None"],["None","None"],["None","None"],["None","None"],["None","None"],["None","None"],["None","None"]],
"argumentBinaryOccurrenceList":[0,0,0,0,0,0,0,0,0,0,0,0],
"argumentOccurrence":[0,0,0,0,0,0,0,0,0,0,0,0],
"templateIndices":[],
"templateRelevanceLabel":[],
"templateCostLabel":[],
"clauseIndices":[],
"guardIndices":[5,7,8,9,12,13,16,17,20,21,24,25,28,29,34,35,36,37,38,39,42,44,46,54,55,63,64,66,68,70,72],
"clauseBinaryOccurrenceInCounterExampleList":[1,1,1,1,0,0,0,0,0,0,0,0,0,0,1,1,1,1,1,1,0,0,0,1,1,1,1,1,1,1,1],
"predictedLabel":[],
"controlLocationIndices":[2,6,10,14,18,22,26,30,47,56],
"binaryAdjacentList":[[2,2],[3,2],[4,5],[4,7],[4,8],[4,9],[4,12],[4,13],[4,16],[4,17],[4,20],[4,21],[4,24],[4,25],[4,28],[4,29],[4,34],[4,35],[4,36],[4,37],[4,38],[4,39],[4,55],[4,64],[4,72],[10,10],[11,10],[14,14],[15,14],[18,18],[19,18],[22,22],[23,22],[26,26],[27,26],[30,30],[31,30],[31,40],[31,43],[31,45],[31,52],[31,60],[31,62],[31,65],[31,67],[31,69],[32,30],[40,42],[41,40],[41,43],[41,45],[41,62],[41,65],[41,67],[41,69],[43,44],[45,46],[47,47],[48,47],[48,50],[49,47],[51,50],[51,59],[52,54],[53,52],[56,56],[57,56],[57,59],[58,56],[60,63],[61,60],[62,63],[65,66],[67,68],[69,70]],
"ternaryAdjacencyList":[[1,5,2],[1,7,6],[1,8,6],[1,9,6],[10,12,2],[11,12,3],[2,13,10],[3,13,11],[14,16,2],[15,16,3],[2,17,14],[3,17,15],[18,20,2],[19,20,3],[2,21,18],[3,21,19],[22,24,2],[23,24,3],[2,25,22],[3,25,23],[26,28,2],[27,28,3],[2,29,26],[3,29,27],[2,34,30],[33,34,31],[3,34,32],[2,35,6],[2,36,6],[2,37,6],[2,38,6],[2,39,6],[30,42,2],[32,42,3],[30,44,2],[32,44,3],[30,46,2],[32,46,3],[47,54,30],[50,54,31],[49,54,32],[30,55,47],[31,55,48],[32,55,49],[56,63,30],[59,63,31],[58,63,32],[30,64,56],[31,64,57],[32,64,58],[30,66,6],[30,68,6],[30,70,6],[6,72,71]],
"unknownEdges":[],
"argumentIDList":[0,1,2,3,4,5,6,7,8,9,10,11],
"argumentNameList":["main_1_1:argument0","main_1_1_4_1:argument0","main_1_1_5_1:argument0","main_1_1_6_1:argument0","main_1_1_7_1:argument0","main_1_1_8_1:argument0","main_1_3:argument0","main_1_3:argument1","main_1_3_18_1:argument0","main_1_3_18_1:argument1","main_1_3_19_1:argument0","main_1_3_19_1:argument1"],
"predicateIndices":[2,6,10,14,18,22,26,30,47,56],
"predicateOccurrenceInClause":[20,12,2,2,2,2,2,11,2,2],
"predicateStrongConnectedComponent":[1,0,1,1,1,1,1,1,1,1],
"argumentEdges":[[3,2],[11,10],[15,14],[19,18],[23,22],[27,26],[31,30],[32,30],[48,47],[49,47],[57,56],[58,56]],
"guardASTEdges":[[4,5],[4,7],[4,8],[4,9],[4,12],[4,13],[4,16],[4,17],[4,20],[4,21],[4,24],[4,25],[4,28],[4,29],[4,34],[4,35],[4,36],[4,37],[4,38],[4,39],[40,42],[43,44],[45,46],[52,54],[4,55],[60,63],[62,63],[4,64],[65,66],[67,68],[69,70],[4,72]],
"ASTEdges":[],
"AST_1Edges":[[31,40],[31,43],[31,45],[51,50],[53,52],[51,59],[31,60],[41,62],[31,65],[31,67],[31,69]],
"AST_2Edges":[[41,40],[41,43],[41,45],[48,50],[31,52],[57,59],[61,60],[31,62],[41,65],[41,67],[41,69]],
"templateASTEdges":[],
"templateEdges":[],
"verifHintTplPredEdges":[],
"verifHintTplPredPosNegEdges":[],
"verifHintTplEqTermEdges":[],
"verifHintTplInEqTermEdges":[],
"verifHintTplInEqTermPosNegEdges":[],
"dataFlowASTEdges":[],
"controlFlowHyperEdges":[[1,5,2],[1,7,6],[1,8,6],[1,9,6],[10,12,2],[2,13,10],[14,16,2],[2,17,14],[18,20,2],[2,21,18],[22,24,2],[2,25,22],[26,28,2],[2,29,26],[2,34,30],[2,35,6],[2,36,6],[2,37,6],[2,38,6],[2,39,6],[30,42,2],[30,44,2],[30,46,2],[47,54,30],[30,55,47],[56,63,30],[30,64,56],[30,66,6],[30,68,6],[30,70,6],[6,72,71]],
"dataFlowHyperEdges":[[11,12,3],[3,13,11],[15,16,3],[3,17,15],[19,20,3],[3,21,19],[23,24,3],[3,25,23],[27,28,3],[3,29,27],[33,34,31],[3,34,32],[32,42,3],[32,44,3],[32,46,3],[50,54,31],[49,54,32],[31,55,48],[32,55,49],[59,63,31],[58,63,32],[31,64,57],[32,64,58]],
"controlLocationEdgeForSCC":[],
"predicateTransitiveEdges":[[18,18],[26,26],[2,2],[22,22],[30,30],[56,56],[14,14],[47,47],[10,10]],
"dummyFiled":[]
}