{
"nodeIds":[0,1,2,3,4,5,6,7,8,9,10,11,12,13,14,15,16,17,18,19,20,21,22,23,24,25,26,27,28,29,30,31,32,33,34,35,36,37,38,39,40,41,42,43,44,45,46,47,48,49,50,51,52,53,54,55,56,57,58,59,60,61,62,63,64,65,66,67,68,69,70,71,72,73,74,75,76,77,78,79,80,81,82,83,84,85,86,87,88,89,90,91,92,93,94,95,96,97,98,99,100,101,102,103,104,105,106,107,108,109,110,111,112,113,114,115,116,117,118,119,120,121,122,123,124,125,126,127,128,129,130,131,132,133,134,135,136,137,138,139,140,141,142,143,144,145,146,147,148,149,150,151,152,153,154,155,156,157,158,159,160,161,162,163,164,165,166,167,168,169,170,171,172,173,174,175,176,177,178,179,180,181,182,183,184,185,186,187,188,189,190,191,192,193,194,195,196,197,198,199,200,201,202,203,204,205,206,207,208,209,210,211,212,213,214,215,216,217,218,219,220,221,222,223,224,225,226,227,228,229,230,231,232,233,234,235,236,237,238,239,240,241,242,243,244,245,246,247,248,249,250,251,252,253,254,255,256,257,258,259,260,261,262,263,264,265,266,267,268,269,270,271,272,273,274,275,276,277,278,279,280,281,282,283,284,285,286,287,288,289,290,291,292,293,294,295,296,297,298,299,300,301,302,303,304,305,306,307,308,309,310,311,312,313],
"nodeSymbolList":["dummy","Initial","CONTROL_0","predicateArgument_0","predicateArgument_1","predicateArgument_2","predicateArgument_3","predicateArgument_4","predicateArgument_5","CONTROL_1","predicateArgument_6","predicateArgument_7","predicateArgument_8","predicateArgument_9","predicateArgument_10","predicateArgument_11","predicateArgument_12","predicateArgument_13","CONTROL_2","predicateArgument_14","predicateArgument_15","predicateArgument_16","predicateArgument_17","predicateArgument_18","=","-276","!","=","0","!","=","!","=","=","=","=","guard_0","CONTROL_3","predicateArgument_19","predicateArgument_20","predicateArgument_21","predicateArgument_22","predicateArgument_23","-1073741810","=","!","=","!","=","!","=","=","guard_1","CONTROL_4","predicateArgument_24","predicateArgument_25","predicateArgument_26","predicateArgument_27","predicateArgument_28","predicateArgument_29","predicateArgument_30","predicateArgument_31","=","!","guard_2","CONTROL_5","predicateArgument_32","predicateArgument_33","predicateArgument_34","predicateArgument_35","predicateArgument_36","259","=","!","=","!","=","!","-","+",">=","7","guard_3","CONTROL_6","predicateArgument_37","predicateArgument_38","predicateArgument_39","predicateArgument_40","predicateArgument_41","predicateArgument_42","predicateArgument_43","predicateArgument_44","predicateArgument_45","=","!","=","!","guard_4","CONTROL_7","predicateArgument_46","predicateArgument_47","predicateArgument_48","predicateArgument_49","predicateArgument_50","predicateArgument_51","predicateArgument_52","predicateArgument_53","predicateArgument_54","=","!","guard_5","CONTROL_8","predicateArgument_55","predicateArgument_56","predicateArgument_57","predicateArgument_58","predicateArgument_59","predicateArgument_60","predicateArgument_61","predicateArgument_62","=","!","guard_6","CONTROL_9","predicateArgument_63","predicateArgument_64","predicateArgument_65","predicateArgument_66","predicateArgument_67","=","!","=","!","=","!","=","!","-","+",">=","2","=","=","=","=","guard_7","-1073741823","=","!","=","!","=","!","=","=","guard_8","=","!","=","!","=","!","=","!","-","+",">=","=","guard_9","=","!","=","!","=","!","=","!","-","+",">=","=","guard_10","=","!","guard_11","-1073741808","=","!","guard_12","CONTROL_10","predicateArgument_68","predicateArgument_69","predicateArgument_70","predicateArgument_71","predicateArgument_72","predicateArgument_73","-","-","=","!","=","1","=","guard_13","-","-","=","!","guard_14","=","!","guard_15","=","!","guard_16","-","-","=","!","guard_17","true","guard_18","CONTROL_11","predicateArgument_74","predicateArgument_75","predicateArgument_76","predicateArgument_77","predicateArgument_78","=","!","guard_19","=","!","=","!","=","guard_20","=","!","=","!","=","!","=","guard_21","=","!","=","!","=","guard_22","CONTROL_12","predicateArgument_79","predicateArgument_80","predicateArgument_81","predicateArgument_82","predicateArgument_83","predicateArgument_84","predicateArgument_85","=","!","-","+",">=","4","guard_23","=","!","=","!","-","+",">=","guard_24","=","!","=","!","-","+",">=","guard_25","CONTROL_13","predicateArgument_86","predicateArgument_87","predicateArgument_88","predicateArgument_89","predicateArgument_90","predicateArgument_91","=","guard_26","-","-","-","-","=","!","=","!","=","!","guard_27","=","guard_28","FALSE","=","!","=",">=","6046","=","=","=","guard_29"],
"falseIndices":[304],
"initialIndices":[1],
"argumentIndices":[3,4,5,6,7,8,10,11,12,13,14,15,16,17,19,20,21,22,23,38,39,40,41,42,54,55,56,57,58,59,60,61,66,67,68,69,70,84,85,86,87,88,89,90,91,92,99,100,101,102,103,104,105,106,107,112,113,114,115,116,117,118,119,124,125,126,127,128,190,191,192,193,194,195,223,224,225,226,227,252,253,254,255,256,257,258,283,284,285,286,287,288],
"argumentBoundList":[[0,0],[0,0],[0,0],[0,0],[1,1],[0,0],[0,0],[0,0],[0,0],[0,0],[0,0],[0,0],[0,0],[1,1],[0,0],[0,0],[0,0],[0,0],[0,0],[0,0],[0,0],[0,0],[0,0],[0,0],[0,0],[0,0],[0,0],[0,0],[0,0],[0,0],[0,0],[1,1],[0,0],[0,0],[0,0],[0,0],[0,0],[0,0],[0,0],[0,0],[0,0],[0,0],[0,0],[0,0],[0,0],[1,1],[0,0],[0,0],[0,0],[0,0],[0,0],[0,0],[0,0],[0,0],[1,1],[0,0],[0,0],[0,0],[0,0],[0,0],[0,0],[0,0],[1,1],[0,0],[0,0],[0,0],[0,0],[1,1],[0,0],[0,0],[0,0],[0,0],[0,0],[0,0],[0,0],[0,0],[0,0],[0,0],[0,0],[0,0],[0,0],[0,0],[0,0],[0,0],[0,0],[1,1],[0,0],[0,0],[0,0],[0,0],[0,0],[0,0]],
"argumentBinaryOccurrenceList":[0,0,0,0,0,0,0,0,0,0,0,0,0,0,0,0,0,0,0,0,0,0,0,0,0,0,0,0,0,0,0,0,0,0,0,0,0,0,0,0,0,0,0,0,0,0,0,0,0,0,0,0,0,0,0,0,0,0,0,0,0,0,0,0,0,0,0,0,0,0,0,0,0,0,0,0,0,0,0,0,0,0,0,0,0,0,0,0,0,0,0,0],
"argumentOccurrence":[0,0,0,0,0,0,0,0,0,0,0,0,0,0,0,0,0,0,0,0,0,0,0,0,0,0,0,0,0,0,0,0,0,0,0,0,0,0,0,0,0,0,0,0,0,0,0,0,0,0,0,0,0,0,0,0,0,0,0,0,0,0,0,0,0,0,0,0,0,0,0,0,0,0,0,0,0,0,0,0,0,0,0,0,0,0,0,0,0,0,0,0],
"templateIndices":[],
"templateRelevanceLabel":[],
"templateCostLabel":[],
"clauseIndices":[],
"guardIndices":[36,52,64,82,97,110,122,145,155,168,181,184,188,203,208,211,214,219,221,230,236,244,250,265,273,281,290,301,303,313],
"clauseBinaryOccurrenceInCounterExampleList":[0,0,0,0,0,0,0,0,0,0,0,0,0,0,0,0,0,0,0,0,0,0,0,0,0,0,0,0,0,0],
"predictedLabel":[],
"controlLocationIndices":[2,9,18,37,53,65,83,98,111,123,189,222,251,282],
"binaryAdjacentList":[[3,2],[3,32],[4,2],[4,33],[5,2],[5,34],[6,2],[7,2],[8,2],[8,278],[10,9],[10,50],[11,9],[12,9],[13,9],[13,27],[14,9],[14,44],[14,46],[14,62],[15,9],[15,48],[16,9],[16,50],[17,9],[19,18],[19,24],[19,30],[19,217],[20,18],[20,32],[21,18],[21,33],[22,18],[22,35],[23,18],[23,34],[24,26],[25,24],[25,44],[25,129],[25,147],[25,156],[25,169],[25,231],[25,237],[25,245],[26,36],[27,29],[28,27],[28,30],[28,46],[28,48],[28,62],[28,72],[28,74],[28,76],[28,93],[28,95],[28,108],[28,120],[28,131],[28,133],[28,135],[28,149],[28,151],[28,158],[28,160],[28,162],[28,171],[28,173],[28,175],[28,182],[28,186],[28,198],[28,206],[28,209],[28,217],[28,228],[28,233],[28,239],[28,241],[28,247],[28,259],[28,266],[28,268],[28,274],[28,276],[28,295],[28,297],[28,299],[28,305],[28,310],[28,311],[29,36],[30,31],[31,36],[32,36],[33,36],[34,36],[35,36],[38,37],[38,198],[39,37],[39,143],[40,37],[40,141],[41,37],[41,142],[42,37],[42,51],[42,144],[42,154],[42,167],[42,180],[42,235],[42,243],[42,249],[44,45],[45,52],[46,47],[47,52],[48,49],[49,52],[50,52],[51,52],[54,53],[54,72],[54,78],[55,53],[56,53],[57,53],[58,53],[58,74],[59,53],[59,76],[59,93],[60,53],[60,79],[61,53],[62,63],[63,64],[66,65],[67,65],[68,65],[69,65],[69,228],[70,65],[70,245],[70,247],[72,73],[73,82],[74,75],[75,82],[76,77],[77,82],[78,79],[79,80],[80,82],[81,80],[84,83],[84,177],[85,83],[86,83],[87,83],[87,171],[88,83],[88,169],[88,173],[89,83],[89,175],[90,83],[90,95],[90,108],[91,83],[91,178],[92,83],[93,94],[94,97],[95,96],[96,97],[99,98],[99,164],[100,98],[101,98],[102,98],[102,158],[103,98],[103,156],[103,160],[104,98],[104,162],[105,98],[105,120],[106,98],[106,165],[107,98],[108,109],[109,110],[112,111],[112,137],[112,153],[113,111],[113,141],[114,111],[114,142],[115,111],[115,131],[116,111],[116,129],[116,133],[116,147],[116,149],[117,111],[117,135],[117,151],[118,111],[118,138],[118,143],[118,153],[119,111],[120,121],[121,122],[124,123],[125,123],[126,123],[127,123],[127,182],[127,186],[128,123],[129,130],[130,145],[131,132],[132,145],[133,134],[134,145],[135,136],[136,145],[137,138],[138,139],[139,145],[140,139],[140,166],[140,179],[141,145],[142,145],[143,145],[144,145],[147,148],[148,155],[149,150],[150,155],[151,152],[152,155],[153,155],[154,155],[156,157],[157,168],[158,159],[159,168],[160,161],[161,168],[162,163],[163,168],[164,165],[165,166],[166,168],[167,168],[169,170],[170,181],[171,172],[172,181],[173,174],[174,181],[175,176],[176,181],[177,178],[178,179],[179,181],[180,181],[182,183],[183,184],[186,187],[187,188],[190,189],[190,206],[191,189],[192,189],[193,189],[194,189],[194,200],[194,209],[194,212],[195,189],[195,202],[196,197],[198,199],[199,203],[200,203],[201,200],[201,212],[201,307],[202,203],[204,205],[206,207],[207,208],[209,210],[210,211],[212,213],[213,214],[215,216],[217,218],[218,219],[220,221],[223,222],[224,222],[225,222],[226,222],[226,239],[227,222],[227,231],[227,233],[227,237],[227,241],[228,229],[229,230],[231,232],[232,236],[233,234],[234,236],[235,236],[237,238],[238,244],[239,240],[240,244],[241,242],[242,244],[243,244],[245,246],[246,250],[247,248],[248,250],[249,250],[252,251],[252,295],[253,251],[253,261],[253,270],[254,251],[254,259],[254,266],[254,274],[255,251],[256,251],[256,268],[256,276],[256,299],[257,251],[257,262],[257,271],[257,279],[258,251],[258,291],[259,260],[260,265],[261,262],[262,263],[263,265],[264,263],[264,272],[264,280],[266,267],[267,273],[268,269],[269,273],[270,271],[271,272],[272,273],[274,275],[275,281],[276,277],[277,281],[278,279],[279,280],[280,281],[283,282],[283,308],[284,282],[284,310],[285,282],[285,289],[285,302],[285,311],[286,282],[286,297],[286,307],[287,282],[287,289],[287,302],[287,305],[288,282],[288,312],[289,290],[291,292],[293,294],[295,296],[296,301],[297,298],[298,301],[299,300],[300,301],[302,303],[305,306],[306,313],[307,313],[308,313],[309,308],[310,313],[311,313],[312,313]],
"ternaryAdjacencyList":[[9,36,2],[18,36,2],[20,36,3],[21,36,4],[23,36,5],[15,36,6],[17,36,7],[16,36,8],[37,52,9],[39,52,10],[40,52,11],[41,52,12],[38,52,14],[43,52,17],[53,64,9],[54,64,10],[55,64,11],[56,64,12],[57,64,13],[58,64,14],[59,64,15],[60,64,16],[61,64,17],[65,82,53],[67,82,55],[68,82,56],[70,82,58],[69,82,59],[66,82,60],[71,82,61],[83,97,53],[84,97,54],[85,97,55],[86,97,56],[87,97,57],[88,97,58],[89,97,59],[91,97,60],[92,97,61],[98,110,83],[99,110,84],[100,110,85],[101,110,86],[102,110,87],[103,110,88],[104,110,89],[105,110,90],[106,110,91],[107,110,92],[111,122,98],[112,122,99],[113,122,100],[114,122,101],[115,122,102],[116,122,103],[117,122,104],[118,122,106],[119,122,107],[123,145,111],[37,145,111],[40,145,113],[41,145,114],[38,145,116],[127,145,117],[39,145,118],[128,145,119],[37,155,111],[39,155,112],[40,155,113],[41,155,114],[38,155,116],[146,155,119],[37,168,98],[40,168,100],[41,168,101],[38,168,103],[39,168,106],[28,168,107],[37,181,83],[40,181,85],[41,181,86],[38,181,88],[39,181,91],[28,181,92],[1,184,123],[28,184,128],[1,188,123],[185,188,128],[189,203,37],[190,203,38],[191,203,39],[192,203,40],[193,203,41],[197,203,42],[1,208,189],[28,208,194],[205,208,195],[1,211,189],[189,214,37],[190,214,38],[191,214,39],[192,214,40],[193,214,41],[195,214,42],[1,219,18],[216,219,22],[1,221,18],[222,230,65],[223,230,66],[224,230,67],[225,230,68],[226,230,69],[227,230,70],[37,236,222],[39,236,223],[40,236,224],[41,236,225],[38,236,227],[37,244,222],[39,244,223],[40,244,224],[41,244,225],[38,244,227],[37,250,65],[39,250,66],[40,250,67],[41,250,68],[38,250,70],[1,265,251],[201,265,258],[1,273,251],[201,273,258],[2,281,251],[6,281,252],[3,281,253],[4,281,254],[5,281,255],[201,281,258],[1,290,282],[28,290,286],[251,301,282],[253,301,283],[254,301,284],[255,301,285],[292,301,287],[294,301,288],[1,303,282],[282,313,304]],
"unknownEdges":[],
"argumentIDList":[86,87,88,89,90,91,28,29,30,31,32,33,34,35,0,1,2,3,4,75,76,77,78,79,36,37,38,39,40,41,42,43,5,6,7,8,9,44,45,46,47,48,49,50,51,52,53,54,55,56,57,58,59,60,61,62,63,64,65,66,67,68,69,70,71,72,73,74,80,81,82,83,84,85,10,11,12,13,14,15,16,17,18,19,20,21,22,23,24,25,26,27],
"argumentNameList":["Proc15:argument0","Proc15:argument1","Proc15:argument2","Proc15:argument3","Proc15:argument4","Proc15:argument5","P!!2:argument0","P!!2:argument1","P!!2:argument2","P!!2:argument3","P!!2:argument4","P!!2:argument5","P!!2:argument6","P!!2:argument7","P!!10:argument0","P!!10:argument1","P!!10:argument2","P!!10:argument3","P!!10:argument4","P!!8:argument0","P!!8:argument1","P!!8:argument2","P!!8:argument3","P!!8:argument4","P!!3:argument0","P!!3:argument1","P!!3:argument2","P!!3:argument3","P!!3:argument4","P!!3:argument5","P!!3:argument6","P!!3:argument7","P!!11:argument0","P!!11:argument1","P!!11:argument2","P!!11:argument3","P!!11:argument4","P!!4:argument0","P!!4:argument1","P!!4:argument2","P!!4:argument3","P!!4:argument4","P!!4:argument5","P!!4:argument6","P!!4:argument7","P!!4:argument8","P!!5:argument0","P!!5:argument1","P!!5:argument2","P!!5:argument3","P!!5:argument4","P!!5:argument5","P!!5:argument6","P!!5:argument7","P!!5:argument8","P!!6:argument0","P!!6:argument1","P!!6:argument2","P!!6:argument3","P!!6:argument4","P!!6:argument5","P!!6:argument6","P!!6:argument7","P!!7:argument0","P!!7:argument1","P!!7:argument2","P!!7:argument3","P!!7:argument4","P!!9:argument0","P!!9:argument1","P!!9:argument2","P!!9:argument3","P!!9:argument4","P!!9:argument5","P!!12:argument0","P!!12:argument1","P!!12:argument2","P!!12:argument3","P!!12:argument4","P!!13:argument0","P!!13:argument1","P!!13:argument2","P!!13:argument3","P!!13:argument4","P!!13:argument5","P!!13:argument6","P!!14:argument0","P!!14:argument1","P!!14:argument2","P!!14:argument3","P!!14:argument4","P!!14:argument5"],
"predicateIndices":[2,9,18,37,53,65,83,98,111,123,189,222,251,282],
"predicateOccurrenceInClause":[2,3,3,10,3,3,3,3,3,3,4,3,4,4],
"predicateStrongConnectedComponent":[0,0,0,0,0,0,0,0,0,0,0,0,0,0],
"argumentEdges":[[3,2],[4,2],[5,2],[6,2],[7,2],[8,2],[10,9],[11,9],[12,9],[13,9],[14,9],[15,9],[16,9],[17,9],[19,18],[20,18],[21,18],[22,18],[23,18],[38,37],[39,37],[40,37],[41,37],[42,37],[54,53],[55,53],[56,53],[57,53],[58,53],[59,53],[60,53],[61,53],[66,65],[67,65],[68,65],[69,65],[70,65],[84,83],[85,83],[86,83],[87,83],[88,83],[89,83],[90,83],[91,83],[92,83],[99,98],[100,98],[101,98],[102,98],[103,98],[104,98],[105,98],[106,98],[107,98],[112,111],[113,111],[114,111],[115,111],[116,111],[117,111],[118,111],[119,111],[124,123],[125,123],[126,123],[127,123],[128,123],[190,189],[191,189],[192,189],[193,189],[194,189],[195,189],[223,222],[224,222],[225,222],[226,222],[227,222],[252,251],[253,251],[254,251],[255,251],[256,251],[257,251],[258,251],[283,282],[284,282],[285,282],[286,282],[287,282],[288,282]],
"guardASTEdges":[[26,36],[29,36],[31,36],[32,36],[33,36],[34,36],[35,36],[45,52],[47,52],[49,52],[50,52],[51,52],[63,64],[73,82],[75,82],[77,82],[80,82],[94,97],[96,97],[109,110],[121,122],[130,145],[132,145],[134,145],[136,145],[139,145],[141,145],[142,145],[143,145],[144,145],[148,155],[150,155],[152,155],[153,155],[154,155],[157,168],[159,168],[161,168],[163,168],[166,168],[167,168],[170,181],[172,181],[174,181],[176,181],[179,181],[180,181],[183,184],[187,188],[199,203],[200,203],[202,203],[207,208],[210,211],[213,214],[218,219],[220,221],[229,230],[232,236],[234,236],[235,236],[238,244],[240,244],[242,244],[243,244],[246,250],[248,250],[249,250],[260,265],[263,265],[267,273],[269,273],[272,273],[275,281],[277,281],[280,281],[289,290],[296,301],[298,301],[300,301],[302,303],[306,313],[307,313],[308,313],[310,313],[311,313],[312,313]],
"ASTEdges":[],
"AST_1Edges":[[19,24],[24,26],[13,27],[27,29],[19,30],[30,31],[20,32],[21,33],[23,34],[22,35],[14,44],[44,45],[14,46],[46,47],[15,48],[48,49],[16,50],[42,51],[14,62],[62,63],[54,72],[72,73],[58,74],[74,75],[59,76],[76,77],[60,79],[79,80],[59,93],[93,94],[90,95],[95,96],[90,108],[108,109],[105,120],[120,121],[116,129],[129,130],[115,131],[131,132],[116,133],[133,134],[117,135],[135,136],[118,138],[138,139],[40,141],[41,142],[39,143],[42,144],[116,147],[147,148],[116,149],[149,150],[117,151],[151,152],[118,153],[42,154],[103,156],[156,157],[102,158],[158,159],[103,160],[160,161],[104,162],[162,163],[106,165],[165,166],[42,167],[88,169],[169,170],[87,171],[171,172],[88,173],[173,174],[89,175],[175,176],[91,178],[178,179],[42,180],[127,182],[182,183],[127,186],[186,187],[196,197],[38,198],[198,199],[194,200],[195,202],[204,205],[190,206],[206,207],[194,209],[209,210],[194,212],[212,213],[215,216],[19,217],[217,218],[69,228],[228,229],[227,231],[231,232],[227,233],[233,234],[42,235],[227,237],[237,238],[226,239],[239,240],[227,241],[241,242],[42,243],[70,245],[245,246],[70,247],[247,248],[42,249],[254,259],[259,260],[257,262],[262,263],[254,266],[266,267],[256,268],[268,269],[257,271],[271,272],[254,274],[274,275],[256,276],[276,277],[8,278],[278,279],[279,280],[287,289],[258,291],[291,292],[293,294],[252,295],[295,296],[286,297],[297,298],[256,299],[299,300],[287,302],[287,305],[305,306],[286,307],[283,308],[284,310],[285,311],[288,312]],
"AST_2Edges":[[25,24],[28,27],[28,30],[3,32],[4,33],[5,34],[25,44],[28,46],[28,48],[10,50],[28,62],[28,72],[28,74],[28,76],[54,78],[78,79],[81,80],[28,93],[28,95],[28,108],[28,120],[25,129],[28,131],[28,133],[28,135],[112,137],[137,138],[140,139],[113,141],[114,142],[118,143],[25,147],[28,149],[28,151],[112,153],[25,156],[28,158],[28,160],[28,162],[99,164],[164,165],[140,166],[25,169],[28,171],[28,173],[28,175],[84,177],[177,178],[140,179],[28,182],[28,186],[28,198],[201,200],[28,206],[28,209],[201,212],[28,217],[28,228],[25,231],[28,233],[25,237],[28,239],[28,241],[25,245],[28,247],[28,259],[253,261],[261,262],[264,263],[28,266],[28,268],[253,270],[270,271],[264,272],[28,274],[28,276],[257,279],[264,280],[285,289],[28,295],[28,297],[28,299],[285,302],[28,305],[201,307],[309,308],[28,310],[28,311]],
"templateASTEdges":[],
"templateEdges":[],
"verifHintTplPredEdges":[],
"verifHintTplPredPosNegEdges":[],
"verifHintTplEqTermEdges":[],
"verifHintTplInEqTermEdges":[],
"verifHintTplInEqTermPosNegEdges":[],
"dataFlowASTEdges":[],
"controlFlowHyperEdges":[[9,36,2],[18,36,2],[37,52,9],[53,64,9],[65,82,53],[83,97,53],[98,110,83],[111,122,98],[123,145,111],[37,145,111],[37,155,111],[37,168,98],[37,181,83],[1,184,123],[1,188,123],[189,203,37],[1,208,189],[1,211,189],[189,214,37],[1,219,18],[1,221,18],[222,230,65],[37,236,222],[37,244,222],[37,250,65],[1,265,251],[1,273,251],[2,281,251],[1,290,282],[251,301,282],[1,303,282],[282,313,304]],
"dataFlowHyperEdges":[[20,36,3],[21,36,4],[23,36,5],[15,36,6],[17,36,7],[16,36,8],[39,52,10],[40,52,11],[41,52,12],[38,52,14],[43,52,17],[54,64,10],[55,64,11],[56,64,12],[57,64,13],[58,64,14],[59,64,15],[60,64,16],[61,64,17],[67,82,55],[68,82,56],[70,82,58],[69,82,59],[66,82,60],[71,82,61],[84,97,54],[85,97,55],[86,97,56],[87,97,57],[88,97,58],[89,97,59],[91,97,60],[92,97,61],[99,110,84],[100,110,85],[101,110,86],[102,110,87],[103,110,88],[104,110,89],[105,110,90],[106,110,91],[107,110,92],[112,122,99],[113,122,100],[114,122,101],[115,122,102],[116,122,103],[117,122,104],[118,122,106],[119,122,107],[40,145,113],[41,145,114],[38,145,116],[127,145,117],[39,145,118],[128,145,119],[39,155,112],[40,155,113],[41,155,114],[38,155,116],[146,155,119],[40,168,100],[41,168,101],[38,168,103],[39,168,106],[28,168,107],[40,181,85],[41,181,86],[38,181,88],[39,181,91],[28,181,92],[28,184,128],[185,188,128],[190,203,38],[191,203,39],[192,203,40],[193,203,41],[197,203,42],[28,208,194],[205,208,195],[190,214,38],[191,214,39],[192,214,40],[193,214,41],[195,214,42],[216,219,22],[223,230,66],[224,230,67],[225,230,68],[226,230,69],[227,230,70],[39,236,223],[40,236,224],[41,236,225],[38,236,227],[39,244,223],[40,244,224],[41,244,225],[38,244,227],[39,250,66],[40,250,67],[41,250,68],[38,250,70],[201,265,258],[201,273,258],[6,281,252],[3,281,253],[4,281,254],[5,281,255],[201,281,258],[28,290,286],[253,301,283],[254,301,284],[255,301,285],[292,301,287],[294,301,288]],
"controlLocationEdgeForSCC":[],
"predicateTransitiveEdges":[],
"dummyFiled":[]
}