{
"nodeIds":[0,1,2,3,4,5,6,7,8,9,10,11,12,13,14,15,16,17,18,19,20,21,22,23,24,25,26,27,28,29,30,31,32,33,34,35,36,37,38,39,40,41,42,43,44,45,46,47,48,49,50,51,52,53,54,55,56,57,58,59,60,61,62,63,64,65,66,67,68,69,70,71,72,73,74,75,76,77,78,79,80,81,82,83,84,85,86,87,88,89,90,91,92,93,94,95,96,97,98,99,100,101,102,103,104,105],
"nodeSymbolList":["predicateName_0","predicateArgument_0","FALSE","clause_0",">=","-1","symbolicConstant_0","=","symbolicConstant_1","symbolicConstant_2","=","symbolicConstant_3","symbolicConstant_4","=","symbolicConstant_5","=","1","symbolicConstant_6","=","symbolicConstant_7","symbolicConstant_8","=","symbolicConstant_9","symbolicConstant_10","=","symbolicConstant_11","=","symbolicConstant_12","symbolicConstant_13","=","symbolicConstant_14","symbolicConstant_15","=","symbolicConstant_16","=","symbolicConstant_17","=","symbolicConstant_18","clauseHead_0","clauseArgument_0","clause_1",">=","symbolicConstant_19","0","=","symbolicConstant_20","symbolicConstant_21","=","symbolicConstant_22","symbolicConstant_23","=","symbolicConstant_24","=","symbolicConstant_25","=","symbolicConstant_26","symbolicConstant_27","=","symbolicConstant_28","symbolicConstant_29","=","symbolicConstant_30","=","symbolicConstant_31","symbolicConstant_32","=","symbolicConstant_33","symbolicConstant_34","=","symbolicConstant_35","=","symbolicConstant_36","=","symbolicConstant_37","clauseHead_1","clauseArgument_1","clause_2","-","symbolicConstant_38","+","4",">=",">=",">=","3",">=","2","*","symbolicConstant_39","+","-2","+","-5","=","+","5",">=",">=","+",">=",">=","+",">=","clauseHead_2","clauseBody_0","clauseArgument_2"],
"falseIndices":[2],
"initialIndices":[],
"argumentIndices":[1],
"argumentBoundList":[[0,0]],
"argumentBinaryOccurrenceList":[0],
"argumentOccurrence":[0],
"templateIndices":[],
"templateRelevanceLabel":[],
"templateCostLabel":[],
"clauseIndices":[3,40,76],
"guardIndices":[],
"clauseBinaryOccurrenceInCounterExampleList":[0,0,0],
"predictedLabel":[],
"controlLocationIndices":[],
"binaryAdjacentList":[[0,1],[0,38],[0,74],[1,39],[1,75],[1,105],[2,103],[3,38],[4,3],[5,4],[5,93],[5,101],[6,4],[6,13],[6,34],[6,36],[7,3],[8,7],[9,7],[10,3],[11,10],[12,10],[13,3],[14,13],[15,3],[16,15],[16,24],[16,32],[16,52],[16,60],[16,68],[16,81],[16,96],[16,99],[16,100],[16,102],[17,15],[18,3],[19,18],[20,18],[21,3],[22,21],[23,21],[24,3],[25,24],[26,3],[27,26],[28,26],[29,3],[30,29],[31,29],[32,3],[33,32],[34,3],[35,34],[36,3],[37,36],[38,39],[39,6],[40,74],[41,40],[42,41],[42,50],[42,70],[42,72],[43,41],[43,82],[44,40],[45,44],[46,44],[47,40],[48,47],[49,47],[50,40],[51,50],[52,40],[53,52],[54,40],[55,54],[56,54],[57,40],[58,57],[59,57],[60,40],[61,60],[62,40],[63,62],[64,62],[65,40],[66,65],[67,65],[68,40],[69,68],[70,40],[71,70],[72,40],[73,72],[74,75],[75,42],[76,103],[77,79],[77,94],[78,77],[78,82],[78,83],[78,85],[78,97],[78,98],[78,100],[78,101],[78,105],[79,81],[80,79],[80,97],[81,76],[82,76],[82,76],[82,76],[82,76],[83,76],[83,76],[84,83],[85,76],[86,85],[86,87],[87,89],[88,87],[89,91],[90,89],[90,98],[91,93],[92,91],[93,76],[94,96],[95,94],[96,76],[97,76],[98,99],[99,76],[100,76],[101,102],[102,76],[104,0],[104,76],[105,104]],
"ternaryAdjacencyList":[],
"unknownEdges":[],
"argumentIDList":[0],
"argumentNameList":["predh6_19:argument0"],
"predicateIndices":[0],
"predicateOccurrenceInClause":[3],
"predicateStrongConnectedComponent":[0],
"predicateArgumentEdges":[[0,1]],
"predicateInstanceEdges":[[0,38],[0,74],[2,103],[104,0]],
"argumentInstanceEdges":[[1,39],[1,75],[1,105]],
"controlHeadEdges":[[3,38],[40,74],[76,103]],
"controlBodyEdges":[[104,76]],
"controlEdges":[],
"controlArgumentEdges":[[38,39],[74,75],[105,104]],
"subTermEdges":[[5,4],[6,4],[8,7],[9,7],[11,10],[12,10],[14,13],[6,13],[16,15],[17,15],[19,18],[20,18],[22,21],[23,21],[16,24],[25,24],[27,26],[28,26],[30,29],[31,29],[16,32],[33,32],[35,34],[6,34],[37,36],[6,36],[42,41],[43,41],[45,44],[46,44],[48,47],[49,47],[51,50],[42,50],[16,52],[53,52],[55,54],[56,54],[58,57],[59,57],[16,60],[61,60],[63,62],[64,62],[66,65],[67,65],[16,68],[69,68],[71,70],[42,70],[73,72],[42,72],[78,77],[80,79],[77,79],[79,81],[16,81],[78,82],[43,82],[78,83],[84,83],[78,85],[86,85],[88,87],[86,87],[87,89],[90,89],[89,91],[92,91],[5,93],[91,93],[95,94],[77,94],[94,96],[16,96],[78,97],[80,97],[78,98],[90,98],[98,99],[16,99],[78,100],[16,100],[78,101],[5,101],[101,102],[16,102]],
"guardEdges":[[4,3],[7,3],[10,3],[13,3],[15,3],[18,3],[21,3],[24,3],[26,3],[29,3],[32,3],[34,3],[36,3],[41,40],[44,40],[47,40],[50,40],[52,40],[54,40],[57,40],[60,40],[62,40],[65,40],[68,40],[70,40],[72,40],[81,76],[82,76],[83,76],[82,76],[85,76],[82,76],[93,76],[96,76],[97,76],[83,76],[99,76],[100,76],[82,76],[102,76]],
"dataEdges":[[39,6],[75,42],[78,105]],
"predicateInstanceHeadEdges":[],
"predicateInstanceBodyEdges":[],
"controlArgumentHeadEdges":[],
"controlArgumentBodyEdges":[],
"guardConstantEdges":[],
"guardOperatorEdges":[],
"guardScEdges":[],
"dataConstantEdges":[],
"dataOperatorEdges":[],
"dataScEdges":[],
"subTermConstantOperatorEdges":[],
"subTermOperatorOperatorEdges":[],
"subTermScOperatorEdges":[],
"dummyFiled":[]
}