{
"nodeIds":[0,1,2,3,4,5,6,7,8,9,10,11,12,13,14,15,16,17,18,19,20,21,22,23,24,25,26,27,28,29,30,31,32,33,34,35,36,37,38,39,40,41,42,43,44,45,46,47,48,49,50,51,52,53,54,55,56,57,58,59,60,61,62,63,64,65,66,67,68,69,70,71,72,73,74,75,76,77,78,79,80,81,82,83,84,85,86,87,88,89,90,91,92,93,94,95,96,97,98,99,100,101,102,103,104,105,106,107,108,109,110,111,112,113,114,115,116,117,118,119,120,121,122,123,124,125,126,127,128,129,130,131,132,133,134,135,136,137,138,139,140,141,142,143,144,145,146,147,148,149,150,151,152,153,154,155,156,157,158,159,160,161,162,163,164,165,166,167,168,169,170,171,172,173,174,175,176,177,178,179,180,181,182,183,184,185,186,187,188,189,190,191,192,193,194,195,196,197,198,199,200,201,202,203,204,205,206,207,208,209,210,211,212,213,214,215,216,217,218,219,220,221,222,223,224,225,226,227,228,229,230,231,232,233,234,235,236,237,238,239,240,241,242,243,244,245,246,247,248,249,250,251,252,253,254,255,256,257,258,259,260,261,262,263,264,265,266,267,268,269,270,271,272,273,274,275,276,277,278,279,280,281,282,283,284,285,286,287],
"nodeSymbolList":["predicateName_0","predicateArgument_0","predicateArgument_1","predicateArgument_2","predicateArgument_3","predicateArgument_4","predicateArgument_5","predicateArgument_6","predicateArgument_7","predicateArgument_8","predicateArgument_9","predicateArgument_10","predicateArgument_11","FALSE","clause_0","=","symbolicConstant_0","0","!","=","symbolicConstant_1","!","=","symbolicConstant_2","!","=","symbolicConstant_3","!","=","symbolicConstant_4","!","=","symbolicConstant_5","!","=","symbolicConstant_6","!","=","symbolicConstant_7","!","=","symbolicConstant_8","!","=","symbolicConstant_9","!","=","symbolicConstant_10","=","symbolicConstant_11","=","symbolicConstant_12","clauseHead_0","clauseArgument_0","clauseArgument_1","clauseArgument_2","clauseArgument_3","clauseArgument_4","clauseArgument_5","clauseArgument_6","clauseArgument_7","clauseArgument_8","clauseArgument_9","clauseArgument_10","clauseArgument_11","clause_1","=","symbolicConstant_13","5","!","=","symbolicConstant_14","!","&","&","|","=","symbolicConstant_15","!","=","symbolicConstant_16","!","&","&","|","=","symbolicConstant_17","!","=","symbolicConstant_18","&","!","&","|","=","symbolicConstant_19","!","&","&","&","|","&","|","=","symbolicConstant_20","!","=","symbolicConstant_21","&","!","&","|","=","symbolicConstant_22","!","&","&","&","|","&","|","=","symbolicConstant_23","!","=","symbolicConstant_24","!","|","=","symbolicConstant_25","!","&","&","&","|","=","symbolicConstant_26","!","=","symbolicConstant_27","!","|","=","symbolicConstant_28","!","&","&","&","|","&","&","|","&","&","|","=","symbolicConstant_29","!","&","&","|","=","symbolicConstant_30","=","symbolicConstant_31","&","&","!","&","|","&","!","|","|","|","&","&","|","&","&","|","&","&","|","&","&","|","=","symbolicConstant_32","!","&","&","|","=","symbolicConstant_33","!","&","&","|","=","symbolicConstant_34","!","&","&","|","=","symbolicConstant_35","!","&","&","|","=","symbolicConstant_36","!","&","&","|","-","+","=","1","|","=","|","=","symbolicConstant_37","=","=","symbolicConstant_38","clauseHead_1","clauseArgument_12","clauseArgument_13","clauseArgument_14","clauseArgument_15","clauseArgument_16","clauseArgument_17","clauseArgument_18","clauseArgument_19","clauseArgument_20","clauseArgument_21","clauseArgument_22","clauseArgument_23","clauseBody_0","clauseArgument_24","clauseArgument_25","clauseArgument_26","clauseArgument_27","clauseArgument_28","clauseArgument_29","clauseArgument_30","clauseArgument_31","clauseArgument_32","clauseArgument_33","clauseArgument_34","clauseArgument_35","clause_2","=","symbolicConstant_39","!","=","symbolicConstant_40","symbolicConstant_41","=","clauseHead_2","clauseBody_1","clauseArgument_36","symbolicConstant_42","clauseArgument_37","symbolicConstant_43","clauseArgument_38","symbolicConstant_44","clauseArgument_39","symbolicConstant_45","clauseArgument_40","symbolicConstant_46","clauseArgument_41","symbolicConstant_47","clauseArgument_42","symbolicConstant_48","clauseArgument_43","symbolicConstant_49","clauseArgument_44","symbolicConstant_50","clauseArgument_45","symbolicConstant_51","clauseArgument_46","symbolicConstant_52","clauseArgument_47"],
"falseIndices":[13],
"initialIndices":[],
"argumentIndices":[1,2,3,4,5,6,7,8,9,10,11,12],
"argumentBoundList":[[0,0],[0,0],[0,1],[0,0],[0,0],[0,0],[0,0],[0,1],[0,0],[0,0],[0,0],[0,0]],
"argumentBinaryOccurrenceList":[0,0,0,0,0,0,0,0,0,0,0,0],
"argumentOccurrence":[0,0,0,0,0,0,0,0,0,0,0,0],
"templateIndices":[],
"templateRelevanceLabel":[],
"templateCostLabel":[],
"clauseIndices":[14,65,255],
"guardIndices":[],
"clauseBinaryOccurrenceInCounterExampleList":[0,0,0],
"predictedLabel":[],
"controlLocationIndices":[],
"binaryAdjacentList":[[0,1],[0,2],[0,3],[0,4],[0,5],[0,6],[0,7],[0,8],[0,9],[0,10],[0,11],[0,12],[0,52],[0,229],[1,53],[1,230],[1,243],[1,265],[2,54],[2,231],[2,244],[2,267],[3,55],[3,232],[3,245],[3,269],[4,56],[4,233],[4,246],[4,271],[5,57],[5,234],[5,247],[5,273],[6,58],[6,235],[6,248],[6,275],[7,59],[7,236],[7,249],[7,277],[8,60],[8,237],[8,250],[8,279],[9,61],[9,238],[9,251],[9,281],[10,62],[10,239],[10,252],[10,283],[11,63],[11,240],[11,253],[11,285],[12,64],[12,241],[12,254],[12,287],[13,263],[14,52],[15,18],[16,15],[17,15],[17,19],[17,22],[17,25],[17,28],[17,31],[17,34],[17,37],[17,40],[17,43],[17,46],[17,48],[17,50],[17,70],[17,79],[17,85],[17,88],[17,94],[17,103],[17,106],[17,112],[17,121],[17,124],[17,128],[17,135],[17,138],[17,142],[17,155],[17,161],[17,163],[17,187],[17,193],[17,199],[17,205],[17,211],[17,256],[18,14],[19,21],[20,19],[21,14],[22,24],[23,22],[24,14],[25,27],[26,25],[27,14],[28,30],[29,28],[30,14],[31,33],[32,31],[33,14],[34,36],[35,34],[36,14],[37,39],[38,37],[39,14],[40,42],[41,40],[42,14],[43,45],[44,43],[45,14],[46,14],[47,46],[48,14],[49,48],[50,14],[51,50],[52,53],[52,54],[52,55],[52,56],[52,57],[52,58],[52,59],[52,60],[52,61],[52,62],[52,63],[52,64],[53,41],[54,38],[55,49],[56,35],[57,32],[58,16],[59,23],[60,47],[61,29],[62,20],[63,26],[64,51],[65,229],[66,69],[66,74],[66,221],[67,66],[67,218],[67,245],[67,250],[68,66],[68,76],[69,73],[69,223],[70,72],[70,74],[70,153],[71,70],[71,251],[72,73],[72,152],[73,75],[74,75],[75,65],[76,78],[76,83],[77,76],[77,217],[77,222],[77,227],[78,82],[79,81],[79,83],[79,179],[80,79],[81,82],[81,178],[82,84],[83,84],[84,65],[85,87],[85,92],[85,99],[85,150],[86,85],[86,252],[87,90],[87,98],[87,149],[88,90],[88,91],[88,99],[88,153],[89,88],[89,253],[90,93],[91,92],[91,98],[91,152],[92,93],[93,97],[94,96],[94,101],[95,94],[95,254],[96,97],[97,102],[98,100],[99,100],[100,101],[101,102],[102,65],[103,105],[103,110],[103,117],[103,182],[104,103],[105,108],[105,116],[105,181],[106,108],[106,109],[106,117],[106,179],[107,106],[108,111],[109,110],[109,116],[109,178],[110,111],[111,115],[112,114],[112,119],[113,112],[114,115],[115,120],[116,118],[117,118],[118,119],[119,120],[120,65],[121,123],[121,132],[121,191],[122,121],[123,127],[123,190],[124,126],[124,132],[124,185],[125,124],[126,127],[126,184],[127,131],[128,130],[128,133],[128,182],[129,128],[130,131],[130,181],[131,134],[132,133],[133,134],[134,65],[135,137],[135,146],[135,158],[135,166],[135,172],[135,209],[136,135],[136,248],[137,141],[137,159],[137,165],[137,173],[137,208],[138,140],[138,146],[138,173],[138,197],[139,138],[139,246],[140,141],[140,166],[140,196],[141,145],[142,144],[142,147],[142,150],[143,142],[143,249],[144,145],[144,149],[145,148],[146,147],[147,148],[148,65],[149,151],[150,151],[151,65],[152,154],[153,154],[154,65],[155,157],[155,159],[155,185],[156,155],[157,158],[157,184],[158,160],[159,160],[160,65],[161,170],[161,171],[161,215],[162,161],[163,165],[163,167],[163,174],[163,203],[164,163],[164,247],[165,169],[166,168],[167,168],[167,172],[167,202],[168,169],[169,170],[170,177],[171,176],[171,214],[172,175],[173,174],[174,175],[175,176],[176,177],[177,65],[178,180],[179,180],[180,65],[181,183],[182,183],[183,65],[184,186],[185,186],[186,65],[187,189],[187,191],[188,187],[189,65],[189,190],[190,192],[191,192],[192,65],[193,195],[193,197],[194,193],[194,224],[195,196],[196,198],[197,198],[198,65],[199,201],[199,203],[200,199],[200,243],[201,202],[202,204],[203,204],[204,65],[205,207],[205,209],[206,205],[206,244],[207,208],[208,210],[209,210],[210,65],[211,213],[211,215],[212,211],[213,214],[214,216],[215,216],[216,65],[217,218],[218,219],[219,221],[220,219],[220,222],[221,65],[222,223],[223,65],[224,65],[225,224],[225,226],[226,65],[227,65],[228,227],[229,230],[229,231],[229,232],[229,233],[229,234],[229,235],[229,236],[229,237],[229,238],[229,239],[229,240],[229,241],[230,162],[231,156],[232,77],[233,122],[234,212],[235,125],[236,129],[237,228],[238,80],[239,104],[240,107],[241,113],[242,0],[242,65],[243,242],[244,242],[245,242],[246,242],[247,242],[248,242],[249,242],[250,242],[251,242],[252,242],[253,242],[254,242],[255,263],[256,258],[257,256],[257,287],[258,255],[259,255],[260,259],[261,259],[261,262],[262,255],[264,0],[264,255],[265,264],[266,265],[267,264],[268,267],[269,264],[270,269],[271,264],[272,271],[273,264],[274,273],[275,264],[276,275],[277,264],[278,277],[279,264],[280,279],[281,264],[282,281],[283,264],[284,283],[285,264],[286,285],[287,264]],
"ternaryAdjacencyList":[],
"unknownEdges":[],
"argumentIDList":[0,1,2,3,4,5,6,7,8,9,10,11],
"argumentNameList":["state:argument0","state:argument1","state:argument2","state:argument3","state:argument4","state:argument5","state:argument6","state:argument7","state:argument8","state:argument9","state:argument10","state:argument11"],
"predicateIndices":[0],
"predicateOccurrenceInClause":[4],
"predicateStrongConnectedComponent":[1],
"predicateArgumentEdges":[[0,1],[0,2],[0,3],[0,4],[0,5],[0,6],[0,7],[0,8],[0,9],[0,10],[0,11],[0,12]],
"predicateInstanceEdges":[[0,52],[0,229],[242,0],[13,263],[264,0]],
"argumentInstanceEdges":[[1,53],[2,54],[3,55],[4,56],[5,57],[6,58],[7,59],[8,60],[9,61],[10,62],[11,63],[12,64],[1,230],[2,231],[3,232],[4,233],[5,234],[6,235],[7,236],[8,237],[9,238],[10,239],[11,240],[12,241],[1,243],[2,244],[3,245],[4,246],[5,247],[6,248],[7,249],[8,250],[9,251],[10,252],[11,253],[12,254],[1,265],[2,267],[3,269],[4,271],[5,273],[6,275],[7,277],[8,279],[9,281],[10,283],[11,285],[12,287]],
"controlHeadEdges":[[14,52],[65,229],[255,263]],
"controlBodyEdges":[[242,65],[264,255]],
"controlEdges":[],
"controlArgumentEdges":[[52,53],[52,54],[52,55],[52,56],[52,57],[52,58],[52,59],[52,60],[52,61],[52,62],[52,63],[52,64],[229,230],[229,231],[229,232],[229,233],[229,234],[229,235],[229,236],[229,237],[229,238],[229,239],[229,240],[229,241],[243,242],[244,242],[245,242],[246,242],[247,242],[248,242],[249,242],[250,242],[251,242],[252,242],[253,242],[254,242],[265,264],[267,264],[269,264],[271,264],[273,264],[275,264],[277,264],[279,264],[281,264],[283,264],[285,264],[287,264]],
"subTermEdges":[[16,15],[17,15],[15,18],[20,19],[17,19],[19,21],[23,22],[17,22],[22,24],[26,25],[17,25],[25,27],[29,28],[17,28],[28,30],[32,31],[17,31],[31,33],[35,34],[17,34],[34,36],[38,37],[17,37],[37,39],[41,40],[17,40],[40,42],[44,43],[17,43],[43,45],[47,46],[17,46],[49,48],[17,48],[51,50],[17,50],[67,66],[68,66],[66,69],[71,70],[17,70],[70,72],[69,73],[72,73],[70,74],[66,74],[73,75],[74,75],[77,76],[68,76],[76,78],[80,79],[17,79],[79,81],[78,82],[81,82],[79,83],[76,83],[82,84],[83,84],[86,85],[17,85],[85,87],[89,88],[17,88],[87,90],[88,90],[88,91],[85,92],[91,92],[90,93],[92,93],[95,94],[17,94],[94,96],[93,97],[96,97],[87,98],[91,98],[88,99],[85,99],[98,100],[99,100],[94,101],[100,101],[97,102],[101,102],[104,103],[17,103],[103,105],[107,106],[17,106],[105,108],[106,108],[106,109],[103,110],[109,110],[108,111],[110,111],[113,112],[17,112],[112,114],[111,115],[114,115],[105,116],[109,116],[106,117],[103,117],[116,118],[117,118],[112,119],[118,119],[115,120],[119,120],[122,121],[17,121],[121,123],[125,124],[17,124],[124,126],[123,127],[126,127],[129,128],[17,128],[128,130],[127,131],[130,131],[121,132],[124,132],[128,133],[132,133],[131,134],[133,134],[136,135],[17,135],[135,137],[139,138],[17,138],[138,140],[137,141],[140,141],[143,142],[17,142],[142,144],[141,145],[144,145],[135,146],[138,146],[142,147],[146,147],[145,148],[147,148],[144,149],[87,149],[85,150],[142,150],[149,151],[150,151],[72,152],[91,152],[88,153],[70,153],[152,154],[153,154],[156,155],[17,155],[155,157],[157,158],[135,158],[137,159],[155,159],[158,160],[159,160],[162,161],[17,161],[164,163],[17,163],[137,165],[163,165],[135,166],[140,166],[163,167],[166,168],[167,168],[165,169],[168,169],[161,170],[169,170],[161,171],[135,172],[167,172],[137,173],[138,173],[173,174],[163,174],[172,175],[174,175],[171,176],[175,176],[170,177],[176,177],[81,178],[109,178],[106,179],[79,179],[178,180],[179,180],[130,181],[105,181],[103,182],[128,182],[181,183],[182,183],[126,184],[157,184],[155,185],[124,185],[184,186],[185,186],[188,187],[17,187],[187,189],[123,190],[189,190],[187,191],[121,191],[190,192],[191,192],[194,193],[17,193],[193,195],[195,196],[140,196],[138,197],[193,197],[196,198],[197,198],[200,199],[17,199],[199,201],[201,202],[167,202],[163,203],[199,203],[202,204],[203,204],[206,205],[17,205],[205,207],[207,208],[137,208],[135,209],[205,209],[208,210],[209,210],[212,211],[17,211],[211,213],[213,214],[171,214],[161,215],[211,215],[214,216],[215,216],[77,217],[67,218],[217,218],[218,219],[220,219],[66,221],[219,221],[77,222],[220,222],[222,223],[69,223],[194,224],[225,224],[225,226],[228,227],[77,227],[257,256],[17,256],[256,258],[260,259],[261,259],[261,262]],
"guardEdges":[[18,14],[21,14],[24,14],[27,14],[30,14],[33,14],[36,14],[39,14],[42,14],[45,14],[46,14],[48,14],[50,14],[75,65],[84,65],[102,65],[120,65],[134,65],[148,65],[151,65],[154,65],[160,65],[177,65],[180,65],[183,65],[186,65],[192,65],[198,65],[204,65],[210,65],[216,65],[221,65],[223,65],[189,65],[224,65],[226,65],[227,65],[258,255],[259,255],[262,255]],
"dataEdges":[[53,41],[54,38],[55,49],[56,35],[57,32],[58,16],[59,23],[60,47],[61,29],[62,20],[63,26],[64,51],[230,162],[231,156],[232,77],[233,122],[234,212],[235,125],[236,129],[237,228],[238,80],[239,104],[240,107],[241,113],[200,243],[206,244],[67,245],[139,246],[164,247],[136,248],[143,249],[67,250],[71,251],[86,252],[89,253],[95,254],[266,265],[268,267],[270,269],[272,271],[274,273],[276,275],[278,277],[280,279],[282,281],[284,283],[286,285],[257,287]],
"predicateInstanceHeadEdges":[],
"predicateInstanceBodyEdges":[],
"controlArgumentHeadEdges":[],
"controlArgumentBodyEdges":[],
"guardConstantEdges":[],
"guardOperatorEdges":[],
"guardScEdges":[],
"dataConstantEdges":[],
"dataOperatorEdges":[],
"dataScEdges":[],
"subTermConstantOperatorEdges":[],
"subTermOperatorOperatorEdges":[],
"subTermScOperatorEdges":[],
"dummyFiled":[]
}