{
"nodeIds":[0,1,2,3,4,5,6,7,8,9,10,11,12,13,14,15,16,17,18,19,20,21,22,23,24,25,26,27,28,29,30,31,32,33,34,35,36,37,38,39,40,41,42,43,44,45,46,47,48,49,50,51,52,53,54,55,56,57,58,59,60,61,62,63,64],
"nodeSymbolList":["predicateName_0","predicateArgument_0","predicateArgument_1","FALSE","clause_0","=","symbolicConstant_0","0","!","=","symbolicConstant_1","!","=","symbolicConstant_2","!","=","symbolicConstant_3","!","=","symbolicConstant_4","=","symbolicConstant_5","clauseHead_0","clauseArgument_0","clauseArgument_1","clause_1","=","symbolicConstant_6","!","=","symbolicConstant_7","!","=","symbolicConstant_8","!","=","symbolicConstant_9","!","=","symbolicConstant_10","!","clauseHead_1","clauseArgument_2","clauseArgument_3","symbolicConstant_11","clauseBody_0","clauseArgument_4","+","-1","clauseArgument_5","+","clause_2","=","symbolicConstant_12","!","=","symbolicConstant_13","!","true","clauseHead_2","clauseBody_1","clauseArgument_6","symbolicConstant_14","clauseArgument_7","20"],
"falseIndices":[3],
"initialIndices":[],
"argumentIndices":[1,2],
"argumentBoundList":[[1,0],[1,0]],
"argumentBinaryOccurrenceList":[0,0],
"argumentOccurrence":[0,0],
"templateIndices":[],
"templateRelevanceLabel":[],
"templateCostLabel":[],
"clauseIndices":[4,25,51],
"guardIndices":[],
"clauseBinaryOccurrenceInCounterExampleList":[0,0,0],
"predictedLabel":[],
"controlLocationIndices":[],
"binaryAdjacentList":[[0,1],[0,2],[0,22],[0,41],[1,23],[1,42],[1,46],[1,61],[2,24],[2,43],[2,49],[2,63],[3,59],[4,22],[5,8],[6,5],[7,5],[7,9],[7,12],[7,15],[7,18],[7,20],[7,26],[7,29],[7,32],[7,35],[7,38],[7,52],[7,55],[8,4],[8,4],[8,4],[9,11],[10,9],[11,4],[11,4],[11,4],[12,14],[13,12],[14,4],[15,17],[16,15],[17,4],[18,4],[19,18],[20,4],[21,20],[22,23],[22,24],[23,21],[24,19],[25,41],[26,28],[27,26],[28,25],[28,25],[29,31],[30,29],[31,25],[31,25],[32,34],[33,32],[34,25],[35,37],[36,35],[36,47],[37,25],[38,40],[39,38],[40,25],[41,42],[41,43],[42,36],[43,44],[44,50],[45,0],[45,25],[46,45],[47,46],[48,47],[48,50],[49,45],[50,49],[51,59],[52,54],[53,52],[54,51],[55,57],[56,55],[57,51],[58,51],[58,51],[60,0],[60,51],[61,60],[62,61],[63,60],[64,63]],
"ternaryAdjacencyList":[],
"unknownEdges":[],
"argumentIDList":[0,1],
"argumentNameList":["id_3:argument0","id_3:argument1"],
"predicateIndices":[0],
"predicateOccurrenceInClause":[4],
"predicateStrongConnectedComponent":[1],
"predicateArgumentEdges":[[0,1],[0,2]],
"predicateInstanceEdges":[[0,22],[0,41],[45,0],[3,59],[60,0]],
"argumentInstanceEdges":[[1,23],[2,24],[1,42],[2,43],[1,46],[2,49],[1,61],[2,63]],
"controlHeadEdges":[[4,22],[25,41],[51,59]],
"controlBodyEdges":[[45,25],[60,51]],
"controlEdges":[],
"controlArgumentEdges":[[22,23],[22,24],[41,42],[41,43],[46,45],[49,45],[61,60],[63,60]],
"subTermEdges":[[6,5],[7,5],[5,8],[10,9],[7,9],[9,11],[13,12],[7,12],[12,14],[16,15],[7,15],[15,17],[19,18],[7,18],[21,20],[7,20],[27,26],[7,26],[26,28],[30,29],[7,29],[29,31],[33,32],[7,32],[32,34],[36,35],[7,35],[35,37],[39,38],[7,38],[38,40],[36,47],[48,47],[44,50],[48,50],[53,52],[7,52],[52,54],[56,55],[7,55],[55,57]],
"guardEdges":[[8,4],[11,4],[14,4],[8,4],[11,4],[11,4],[8,4],[17,4],[18,4],[20,4],[28,25],[31,25],[34,25],[37,25],[40,25],[28,25],[31,25],[54,51],[57,51],[58,51],[58,51]],
"dataEdges":[[23,21],[24,19],[42,36],[43,44],[47,46],[50,49],[62,61],[64,63]],
"predicateInstanceHeadEdges":[],
"predicateInstanceBodyEdges":[],
"controlArgumentHeadEdges":[],
"controlArgumentBodyEdges":[],
"guardConstantEdges":[],
"guardOperatorEdges":[],
"guardScEdges":[],
"dataConstantEdges":[],
"dataOperatorEdges":[],
"dataScEdges":[],
"subTermConstantOperatorEdges":[],
"subTermOperatorOperatorEdges":[],
"subTermScOperatorEdges":[],
"dummyFiled":[]
}