{
"nodeIds":[0,1,2,3,4,5,6,7,8,9,10,11,12,13,14,15,16,17,18,19,20,21,22,23,24,25,26,27,28,29,30,31,32,33,34,35,36,37,38,39,40,41,42,43,44,45,46,47,48,49,50,51,52,53,54,55,56,57,58,59,60,61,62,63,64,65,66,67,68,69,70,71,72,73,74,75,76,77,78,79,80],
"nodeSymbolList":["Initial","CONTROL_0","predicateArgument_0","predicateArgument_1","predicateArgument_2","predicateArgument_3","0",">=","46340",">=",">=","=",">=","guard_0","CONTROL_1","predicateArgument_4","predicateArgument_5","predicateArgument_6","predicateArgument_7","true","guard_1","+","+","-1","-","+","+","=",">=","guard_2","CONTROL_2","predicateArgument_8","predicateArgument_9","predicateArgument_10","predicateArgument_11","-",">=","1","guard_3","guard_4","CONTROL_3","predicateArgument_12","predicateArgument_13","predicateArgument_14","predicateArgument_15","predicateArgument_16","=","=","guard_5","CONTROL_4","predicateArgument_17","predicateArgument_18","predicateArgument_19","predicateArgument_20","predicateArgument_21","guard_6","+","+","-","+","+","=",">=","guard_7","CONTROL_5","predicateArgument_22","predicateArgument_23","predicateArgument_24","predicateArgument_25","predicateArgument_26","-",">=","guard_8","guard_9","FALSE","=","!",">=",">=","=","guard_10"],
"falseIndices":[74],
"initialIndices":[0],
"argumentIndices":[2,3,4,5,15,16,17,18,31,32,33,34,41,42,43,44,45,50,51,52,53,54,65,66,67,68,69],
"argumentBoundList":[[1,1],[1,1],[1,0],[1,1],[1,1],[1,1],[1,0],[1,1],[1,1],[1,1],[1,0],[1,1],[1,0],[1,1],[1,1],[1,0],[1,1],[1,0],[1,1],[1,1],[1,0],[1,1],[1,0],[1,1],[1,1],[1,0],[1,1]],
"argumentBinaryOccurrenceList":[0,0,0,0,0,0,0,0,0,0,0,0,0,0,0,0,0,0,0,0,0,0,0,0,0,0,0],
"argumentOccurrence":[0,0,0,0,0,0,0,0,0,0,0,0,0,0,0,0,0,0,0,0,0,0,0,0,0,0,0],
"templateIndices":[],
"templateRelevanceLabel":[],
"templateCostLabel":[],
"clauseIndices":[],
"guardIndices":[13,20,29,38,39,48,55,63,72,73,80],
"clauseBinaryOccurrenceInCounterExampleList":[0,0,0,0,0,0,0,0,0,0,0],
"controlLocationIndices":[1,14,30,40,49,64],
"binaryAdjacentList":[[2,1],[2,9],[2,12],[2,26],[3,1],[3,11],[4,1],[4,24],[5,1],[5,7],[5,10],[5,11],[5,28],[6,10],[6,12],[6,27],[6,28],[6,47],[6,61],[6,62],[6,79],[7,13],[8,7],[8,9],[9,13],[10,13],[11,13],[12,13],[15,14],[15,21],[16,14],[17,14],[17,21],[17,25],[18,14],[18,22],[18,36],[18,47],[19,20],[19,39],[19,55],[19,73],[23,22],[23,57],[24,25],[25,26],[26,27],[27,29],[28,29],[31,30],[32,30],[33,30],[34,30],[34,35],[36,38],[37,36],[37,71],[37,77],[37,78],[41,40],[42,40],[42,46],[43,40],[43,60],[44,40],[44,58],[45,40],[45,46],[45,62],[46,48],[47,48],[50,49],[50,75],[51,49],[51,78],[52,49],[52,56],[52,77],[53,49],[53,56],[53,59],[53,75],[54,49],[54,57],[54,71],[54,79],[58,59],[59,60],[60,61],[61,63],[62,63],[65,64],[66,64],[67,64],[68,64],[69,64],[69,70],[71,72],[75,76],[76,80],[77,80],[78,80],[79,80]],
"ternaryAdjacencyList":[[0,13,1],[6,13,4],[1,20,14],[2,20,15],[3,20,16],[4,20,17],[5,20,18],[14,29,1],[16,29,3],[21,29,4],[22,29,5],[30,38,14],[31,38,15],[32,38,16],[33,38,17],[35,38,18],[14,39,30],[15,39,31],[16,39,32],[17,39,33],[18,39,34],[14,48,40],[17,48,41],[16,48,43],[6,48,44],[15,48,45],[40,55,49],[41,55,50],[42,55,51],[43,55,52],[44,55,53],[45,55,54],[49,63,40],[50,63,41],[51,63,42],[56,63,44],[57,63,45],[64,72,49],[65,72,50],[66,72,51],[67,72,52],[68,72,53],[70,72,54],[49,73,64],[50,73,65],[51,73,66],[52,73,67],[53,73,68],[54,73,69],[49,80,74]],
"unknownEdges":[],
"argumentIDList":[18,19,20,21,0,1,2,3,14,15,16,17,22,23,24,25,26,4,5,6,7,8,9,10,11,12,13],
"argumentNameList":["main@tailrecurse.outer.i:argument0","main@tailrecurse.outer.i:argument1","main@tailrecurse.outer.i:argument2","main@tailrecurse.outer.i:argument3","main@tailrecurse.i:argument0","main@tailrecurse.i:argument1","main@tailrecurse.i:argument2","main@tailrecurse.i:argument3","main@tailrecurse.i_3_1:argument0","main@tailrecurse.i_3_1:argument1","main@tailrecurse.i_3_1:argument2","main@tailrecurse.i_3_1:argument3","main@tailrecurse.outer.i3:argument0","main@tailrecurse.outer.i3:argument1","main@tailrecurse.outer.i3:argument2","main@tailrecurse.outer.i3:argument3","main@tailrecurse.outer.i3:argument4","main@tailrecurse.i5:argument0","main@tailrecurse.i5:argument1","main@tailrecurse.i5:argument2","main@tailrecurse.i5:argument3","main@tailrecurse.i5:argument4","main@tailrecurse.i5_7_1:argument0","main@tailrecurse.i5_7_1:argument1","main@tailrecurse.i5_7_1:argument2","main@tailrecurse.i5_7_1:argument3","main@tailrecurse.i5_7_1:argument4"],
"predicateIndices":[1,14,30,40,49,64],
"predicateOccurrenceInClause":[3,5,2,3,5,2],
"predicateStrongConnectedComponent":[1,1,1,1,1,1],
"argumentEdges":[[2,1],[3,1],[4,1],[5,1],[15,14],[16,14],[17,14],[18,14],[31,30],[32,30],[33,30],[34,30],[41,40],[42,40],[43,40],[44,40],[45,40],[50,49],[51,49],[52,49],[53,49],[54,49],[65,64],[66,64],[67,64],[68,64],[69,64]],
"guardASTEdges":[[7,13],[9,13],[10,13],[11,13],[12,13],[19,20],[27,29],[28,29],[36,38],[19,39],[46,48],[47,48],[19,55],[61,63],[62,63],[71,72],[19,73],[76,80],[77,80],[78,80],[79,80]],
"ASTEdges":[],
"AST_1Edges":[[8,7],[8,9],[5,10],[3,11],[2,12],[15,21],[23,22],[17,25],[2,26],[26,27],[5,28],[34,35],[18,36],[42,46],[18,47],[52,56],[23,57],[53,59],[43,60],[60,61],[45,62],[69,70],[54,71],[53,75],[75,76],[52,77],[51,78],[54,79]],
"AST_2Edges":[[5,7],[2,9],[6,10],[5,11],[6,12],[17,21],[18,22],[4,24],[24,25],[25,26],[6,27],[6,28],[37,36],[45,46],[6,47],[53,56],[54,57],[44,58],[58,59],[59,60],[6,61],[6,62],[37,71],[50,75],[37,77],[37,78],[6,79]],
"templateASTEdges":[],
"templateEdges":[],
"verifHintTplPredEdges":[],
"verifHintTplPredPosNegEdges":[],
"verifHintTplEqTermEdges":[],
"verifHintTplInEqTermEdges":[],
"verifHintTplInEqTermPosNegEdges":[],
"dataFlowASTEdges":[],
"controlFlowHyperEdges":[[0,13,1],[1,20,14],[14,29,1],[30,38,14],[14,39,30],[14,48,40],[40,55,49],[49,63,40],[64,72,49],[49,73,64],[49,80,74]],
"dataFlowHyperEdges":[[6,13,4],[2,20,15],[3,20,16],[4,20,17],[5,20,18],[16,29,3],[21,29,4],[22,29,5],[31,38,15],[32,38,16],[33,38,17],[35,38,18],[15,39,31],[16,39,32],[17,39,33],[18,39,34],[17,48,41],[16,48,43],[6,48,44],[15,48,45],[41,55,50],[42,55,51],[43,55,52],[44,55,53],[45,55,54],[50,63,41],[51,63,42],[56,63,44],[57,63,45],[65,72,50],[66,72,51],[67,72,52],[68,72,53],[70,72,54],[50,73,65],[51,73,66],[52,73,67],[53,73,68],[54,73,69]],
"controlLocationEdgeForSCC":[],
"predicateTransitiveEdges":[],
"dummyFiled":[]
}