{
"nodeIds":[0,1,2,3,4,5,6,7,8,9,10,11,12,13,14,15,16,17,18,19,20,21,22,23,24,25,26,27,28,29,30,31,32,33,34,35,36,37,38,39,40,41,42,43,44,45,46,47,48,49,50,51,52,53,54,55,56,57,58,59,60,61,62,63,64,65,66,67,68,69,70,71,72,73,74,75,76,77,78,79,80,81,82,83,84,85,86,87,88,89,90,91,92,93,94,95,96,97,98,99,100,101,102,103,104,105,106,107,108,109,110,111,112,113,114,115,116,117,118,119,120,121,122,123,124,125,126,127,128,129,130,131,132,133,134,135,136,137,138,139,140,141,142,143,144,145,146,147,148,149,150,151,152,153,154,155,156,157,158,159,160,161,162,163,164,165,166,167,168,169,170,171,172,173,174,175,176,177,178,179,180,181,182,183,184,185,186,187,188,189,190,191,192,193,194,195,196,197,198,199,200,201,202,203,204,205,206,207,208,209,210,211,212,213,214,215,216,217,218,219,220,221,222,223,224,225,226,227,228,229,230,231,232,233,234,235,236,237,238,239,240,241,242,243,244,245,246,247,248,249,250,251,252,253,254,255,256,257,258,259,260,261,262,263,264,265,266,267,268,269,270,271,272,273,274,275,276,277,278,279],
"nodeSymbolList":["predicateName_0","predicateArgument_0","predicateArgument_1","predicateArgument_2","predicateArgument_3","predicateName_1","predicateArgument_4","predicateArgument_5","predicateArgument_6","predicateArgument_7","predicateName_2","predicateArgument_8","predicateArgument_9","predicateArgument_10","FALSE","clause_0",">=","symbolicConstant_0","1","+","symbolicConstant_1","-1","-","+","symbolicConstant_2",">=",">=","2",">=","0","+",">=",">=","=","symbolicConstant_3","3","+","symbolicConstant_4","=","clauseHead_0","clauseArgument_0","clauseArgument_1","clauseArgument_2","clauseArgument_3","symbolicConstant_5","clauseBody_0","clauseArgument_4","clauseArgument_5","clauseArgument_6","clauseArgument_7","clause_1",">=","symbolicConstant_6","symbolicConstant_7",">=","symbolicConstant_8",">=",">=","-","+",">=",">=","=","symbolicConstant_9","+","symbolicConstant_10","=","clauseHead_1","clauseArgument_8","clauseArgument_9","clauseArgument_10","clauseArgument_11","symbolicConstant_11","clauseBody_1","clauseArgument_12","clauseArgument_13","clauseArgument_14","clauseArgument_15","clause_2",">=","symbolicConstant_12","+","symbolicConstant_13","+","-","+","symbolicConstant_14",">=",">=",">=","=","symbolicConstant_15","+","symbolicConstant_16","=","clauseHead_2","clauseArgument_16","clauseArgument_17","clauseArgument_18","symbolicConstant_17","clauseArgument_19","clauseBody_2","clauseArgument_20","clauseArgument_21","clauseArgument_22","clause_3",">=","symbolicConstant_18","symbolicConstant_19",">=","symbolicConstant_20",">=",">=","=","symbolicConstant_21","=","symbolicConstant_22","clauseHead_3","clauseArgument_23","clauseArgument_24","clauseArgument_25","symbolicConstant_23","clauseArgument_26","clauseBody_3","clauseArgument_27","clauseArgument_28","clauseArgument_29","clause_4",">=","symbolicConstant_24","-","+",">=",">=","-","symbolicConstant_25","+","symbolicConstant_26",">=",">=","+",">=","symbolicConstant_27",">=",">=",">=","symbolicConstant_28",">=",">=","+","+","-","+","+","=","+","+",">=","+","-","+","+",">=","+",">=",">=",">=",">=","+","-","+","+",">=","+",">=",">=",">=",">=",">=","-2",">=","+","+","symbolicConstant_29","=","=",">=",">=",">=",">=",">=","clauseHead_4","clauseArgument_30","clauseArgument_31","clauseArgument_32","clause_5",">=","symbolicConstant_30","-","+",">=","-","symbolicConstant_31","+","symbolicConstant_32",">=",">=","+",">=","symbolicConstant_33",">=",">=",">=","symbolicConstant_34",">=",">=","+","+","-","+","+","=","+","+",">=","+","-","+","+",">=","+",">=",">=",">=",">=","+","-","+","+",">=","+",">=",">=",">=",">=",">=",">=","+","+","symbolicConstant_35","=","=",">=",">=",">=",">=",">=","clauseHead_5","clauseArgument_33","clauseArgument_34","clauseArgument_35","clause_6","-","symbolicConstant_36","+","symbolicConstant_37",">=",">=",">=",">=","-","symbolicConstant_38","+",">=","clauseHead_6","clauseBody_4","clauseArgument_36","clauseArgument_37","clauseArgument_38","clauseArgument_39"],
"falseIndices":[14],
"initialIndices":[],
"argumentIndices":[1,2,3,4,6,7,8,9,11,12,13],
"argumentBoundList":[[1,1],[1,1],[1,1],[1,1],[1,0],[1,1],[0,0],[1,1],[1,0],[1,1],[1,1]],
"argumentBinaryOccurrenceList":[0,0,0,0,0,0,0,0,0,0,0],
"argumentOccurrence":[0,0,0,0,0,0,0,0,0,0,0],
"templateIndices":[],
"templateRelevanceLabel":[],
"templateCostLabel":[],
"clauseIndices":[15,50,78,105,127,195,261],
"guardIndices":[],
"clauseBinaryOccurrenceInCounterExampleList":[0,0,0,0,0,0,0],
"predictedLabel":[],
"controlLocationIndices":[],
"binaryAdjacentList":[[0,1],[0,2],[0,3],[0,4],[0,39],[0,67],[1,40],[1,68],[1,276],[2,41],[2,69],[2,277],[3,42],[3,70],[3,278],[4,43],[4,71],[4,279],[5,6],[5,7],[5,8],[5,9],[5,95],[5,117],[6,46],[6,74],[6,96],[6,118],[7,47],[7,75],[7,97],[7,119],[8,48],[8,76],[8,98],[8,120],[9,49],[9,77],[9,100],[9,122],[10,11],[10,12],[10,13],[10,191],[10,257],[11,102],[11,124],[11,192],[11,258],[12,103],[12,125],[12,193],[12,259],[13,104],[13,126],[13,194],[13,260],[14,274],[15,39],[16,15],[16,15],[17,16],[17,49],[18,16],[18,25],[18,31],[18,32],[18,38],[18,54],[18,60],[18,61],[18,66],[18,79],[18,81],[18,87],[18,88],[18,109],[18,111],[18,132],[18,138],[18,144],[18,145],[18,150],[18,152],[18,157],[18,164],[18,166],[18,174],[18,176],[18,180],[18,181],[18,190],[18,200],[18,205],[18,211],[18,212],[18,217],[18,219],[18,224],[18,231],[18,233],[18,241],[18,243],[18,246],[18,247],[18,256],[18,266],[18,268],[18,273],[19,22],[19,47],[20,19],[21,19],[21,36],[21,64],[21,83],[21,92],[21,128],[21,140],[21,149],[21,158],[21,168],[21,207],[21,216],[21,225],[21,235],[22,23],[22,30],[23,25],[24,23],[24,26],[24,28],[24,32],[24,46],[25,15],[26,15],[26,15],[27,26],[27,30],[27,56],[27,59],[27,90],[27,113],[27,131],[27,188],[27,199],[27,254],[28,15],[28,15],[28,15],[29,28],[29,48],[29,57],[29,76],[29,89],[29,112],[29,133],[29,139],[29,143],[29,147],[29,162],[29,172],[29,187],[29,196],[29,206],[29,210],[29,214],[29,229],[29,239],[29,253],[29,267],[29,279],[30,31],[31,15],[31,15],[32,15],[32,15],[33,15],[34,33],[35,33],[35,62],[35,155],[35,222],[35,272],[36,38],[37,36],[38,15],[39,40],[39,41],[39,42],[39,43],[40,24],[41,37],[42,20],[43,44],[45,5],[45,15],[46,45],[47,45],[48,45],[49,45],[50,67],[51,50],[52,51],[52,58],[52,75],[53,51],[53,56],[53,57],[53,61],[53,74],[54,50],[54,50],[55,54],[55,77],[56,50],[56,50],[57,50],[57,50],[57,50],[58,59],[59,60],[60,50],[60,50],[61,50],[61,50],[62,50],[63,62],[64,66],[65,64],[66,50],[67,68],[67,69],[67,70],[67,71],[68,53],[69,65],[70,52],[71,72],[73,5],[73,50],[74,73],[75,73],[76,73],[77,73],[78,95],[79,78],[80,79],[80,104],[81,83],[82,81],[82,94],[82,103],[83,84],[84,85],[85,87],[86,85],[86,88],[86,89],[86,102],[87,78],[88,78],[88,78],[89,78],[90,78],[91,90],[92,94],[93,92],[94,78],[95,96],[95,97],[95,98],[95,100],[96,86],[97,93],[98,99],[100,80],[101,10],[101,78],[102,101],[103,101],[104,101],[105,117],[106,105],[107,106],[107,115],[107,125],[108,106],[108,111],[108,112],[108,124],[109,105],[110,109],[110,126],[111,105],[111,105],[112,105],[113,105],[114,113],[115,105],[116,115],[117,118],[117,119],[117,120],[117,122],[118,108],[119,116],[120,121],[122,110],[123,10],[123,105],[124,123],[125,123],[126,123],[127,191],[128,127],[129,128],[129,130],[129,133],[129,149],[129,155],[129,178],[129,180],[129,181],[129,189],[130,131],[131,132],[132,127],[133,127],[133,127],[133,127],[134,136],[134,156],[135,134],[135,139],[135,148],[135,153],[135,167],[135,177],[135,185],[136,138],[137,136],[137,140],[138,127],[139,127],[139,127],[139,127],[139,127],[139,127],[139,127],[140,141],[140,144],[140,148],[140,154],[141,127],[142,141],[142,143],[142,161],[142,165],[142,171],[142,175],[142,184],[143,127],[143,127],[143,127],[143,127],[143,127],[144,127],[145,127],[145,127],[145,127],[145,127],[145,127],[146,145],[146,147],[146,186],[146,188],[146,189],[147,127],[147,127],[147,127],[147,127],[147,127],[148,127],[149,150],[150,151],[150,160],[150,170],[151,152],[151,163],[151,173],[152,153],[153,154],[154,127],[155,156],[155,158],[156,157],[157,127],[158,159],[158,163],[158,165],[158,166],[158,167],[158,168],[159,160],[160,161],[161,162],[162,127],[163,164],[164,127],[165,127],[166,127],[167,127],[168,169],[168,173],[168,175],[168,176],[168,177],[169,170],[170,171],[171,172],[172,127],[173,174],[174,127],[175,127],[176,127],[177,127],[178,127],[179,178],[179,245],[180,127],[180,127],[181,182],[182,184],[182,185],[183,182],[183,186],[183,187],[183,190],[184,127],[185,127],[186,127],[187,127],[188,127],[189,127],[190,127],[191,192],[191,193],[191,194],[192,146],[193,129],[194,142],[195,257],[196,195],[196,195],[196,195],[196,195],[197,196],[197,198],[197,216],[197,222],[197,245],[197,246],[197,247],[197,255],[198,199],[199,200],[200,195],[201,203],[201,223],[202,201],[202,206],[202,215],[202,220],[202,234],[202,244],[202,251],[203,205],[204,203],[204,207],[205,195],[206,195],[206,195],[206,195],[206,195],[206,195],[206,195],[207,208],[207,211],[207,215],[207,221],[208,195],[209,208],[209,210],[209,228],[209,232],[209,238],[209,242],[209,250],[210,195],[210,195],[210,195],[210,195],[210,195],[211,195],[212,195],[212,195],[212,195],[212,195],[212,195],[213,212],[213,214],[213,252],[213,254],[213,255],[214,195],[214,195],[214,195],[214,195],[214,195],[215,195],[216,217],[217,218],[217,227],[217,237],[218,219],[218,230],[218,240],[219,220],[220,221],[221,195],[222,223],[222,225],[223,224],[224,195],[225,226],[225,230],[225,232],[225,233],[225,234],[225,235],[226,227],[227,228],[228,229],[229,195],[230,231],[231,195],[232,195],[233,195],[234,195],[235,236],[235,240],[235,242],[235,243],[235,244],[236,237],[237,238],[238,239],[239,195],[240,241],[241,195],[242,195],[243,195],[244,195],[245,195],[246,195],[246,195],[247,248],[248,250],[248,251],[249,248],[249,252],[249,253],[249,256],[250,195],[251,195],[252,195],[253,195],[254,195],[255,195],[256,195],[257,258],[257,259],[257,260],[258,213],[259,197],[260,209],[261,274],[262,264],[263,262],[263,267],[263,269],[263,276],[264,266],[265,264],[265,268],[265,269],[265,277],[266,261],[267,261],[267,261],[268,261],[268,261],[269,261],[270,272],[271,270],[271,278],[272,273],[273,261],[275,0],[275,261],[276,275],[277,275],[278,275],[279,275]],
"ternaryAdjacencyList":[],
"unknownEdges":[],
"argumentIDList":[4,5,6,7,0,1,2,3,8,9,10],
"argumentNameList":["predh104_8:argument0","predh104_8:argument1","predh104_8:argument2","predh104_8:argument3","predh104_22:argument0","predh104_22:argument1","predh104_22:argument2","predh104_22:argument3","predh78_28:argument0","predh78_28:argument1","predh78_28:argument2"],
"predicateIndices":[0,5,10],
"predicateOccurrenceInClause":[3,4,4],
"predicateStrongConnectedComponent":[0,0,0],
"predicateArgumentEdges":[[0,1],[0,2],[0,3],[0,4],[5,6],[5,7],[5,8],[5,9],[10,11],[10,12],[10,13]],
"predicateInstanceEdges":[[0,39],[45,5],[0,67],[73,5],[5,95],[101,10],[5,117],[123,10],[10,191],[10,257],[14,274],[275,0]],
"argumentInstanceEdges":[[1,40],[2,41],[3,42],[4,43],[6,46],[7,47],[8,48],[9,49],[1,68],[2,69],[3,70],[4,71],[6,74],[7,75],[8,76],[9,77],[6,96],[7,97],[8,98],[9,100],[11,102],[12,103],[13,104],[6,118],[7,119],[8,120],[9,122],[11,124],[12,125],[13,126],[11,192],[12,193],[13,194],[11,258],[12,259],[13,260],[1,276],[2,277],[3,278],[4,279]],
"controlHeadEdges":[[15,39],[50,67],[78,95],[105,117],[127,191],[195,257],[261,274]],
"controlBodyEdges":[[45,15],[73,50],[101,78],[123,105],[275,261]],
"controlEdges":[],
"controlArgumentEdges":[[39,40],[39,41],[39,42],[39,43],[46,45],[47,45],[48,45],[49,45],[67,68],[67,69],[67,70],[67,71],[74,73],[75,73],[76,73],[77,73],[95,96],[95,97],[95,98],[95,100],[102,101],[103,101],[104,101],[117,118],[117,119],[117,120],[117,122],[124,123],[125,123],[126,123],[191,192],[191,193],[191,194],[257,258],[257,259],[257,260],[276,275],[277,275],[278,275],[279,275]],
"subTermEdges":[[17,16],[18,16],[20,19],[21,19],[19,22],[24,23],[22,23],[23,25],[18,25],[24,26],[27,26],[24,28],[29,28],[27,30],[22,30],[30,31],[18,31],[24,32],[18,32],[34,33],[35,33],[37,36],[21,36],[36,38],[18,38],[52,51],[53,51],[55,54],[18,54],[53,56],[27,56],[53,57],[29,57],[52,58],[27,59],[58,59],[59,60],[18,60],[53,61],[18,61],[63,62],[35,62],[65,64],[21,64],[64,66],[18,66],[80,79],[18,79],[82,81],[18,81],[81,83],[21,83],[83,84],[86,85],[84,85],[85,87],[18,87],[86,88],[18,88],[86,89],[29,89],[91,90],[27,90],[93,92],[21,92],[92,94],[82,94],[107,106],[108,106],[110,109],[18,109],[108,111],[18,111],[108,112],[29,112],[114,113],[27,113],[116,115],[107,115],[21,128],[129,128],[129,130],[27,131],[130,131],[131,132],[18,132],[129,133],[29,133],[135,134],[137,136],[134,136],[136,138],[18,138],[135,139],[29,139],[137,140],[21,140],[142,141],[140,141],[142,143],[29,143],[140,144],[18,144],[146,145],[18,145],[146,147],[29,147],[135,148],[140,148],[129,149],[21,149],[149,150],[18,150],[150,151],[18,152],[151,152],[152,153],[135,153],[140,154],[153,154],[129,155],[35,155],[155,156],[134,156],[156,157],[18,157],[155,158],[21,158],[158,159],[150,160],[159,160],[160,161],[142,161],[161,162],[29,162],[158,163],[151,163],[163,164],[18,164],[142,165],[158,165],[158,166],[18,166],[135,167],[158,167],[158,168],[21,168],[168,169],[150,170],[169,170],[170,171],[142,171],[171,172],[29,172],[168,173],[151,173],[173,174],[18,174],[142,175],[168,175],[168,176],[18,176],[135,177],[168,177],[129,178],[179,178],[129,180],[18,180],[18,181],[129,181],[181,182],[183,182],[142,184],[182,184],[135,185],[182,185],[146,186],[183,186],[183,187],[29,187],[146,188],[27,188],[146,189],[129,189],[183,190],[18,190],[197,196],[29,196],[197,198],[27,199],[198,199],[199,200],[18,200],[202,201],[204,203],[201,203],[203,205],[18,205],[202,206],[29,206],[204,207],[21,207],[209,208],[207,208],[209,210],[29,210],[207,211],[18,211],[213,212],[18,212],[213,214],[29,214],[202,215],[207,215],[197,216],[21,216],[216,217],[18,217],[217,218],[18,219],[218,219],[219,220],[202,220],[207,221],[220,221],[197,222],[35,222],[222,223],[201,223],[223,224],[18,224],[222,225],[21,225],[225,226],[217,227],[226,227],[227,228],[209,228],[228,229],[29,229],[225,230],[218,230],[230,231],[18,231],[209,232],[225,232],[225,233],[18,233],[202,234],[225,234],[225,235],[21,235],[235,236],[217,237],[236,237],[237,238],[209,238],[238,239],[29,239],[235,240],[218,240],[240,241],[18,241],[209,242],[235,242],[235,243],[18,243],[202,244],[235,244],[197,245],[179,245],[197,246],[18,246],[18,247],[197,247],[247,248],[249,248],[209,250],[248,250],[202,251],[248,251],[213,252],[249,252],[249,253],[29,253],[213,254],[27,254],[213,255],[197,255],[249,256],[18,256],[263,262],[265,264],[262,264],[264,266],[18,266],[263,267],[29,267],[265,268],[18,268],[263,269],[265,269],[271,270],[35,272],[270,272],[272,273],[18,273]],
"guardEdges":[[16,15],[25,15],[26,15],[28,15],[26,15],[31,15],[16,15],[32,15],[28,15],[32,15],[28,15],[31,15],[33,15],[38,15],[51,50],[54,50],[56,50],[57,50],[56,50],[60,50],[54,50],[61,50],[57,50],[61,50],[57,50],[60,50],[62,50],[66,50],[79,78],[87,78],[88,78],[89,78],[88,78],[90,78],[94,78],[106,105],[109,105],[111,105],[112,105],[111,105],[113,105],[115,105],[128,127],[132,127],[133,127],[138,127],[139,127],[141,127],[143,127],[144,127],[145,127],[147,127],[148,127],[139,127],[139,127],[154,127],[157,127],[139,127],[162,127],[143,127],[164,127],[145,127],[147,127],[165,127],[143,127],[166,127],[145,127],[147,127],[167,127],[139,127],[172,127],[143,127],[174,127],[145,127],[147,127],[175,127],[143,127],[176,127],[145,127],[147,127],[177,127],[139,127],[178,127],[180,127],[133,127],[184,127],[133,127],[185,127],[186,127],[187,127],[188,127],[189,127],[180,127],[190,127],[196,195],[200,195],[196,195],[205,195],[206,195],[208,195],[210,195],[211,195],[212,195],[214,195],[215,195],[206,195],[206,195],[221,195],[224,195],[206,195],[229,195],[210,195],[231,195],[212,195],[214,195],[232,195],[210,195],[233,195],[212,195],[214,195],[234,195],[206,195],[239,195],[210,195],[241,195],[212,195],[214,195],[242,195],[210,195],[243,195],[212,195],[214,195],[244,195],[206,195],[245,195],[246,195],[196,195],[250,195],[196,195],[251,195],[252,195],[253,195],[254,195],[255,195],[246,195],[256,195],[266,261],[267,261],[268,261],[269,261],[267,261],[273,261],[268,261]],
"dataEdges":[[40,24],[41,37],[42,20],[43,44],[24,46],[19,47],[29,48],[17,49],[68,53],[69,65],[70,52],[71,72],[53,74],[52,75],[29,76],[55,77],[96,86],[97,93],[98,99],[100,80],[86,102],[82,103],[80,104],[118,108],[119,116],[120,121],[122,110],[108,124],[107,125],[110,126],[192,146],[193,129],[194,142],[258,213],[259,197],[260,209],[263,276],[265,277],[271,278],[29,279]],
"predicateInstanceHeadEdges":[],
"predicateInstanceBodyEdges":[],
"controlArgumentHeadEdges":[],
"controlArgumentBodyEdges":[],
"guardConstantEdges":[],
"guardOperatorEdges":[],
"guardScEdges":[],
"dataConstantEdges":[],
"dataOperatorEdges":[],
"dataScEdges":[],
"subTermConstantOperatorEdges":[],
"subTermOperatorOperatorEdges":[],
"subTermScOperatorEdges":[],
"dummyFiled":[]
}