{
"nodeIds":[0,1,2,3,4,5,6,7,8,9,10,11,12,13,14,15,16,17,18,19,20,21,22,23,24,25,26,27,28,29,30,31,32,33,34,35,36,37,38,39,40,41,42,43,44,45,46,47,48,49,50,51,52,53,54,55,56,57,58,59,60,61,62,63,64,65,66,67,68,69,70,71,72,73,74,75,76,77,78,79],
"nodeSymbolList":["predicateName_0","predicateArgument_0","predicateArgument_1","FALSE","clause_0","=","symbolicConstant_0","0","=","symbolicConstant_1","clauseHead_0","clauseArgument_0","clauseArgument_1","clause_1",">=","2500","symbolicConstant_2","clauseHead_1","clauseArgument_2","clauseArgument_3","symbolicConstant_3","clauseBody_0","clauseArgument_4","+","-1","clauseArgument_5","+","2","clause_2",">=","7500","symbolicConstant_4",">=","2501","clauseHead_2","clauseArgument_6","clauseArgument_7","symbolicConstant_5","clauseBody_1","clauseArgument_8","+","clauseArgument_9","+","clause_3",">=","symbolicConstant_6","12501","clauseHead_3","clauseArgument_10","clauseArgument_11","symbolicConstant_7","clauseBody_2","clauseArgument_12","+","clauseArgument_13","+","clause_4",">=","12500","symbolicConstant_8",">=","7501","clauseHead_4","clauseArgument_14","clauseArgument_15","symbolicConstant_9","clauseBody_3","clauseArgument_16","+","clauseArgument_17","+","clause_5","=","symbolicConstant_10","!","clauseHead_5","clauseBody_4","clauseArgument_18","15000","clauseArgument_19"],
"falseIndices":[3],
"initialIndices":[],
"argumentIndices":[1,2],
"argumentBoundList":[[1,0],[0,0]],
"argumentBinaryOccurrenceList":[0,0],
"argumentOccurrence":[0,0],
"templateIndices":[],
"templateRelevanceLabel":[],
"templateCostLabel":[],
"clauseIndices":[4,13,28,43,56,71],
"guardIndices":[],
"clauseBinaryOccurrenceInCounterExampleList":[0,0,0,0,0,0],
"predictedLabel":[],
"controlLocationIndices":[],
"binaryAdjacentList":[[0,1],[0,2],[0,10],[0,17],[0,34],[0,47],[0,62],[1,11],[1,18],[1,22],[1,35],[1,39],[1,48],[1,52],[1,63],[1,67],[1,77],[2,12],[2,19],[2,25],[2,36],[2,41],[2,49],[2,54],[2,64],[2,69],[2,79],[3,75],[4,10],[5,4],[6,5],[7,5],[7,8],[7,72],[8,4],[9,8],[10,11],[10,12],[11,6],[12,9],[13,17],[14,13],[15,14],[16,14],[16,23],[17,18],[17,19],[18,16],[19,20],[20,26],[21,0],[21,13],[22,21],[23,22],[24,23],[24,40],[24,42],[24,53],[24,68],[24,70],[25,21],[26,25],[27,26],[27,55],[28,34],[29,28],[30,29],[31,29],[31,32],[31,40],[32,28],[33,32],[34,35],[34,36],[35,31],[36,37],[37,42],[38,0],[38,28],[39,38],[40,39],[41,38],[42,41],[43,47],[44,43],[45,44],[45,53],[46,44],[47,48],[47,49],[48,45],[49,50],[50,55],[51,0],[51,43],[52,51],[53,52],[54,51],[55,54],[56,62],[57,56],[58,57],[59,57],[59,60],[59,68],[60,56],[61,60],[62,63],[62,64],[63,59],[64,65],[65,70],[66,0],[66,56],[67,66],[68,67],[69,66],[70,69],[71,75],[72,74],[73,72],[73,79],[74,71],[76,0],[76,71],[77,76],[78,77],[79,76]],
"ternaryAdjacencyList":[],
"unknownEdges":[],
"argumentIDList":[0,1],
"argumentNameList":["inv:argument0","inv:argument1"],
"predicateIndices":[0],
"predicateOccurrenceInClause":[10],
"predicateStrongConnectedComponent":[1],
"predicateArgumentEdges":[[0,1],[0,2]],
"predicateInstanceEdges":[[0,10],[0,17],[21,0],[0,34],[38,0],[0,47],[51,0],[0,62],[66,0],[3,75],[76,0]],
"argumentInstanceEdges":[[1,11],[2,12],[1,18],[2,19],[1,22],[2,25],[1,35],[2,36],[1,39],[2,41],[1,48],[2,49],[1,52],[2,54],[1,63],[2,64],[1,67],[2,69],[1,77],[2,79]],
"controlHeadEdges":[[4,10],[13,17],[28,34],[43,47],[56,62],[71,75]],
"controlBodyEdges":[[21,13],[38,28],[51,43],[66,56],[76,71]],
"controlEdges":[],
"controlArgumentEdges":[[10,11],[10,12],[17,18],[17,19],[22,21],[25,21],[34,35],[34,36],[39,38],[41,38],[47,48],[47,49],[52,51],[54,51],[62,63],[62,64],[67,66],[69,66],[77,76],[79,76]],
"subTermEdges":[[6,5],[7,5],[9,8],[7,8],[15,14],[16,14],[16,23],[24,23],[20,26],[27,26],[30,29],[31,29],[31,32],[33,32],[31,40],[24,40],[37,42],[24,42],[45,44],[46,44],[45,53],[24,53],[50,55],[27,55],[58,57],[59,57],[59,60],[61,60],[59,68],[24,68],[65,70],[24,70],[73,72],[7,72],[72,74]],
"guardEdges":[[5,4],[8,4],[14,13],[29,28],[32,28],[44,43],[57,56],[60,56],[74,71]],
"dataEdges":[[11,6],[12,9],[18,16],[19,20],[23,22],[26,25],[35,31],[36,37],[40,39],[42,41],[48,45],[49,50],[53,52],[55,54],[63,59],[64,65],[68,67],[70,69],[78,77],[73,79]],
"predicateInstanceHeadEdges":[],
"predicateInstanceBodyEdges":[],
"controlArgumentHeadEdges":[],
"controlArgumentBodyEdges":[],
"guardConstantEdges":[],
"guardOperatorEdges":[],
"guardScEdges":[],
"dataConstantEdges":[],
"dataOperatorEdges":[],
"dataScEdges":[],
"subTermConstantOperatorEdges":[],
"subTermOperatorOperatorEdges":[],
"subTermScOperatorEdges":[],
"dummyFiled":[]
}