{
"nodeIds":[0,1,2,3,4,5,6,7,8,9,10,11,12,13,14,15,16,17,18,19,20,21,22,23,24,25,26,27,28,29,30,31,32,33,34,35,36,37,38,39,40,41,42,43,44,45,46,47,48,49,50],
"nodeSymbolList":["dummy","Initial","CONTROL_0","predicateArgument_0","predicateArgument_1","=","!",">=","2","guard_0","CONTROL_1","predicateArgument_2","predicateArgument_3","true","guard_1","CONTROL_2","predicateArgument_4","predicateArgument_5","+","1","-","-",">=","3","=","0","guard_2","=","guard_3","CONTROL_3","predicateArgument_6","predicateArgument_7","+","-","-","=","!",">=","guard_4","guard_5","+","-","-",">=","=","guard_6","FALSE","=","4","=","guard_7"],
"falseIndices":[46],
"initialIndices":[1],
"argumentIndices":[3,4,11,12,16,17,30,31],
"argumentBoundList":[["None","None"],["None","None"],["None","None"],["None","None"],["None","None"],["None","None"],["None","None"],["None","None"]],
"argumentBinaryOccurrenceList":[0,0,0,0,0,0,0,0],
"argumentOccurrence":[0,0,0,0,0,0,0,0],
"templateIndices":[],
"templateRelevanceLabel":[],
"templateCostLabel":[],
"clauseIndices":[],
"guardIndices":[9,14,26,28,38,39,45,50],
"clauseBinaryOccurrenceInCounterExampleList":[1,1,0,0,1,1,0,1],
"predictedLabel":[],
"controlLocationIndices":[2,10,15,29],
"binaryAdjacentList":[[2,2],[3,2],[3,7],[3,43],[4,2],[4,5],[5,6],[6,9],[7,9],[8,7],[10,10],[11,10],[11,22],[11,37],[11,40],[11,47],[12,10],[12,27],[12,44],[12,49],[13,14],[13,39],[15,15],[16,15],[16,18],[17,15],[17,24],[19,18],[19,32],[19,40],[20,21],[22,26],[23,22],[23,37],[23,43],[24,26],[25,24],[27,28],[29,29],[30,29],[30,32],[31,29],[31,35],[33,34],[35,36],[36,38],[37,38],[41,42],[43,45],[44,45],[47,50],[48,47],[49,50]],
"ternaryAdjacencyList":[[1,9,2],[2,14,10],[3,14,11],[4,14,12],[15,26,10],[18,26,11],[21,26,12],[10,28,15],[11,28,16],[25,28,17],[29,38,10],[32,38,11],[34,38,12],[10,39,29],[11,39,30],[12,39,31],[10,45,2],[40,45,3],[42,45,4],[10,50,46]],
"unknownEdges":[],
"argumentIDList":[6,7,0,1,2,3,4,5],
"argumentNameList":["f_fFINAL:argument0","f_fFINAL:argument1","f_fEXIT:argument0","f_fEXIT:argument1","f_fEXIT_2_1:argument0","f_fEXIT_2_1:argument1","f_fEXIT_3_1:argument0","f_fEXIT_3_1:argument1"],
"predicateIndices":[2,10,15,29],
"predicateOccurrenceInClause":[3,7,2,2],
"predicateStrongConnectedComponent":[1,1,1,1],
"argumentEdges":[[3,2],[4,2],[11,10],[12,10],[16,15],[17,15],[30,29],[31,29]],
"guardASTEdges":[[6,9],[7,9],[13,14],[22,26],[24,26],[27,28],[36,38],[37,38],[13,39],[43,45],[44,45],[47,50],[49,50]],
"ASTEdges":[],
"AST_1Edges":[[4,5],[5,6],[8,7],[19,18],[20,21],[11,22],[17,24],[12,27],[19,32],[33,34],[31,35],[35,36],[11,37],[19,40],[41,42],[3,43],[12,44],[11,47],[12,49]],
"AST_2Edges":[[3,7],[16,18],[23,22],[25,24],[30,32],[23,37],[11,40],[23,43],[48,47]],
"templateASTEdges":[],
"templateEdges":[],
"verifHintTplPredEdges":[],
"verifHintTplPredPosNegEdges":[],
"verifHintTplEqTermEdges":[],
"verifHintTplInEqTermEdges":[],
"verifHintTplInEqTermPosNegEdges":[],
"dataFlowASTEdges":[],
"controlFlowHyperEdges":[[1,9,2],[2,14,10],[15,26,10],[10,28,15],[29,38,10],[10,39,29],[10,45,2],[10,50,46]],
"dataFlowHyperEdges":[[3,14,11],[4,14,12],[18,26,11],[21,26,12],[11,28,16],[25,28,17],[32,38,11],[34,38,12],[11,39,30],[12,39,31],[40,45,3],[42,45,4]],
"controlLocationEdgeForSCC":[],
"predicateTransitiveEdges":[[2,2],[10,10],[29,29],[15,15]],
"dummyFiled":[]
}