{
"nodeIds":[0,1,2,3,4,5,6,7,8,9,10,11,12,13,14,15,16,17,18,19,20,21,22,23,24,25,26,27,28,29,30,31,32,33,34,35,36,37,38,39,40,41,42,43,44,45,46,47,48,49,50,51,52,53,54,55,56,57,58,59,60,61,62,63,64,65,66,67,68,69,70,71,72,73,74,75,76,77,78,79],
"nodeSymbolList":["predicateName_0","predicateArgument_0","predicateArgument_1","predicateName_1","predicateArgument_2","FALSE","clause_0",">=","0","symbolicConstant_0","=","symbolicConstant_1","clauseHead_0","clauseArgument_0","clauseArgument_1","clauseBody_0","clauseArgument_2","clause_1","+","symbolicConstant_2","1",">=","clauseHead_1","clauseArgument_3","clauseBody_1","clauseArgument_4","clause_2","+","symbolicConstant_3","symbolicConstant_4","=","symbolicConstant_5",">=","clauseHead_2","clauseArgument_5","clauseArgument_6","clauseBody_2","clauseArgument_7","clauseBody_3","clauseArgument_8","+","-1","clauseArgument_9","clause_3","*","symbolicConstant_6","4","+","6","symbolicConstant_7","=","!","=","symbolicConstant_8","!","|","!","clauseHead_3","clauseArgument_10","clause_4","*","symbolicConstant_9","+","symbolicConstant_10","=","!","+","symbolicConstant_11",">=","!","|","=","symbolicConstant_12","!","|","!","clauseHead_4","clauseBody_4","clauseArgument_11","clauseArgument_12"],
"falseIndices":[5],
"initialIndices":[],
"argumentIndices":[1,2,4],
"argumentBoundList":[[0,0],[1,0],[0,0]],
"argumentBinaryOccurrenceList":[0,0,0],
"argumentOccurrence":[0,0,0],
"templateIndices":[],
"templateRelevanceLabel":[],
"templateCostLabel":[],
"clauseIndices":[6,17,26,43,59],
"guardIndices":[],
"clauseBinaryOccurrenceInCounterExampleList":[0,0,0,0,0],
"predictedLabel":[],
"controlLocationIndices":[],
"binaryAdjacentList":[[0,1],[0,2],[0,12],[0,33],[1,13],[1,34],[1,39],[1,78],[2,14],[2,35],[2,42],[2,79],[3,4],[3,22],[3,57],[4,16],[4,23],[4,25],[4,37],[4,58],[5,76],[6,12],[7,6],[8,7],[8,10],[9,7],[9,16],[10,6],[11,10],[12,13],[12,14],[13,9],[14,11],[15,3],[15,6],[16,15],[17,22],[18,21],[18,25],[19,18],[20,18],[20,21],[20,32],[20,66],[21,17],[22,23],[23,19],[24,3],[24,17],[25,24],[26,33],[27,30],[28,27],[28,32],[28,37],[28,40],[29,27],[29,42],[30,26],[31,30],[32,26],[33,34],[33,35],[34,28],[35,31],[36,3],[36,26],[37,36],[38,0],[38,26],[39,38],[40,39],[41,40],[42,38],[43,57],[44,50],[44,52],[45,44],[46,44],[46,60],[47,50],[48,47],[48,62],[49,47],[50,51],[51,55],[52,54],[53,52],[54,55],[55,56],[56,43],[57,58],[58,45],[59,76],[60,64],[60,71],[61,60],[61,78],[62,64],[63,62],[63,68],[64,65],[65,70],[66,68],[67,66],[67,79],[68,69],[69,70],[70,74],[71,73],[72,71],[73,74],[74,75],[75,59],[77,0],[77,59],[78,77],[79,77]],
"ternaryAdjacencyList":[],
"unknownEdges":[],
"argumentIDList":[1,2,0],
"argumentNameList":["P1:argument0","P1:argument1","P0:argument0"],
"predicateIndices":[0,3],
"predicateOccurrenceInClause":[4,5],
"predicateStrongConnectedComponent":[1,1],
"predicateArgumentEdges":[[0,1],[0,2],[3,4]],
"predicateInstanceEdges":[[0,12],[15,3],[3,22],[24,3],[0,33],[36,3],[38,0],[3,57],[5,76],[77,0]],
"argumentInstanceEdges":[[1,13],[2,14],[4,16],[4,23],[4,25],[1,34],[2,35],[4,37],[1,39],[2,42],[4,58],[1,78],[2,79]],
"controlHeadEdges":[[6,12],[17,22],[26,33],[43,57],[59,76]],
"controlBodyEdges":[[15,6],[24,17],[36,26],[38,26],[77,59]],
"controlEdges":[],
"controlArgumentEdges":[[12,13],[12,14],[16,15],[22,23],[25,24],[33,34],[33,35],[37,36],[39,38],[42,38],[57,58],[78,77],[79,77]],
"subTermEdges":[[8,7],[9,7],[11,10],[8,10],[19,18],[20,18],[18,21],[20,21],[28,27],[29,27],[31,30],[27,30],[28,32],[20,32],[28,40],[41,40],[45,44],[46,44],[48,47],[49,47],[44,50],[47,50],[50,51],[53,52],[44,52],[52,54],[51,55],[54,55],[55,56],[61,60],[46,60],[48,62],[63,62],[60,64],[62,64],[64,65],[20,66],[67,66],[63,68],[66,68],[68,69],[65,70],[69,70],[72,71],[60,71],[71,73],[70,74],[73,74],[74,75]],
"guardEdges":[[7,6],[10,6],[21,17],[30,26],[32,26],[56,43],[75,59]],
"dataEdges":[[13,9],[14,11],[9,16],[23,19],[18,25],[34,28],[35,31],[28,37],[40,39],[29,42],[58,45],[61,78],[67,79]],
"predicateInstanceHeadEdges":[],
"predicateInstanceBodyEdges":[],
"controlArgumentHeadEdges":[],
"controlArgumentBodyEdges":[],
"guardConstantEdges":[],
"guardOperatorEdges":[],
"guardScEdges":[],
"dataConstantEdges":[],
"dataOperatorEdges":[],
"dataScEdges":[],
"subTermConstantOperatorEdges":[],
"subTermOperatorOperatorEdges":[],
"subTermScOperatorEdges":[],
"dummyFiled":[]
}