{
"nodeIds":[0,1,2,3,4,5,6,7,8,9,10,11,12,13,14,15,16,17,18,19,20,21,22,23,24,25,26,27,28,29,30,31,32,33,34,35,36,37,38,39,40,41,42,43,44,45,46,47,48,49,50,51,52,53,54,55],
"nodeSymbolList":["dummy","Initial","CONTROL_0","predicateArgument_0","predicateArgument_1","predicateArgument_2","predicateArgument_3","predicateArgument_4","predicateArgument_5","=","0","!","=","!","-","+",">=","4","guard_0","=","!","-","+",">=","guard_1","CONTROL_1","predicateArgument_6","predicateArgument_7","predicateArgument_8","predicateArgument_9","predicateArgument_10","predicateArgument_11","=","guard_2","-","-","1","=","!","=","!","=","!","guard_3","=","guard_4","FALSE","=","!","=",">=","5060","=","=","=","guard_5"],
"falseIndices":[46],
"initialIndices":[1],
"argumentIndices":[3,4,5,6,7,8,26,27,28,29,30,31],
"argumentBoundList":[[0,0],[0,0],[0,0],[0,0],[0,0],[0,0],[0,0],[0,0],[0,0],[0,0],[0,0],[0,0]],
"argumentBinaryOccurrenceList":[0,0,0,0,0,0,0,0,0,0,0,0],
"argumentOccurrence":[0,0,0,0,0,0,0,0,0,0,0,0],
"templateIndices":[],
"templateRelevanceLabel":[],
"templateCostLabel":[],
"clauseIndices":[],
"guardIndices":[18,24,33,43,45,55],
"clauseBinaryOccurrenceInCounterExampleList":[0,0,0,0,0,0],
"predictedLabel":[],
"controlLocationIndices":[2,25],
"binaryAdjacentList":[[3,2],[3,37],[4,2],[4,14],[4,21],[5,2],[5,9],[5,19],[6,2],[7,2],[7,12],[7,41],[8,2],[8,15],[8,22],[9,11],[10,9],[10,12],[10,19],[10,37],[10,39],[10,41],[10,47],[10,52],[10,53],[11,18],[12,13],[13,18],[14,15],[15,16],[16,18],[17,16],[17,23],[19,20],[20,24],[21,22],[22,23],[23,24],[26,25],[26,50],[27,25],[27,52],[28,25],[28,32],[28,44],[28,53],[29,25],[29,39],[29,49],[30,25],[30,54],[31,25],[31,32],[31,44],[31,47],[32,33],[34,35],[36,49],[37,38],[38,43],[39,40],[40,43],[41,42],[42,43],[44,45],[47,48],[48,55],[49,55],[50,55],[51,50],[52,55],[53,55],[54,55]],
"ternaryAdjacencyList":[[1,18,2],[1,24,2],[1,33,25],[10,33,29],[2,43,25],[4,43,26],[5,43,27],[6,43,28],[35,43,30],[36,43,31],[1,45,25],[25,55,46]],
"unknownEdges":[],
"argumentIDList":[0,1,2,3,4,5,6,7,8,9,10,11],
"argumentNameList":["P!!2:argument0","P!!2:argument1","P!!2:argument2","P!!2:argument3","P!!2:argument4","P!!2:argument5","P!!3:argument0","P!!3:argument1","P!!3:argument2","P!!3:argument3","P!!3:argument4","P!!3:argument5"],
"predicateIndices":[2,25],
"predicateOccurrenceInClause":[3,4],
"predicateStrongConnectedComponent":[0,0],
"argumentEdges":[[3,2],[4,2],[5,2],[6,2],[7,2],[8,2],[26,25],[27,25],[28,25],[29,25],[30,25],[31,25]],
"guardASTEdges":[[11,18],[13,18],[16,18],[20,24],[23,24],[32,33],[38,43],[40,43],[42,43],[44,45],[48,55],[49,55],[50,55],[52,55],[53,55],[54,55]],
"ASTEdges":[],
"AST_1Edges":[[5,9],[9,11],[7,12],[12,13],[8,15],[15,16],[5,19],[19,20],[8,22],[22,23],[31,32],[34,35],[3,37],[37,38],[29,39],[39,40],[7,41],[41,42],[31,44],[31,47],[47,48],[29,49],[26,50],[27,52],[28,53],[30,54]],
"AST_2Edges":[[10,9],[10,12],[4,14],[14,15],[17,16],[10,19],[4,21],[21,22],[17,23],[28,32],[10,37],[10,39],[10,41],[28,44],[10,47],[36,49],[51,50],[10,52],[10,53]],
"templateASTEdges":[],
"templateEdges":[],
"verifHintTplPredEdges":[],
"verifHintTplPredPosNegEdges":[],
"verifHintTplEqTermEdges":[],
"verifHintTplInEqTermEdges":[],
"verifHintTplInEqTermPosNegEdges":[],
"dataFlowASTEdges":[],
"controlFlowHyperEdges":[[1,18,2],[1,24,2],[1,33,25],[2,43,25],[1,45,25],[25,55,46]],
"dataFlowHyperEdges":[[10,33,29],[4,43,26],[5,43,27],[6,43,28],[35,43,30],[36,43,31]],
"controlLocationEdgeForSCC":[],
"predicateTransitiveEdges":[],
"dummyFiled":[]
}