{
"nodeIds":[0,1,2,3,4,5,6,7,8,9,10,11,12,13,14,15,16,17,18,19,20,21,22,23,24,25,26,27,28,29,30,31,32,33,34,35,36,37,38,39,40,41,42,43,44,45,46,47,48],
"nodeSymbolList":["Initial","CONTROL_0","predicateArgument_0","predicateArgument_1","predicateArgument_2","0",">=","10",">=","90","*","symbolicConstant_0","-10","=","EX","guard_0","CONTROL_1","predicateArgument_3","predicateArgument_4","predicateArgument_5","+","1","+","-1","-","+","+","+","=","guard_1","true","guard_2","CONTROL_2","predicateArgument_6","predicateArgument_7","predicateArgument_8","+","+","-","+","+","+","=","guard_3","guard_4","FALSE","=","78","guard_5"],
"falseIndices":[45],
"initialIndices":[0],
"argumentIndices":[2,3,4,17,18,19,33,34,35],
"argumentBoundList":[[0,0],[0,0],[0,0],[0,0],[0,0],[0,0],[0,0],[0,0],[0,0]],
"argumentBinaryOccurrenceList":[0,0,0,0,0,0,0,0,0],
"argumentOccurrence":[0,0,0,0,0,0,0,0,0],
"templateIndices":[],
"templateRelevanceLabel":[],
"templateCostLabel":[],
"clauseIndices":[],
"guardIndices":[15,29,31,43,44,48],
"clauseBinaryOccurrenceInCounterExampleList":[0,0,0,0,0,0],
"controlLocationIndices":[1,16,32],
"binaryAdjacentList":[[2,1],[2,26],[2,40],[3,1],[3,25],[3,39],[4,1],[4,6],[4,8],[4,13],[4,24],[4,38],[4,46],[5,28],[5,42],[6,15],[7,6],[8,15],[9,8],[10,13],[11,10],[12,10],[13,14],[14,15],[17,16],[17,20],[18,16],[18,22],[19,16],[19,27],[21,20],[21,37],[23,22],[23,36],[24,25],[25,26],[26,27],[27,28],[28,29],[30,31],[30,44],[33,32],[33,36],[34,32],[34,37],[35,32],[35,41],[38,39],[39,40],[40,41],[41,42],[42,43],[46,48],[47,46]],
"ternaryAdjacencyList":[[0,15,1],[5,15,2],[5,15,3],[16,29,1],[20,29,2],[22,29,3],[1,31,16],[2,31,17],[3,31,18],[4,31,19],[32,43,1],[36,43,2],[37,43,3],[1,44,32],[2,44,33],[3,44,34],[4,44,35],[1,48,45]],
"unknownEdges":[],
"argumentIDList":[0,1,2,3,4,5,6,7,8],
"argumentNameList":["itp:argument0","itp:argument1","itp:argument2","itp_1_1:argument0","itp_1_1:argument1","itp_1_1:argument2","itp_2_1:argument0","itp_2_1:argument1","itp_2_1:argument2"],
"predicateIndices":[1,16,32],
"predicateOccurrenceInClause":[6,2,2],
"predicateStrongConnectedComponent":[1,1,1],
"argumentEdges":[[2,1],[3,1],[4,1],[17,16],[18,16],[19,16],[33,32],[34,32],[35,32]],
"guardASTEdges":[[6,15],[8,15],[14,15],[28,29],[30,31],[42,43],[30,44],[46,48]],
"ASTEdges":[],
"AST_1Edges":[[4,6],[9,8],[11,10],[4,13],[13,14],[21,20],[23,22],[3,25],[2,26],[19,27],[27,28],[23,36],[21,37],[3,39],[2,40],[35,41],[41,42],[4,46]],
"AST_2Edges":[[7,6],[4,8],[12,10],[10,13],[17,20],[18,22],[4,24],[24,25],[25,26],[26,27],[5,28],[33,36],[34,37],[4,38],[38,39],[39,40],[40,41],[5,42],[47,46]],
"templateASTEdges":[],
"templateEdges":[],
"verifHintTplPredEdges":[],
"verifHintTplPredPosNegEdges":[],
"verifHintTplEqTermEdges":[],
"verifHintTplInEqTermEdges":[],
"verifHintTplInEqTermPosNegEdges":[],
"dataFlowASTEdges":[],
"controlFlowHyperEdges":[[0,15,1],[16,29,1],[1,31,16],[32,43,1],[1,44,32],[1,48,45]],
"dataFlowHyperEdges":[[5,15,2],[5,15,3],[20,29,2],[22,29,3],[2,31,17],[3,31,18],[4,31,19],[36,43,2],[37,43,3],[2,44,33],[3,44,34],[4,44,35]],
"controlLocationEdgeForSCC":[],
"predicateTransitiveEdges":[],
"dummyFiled":[]
}