{
"nodeIds":[0,1,2,3,4,5,6,7,8,9,10,11,12,13,14,15,16,17,18,19,20,21,22],
"nodeSymbolList":["dummy","Initial","CONTROL_0","predicateArgument_0","predicateArgument_1","predicateArgument_2","0","true","guard_0","CONTROL_1","predicateArgument_3","predicateArgument_4","predicateArgument_5","+","1",">=","100000","guard_1","guard_2","FALSE",">=","99999","guard_3"],
"falseIndices":[19],
"initialIndices":[1],
"argumentIndices":[3,4,5,10,11,12],
"argumentBoundList":[["None","None"],["None","None"],["None","None"],["None","None"],["None","None"],["None","None"]],
"argumentBinaryOccurrenceList":[0,0,0,0,0,0],
"argumentOccurrence":[0,0,0,0,0,0],
"templateIndices":[],
"templateRelevanceLabel":[],
"templateCostLabel":[],
"clauseIndices":[],
"guardIndices":[8,17,18,22],
"clauseBinaryOccurrenceInCounterExampleList":[1,0,0,1],
"predictedLabel":[],
"controlLocationIndices":[2,9],
"binaryAdjacentList":[[2,2],[3,2],[3,15],[3,20],[4,2],[5,2],[7,8],[7,18],[9,9],[10,9],[10,13],[11,9],[12,9],[14,13],[15,17],[16,15],[20,22],[21,20]],
"ternaryAdjacencyList":[[1,8,2],[6,8,3],[9,17,2],[13,17,3],[11,17,4],[12,17,5],[2,18,9],[3,18,10],[4,18,11],[5,18,12],[2,22,19]],
"unknownEdges":[],
"argumentIDList":[0,1,2,3,4,5],
"argumentNameList":["main_1_1:argument0","main_1_1:argument1","main_1_1:argument2","main_1_1_1_1:argument0","main_1_1_1_1:argument1","main_1_1_1_1:argument2"],
"predicateIndices":[2,9],
"predicateOccurrenceInClause":[4,2],
"predicateStrongConnectedComponent":[1,1],
"argumentEdges":[[3,2],[4,2],[5,2],[10,9],[11,9],[12,9]],
"guardASTEdges":[[7,8],[15,17],[7,18],[20,22]],
"ASTEdges":[],
"AST_1Edges":[[14,13],[16,15],[21,20]],
"AST_2Edges":[[10,13],[3,15],[3,20]],
"templateASTEdges":[],
"templateEdges":[],
"verifHintTplPredEdges":[],
"verifHintTplPredPosNegEdges":[],
"verifHintTplEqTermEdges":[],
"verifHintTplInEqTermEdges":[],
"verifHintTplInEqTermPosNegEdges":[],
"dataFlowASTEdges":[],
"controlFlowHyperEdges":[[1,8,2],[9,17,2],[2,18,9],[2,22,19]],
"dataFlowHyperEdges":[[6,8,3],[13,17,3],[11,17,4],[12,17,5],[3,18,10],[4,18,11],[5,18,12]],
"controlLocationEdgeForSCC":[],
"predicateTransitiveEdges":[[2,2],[9,9]],
"dummyFiled":[]
}