{
"nodeIds":[0,1,2,3,4,5,6,7,8,9,10,11,12,13,14,15,16,17,18,19,20,21,22,23,24,25,26,27,28,29,30,31,32,33,34,35,36,37,38,39,40,41,42,43,44,45,46,47,48,49,50,51,52,53,54,55,56,57,58,59,60,61,62,63,64,65,66,67,68,69,70,71,72,73,74,75,76,77,78,79,80,81,82,83,84,85,86,87,88,89,90,91,92,93,94,95,96,97,98,99,100,101,102,103,104,105,106,107,108,109,110,111,112,113,114,115,116,117,118,119,120,121,122,123,124,125,126,127,128,129,130,131,132,133,134,135,136,137,138,139,140,141,142,143,144,145,146,147,148,149,150,151,152,153,154,155,156,157,158,159,160,161,162,163,164,165,166,167,168,169,170,171,172,173,174,175,176,177,178,179,180,181,182,183,184,185,186,187,188,189,190,191,192,193,194,195,196,197,198,199,200,201,202,203,204,205,206,207,208,209,210,211,212,213,214,215,216,217,218,219,220,221,222,223,224,225,226,227,228,229,230,231,232,233,234,235,236,237,238,239,240,241,242,243,244,245,246,247,248,249,250,251,252,253,254,255,256,257,258,259,260,261,262,263,264,265,266,267,268,269,270,271],
"nodeSymbolList":["Initial","CONTROL_0","predicateArgument_0","predicateArgument_1","predicateArgument_2","predicateArgument_3","predicateArgument_4","predicateArgument_5","predicateArgument_6","predicateArgument_7","predicateArgument_8","predicateArgument_9","CONTROL_1","predicateArgument_10","predicateArgument_11","predicateArgument_12","predicateArgument_13","predicateArgument_14","predicateArgument_15","predicateArgument_16","predicateArgument_17","predicateArgument_18","predicateArgument_19","predicateArgument_20","predicateArgument_21","predicateArgument_22","predicateArgument_23","predicateArgument_24","predicateArgument_25","predicateArgument_26","predicateArgument_27","predicateArgument_28","predicateArgument_29","predicateArgument_30","predicateArgument_31","predicateArgument_32","predicateArgument_33","predicateArgument_34","predicateArgument_35","predicateArgument_36","predicateArgument_37","predicateArgument_38","predicateArgument_39",">=","-","+",">=","1","-","+","=",">=",">=","=","guard_0",">=","-","+","=",">=",">=",">=","guard_1","-","+",">=","-","+","=",">=",">=","=","guard_2","CONTROL_2","predicateArgument_40","predicateArgument_41","predicateArgument_42","predicateArgument_43","predicateArgument_44","predicateArgument_45","predicateArgument_46","predicateArgument_47","predicateArgument_48","predicateArgument_49","predicateArgument_50","predicateArgument_51","predicateArgument_52","predicateArgument_53","predicateArgument_54","predicateArgument_55","predicateArgument_56","predicateArgument_57","predicateArgument_58","predicateArgument_59","predicateArgument_60","predicateArgument_61","predicateArgument_62","predicateArgument_63","predicateArgument_64","predicateArgument_65","predicateArgument_66","predicateArgument_67","4",">=","-","+",">=",">=","3","guard_3","false","guard_4","-","+",">=","-","+",">=",">=","guard_5","CONTROL_3","predicateArgument_68","predicateArgument_69","predicateArgument_70","predicateArgument_71","predicateArgument_72","predicateArgument_73","predicateArgument_74","predicateArgument_75","predicateArgument_76","predicateArgument_77","predicateArgument_78","predicateArgument_79","predicateArgument_80","predicateArgument_81","predicateArgument_82","predicateArgument_83","predicateArgument_84","predicateArgument_85","predicateArgument_86","predicateArgument_87","predicateArgument_88","predicateArgument_89","predicateArgument_90","predicateArgument_91","predicateArgument_92","predicateArgument_93","predicateArgument_94","predicateArgument_95","-","+",">=","-","+",">=",">=","guard_6",">=","-","+",">=",">=","guard_7","CONTROL_4","predicateArgument_96","predicateArgument_97","predicateArgument_98","predicateArgument_99","predicateArgument_100","predicateArgument_101","predicateArgument_102","predicateArgument_103","predicateArgument_104","predicateArgument_105","predicateArgument_106","predicateArgument_107","predicateArgument_108","predicateArgument_109","predicateArgument_110","predicateArgument_111","predicateArgument_112","predicateArgument_113","predicateArgument_114","predicateArgument_115","predicateArgument_116","predicateArgument_117","predicateArgument_118","predicateArgument_119","predicateArgument_120","predicateArgument_121","predicateArgument_122","predicateArgument_123","predicateArgument_124","predicateArgument_125","predicateArgument_126","+","-","+",">=","-","+",">=","-","+",">=","-1","guard_8","+","-","+",">=","+",">=","-","+",">=","guard_9","+","-","+",">=","guard_10","CONTROL_5","predicateArgument_127","predicateArgument_128","predicateArgument_129","predicateArgument_130","predicateArgument_131","predicateArgument_132","predicateArgument_133","predicateArgument_134","predicateArgument_135","predicateArgument_136","predicateArgument_137","predicateArgument_138","predicateArgument_139","predicateArgument_140","predicateArgument_141","predicateArgument_142","predicateArgument_143","predicateArgument_144","predicateArgument_145","predicateArgument_146","predicateArgument_147","predicateArgument_148","predicateArgument_149","predicateArgument_150","predicateArgument_151","predicateArgument_152","predicateArgument_153","predicateArgument_154","predicateArgument_155","guard_11","-","+",">=",">=",">=","=","guard_12",">=",">=",">=","guard_13","-","+",">=","guard_14",">=","guard_15","FALSE","guard_16"],
"falseIndices":[270],
"initialIndices":[0],
"argumentIndices":[2,3,4,5,6,7,8,9,10,11,13,14,15,16,17,18,19,20,21,22,23,24,25,26,27,28,29,30,31,32,33,34,35,36,37,38,39,40,41,42,74,75,76,77,78,79,80,81,82,83,84,85,86,87,88,89,90,91,92,93,94,95,96,97,98,99,100,101,121,122,123,124,125,126,127,128,129,130,131,132,133,134,135,136,137,138,139,140,141,142,143,144,145,146,147,148,164,165,166,167,168,169,170,171,172,173,174,175,176,177,178,179,180,181,182,183,184,185,186,187,188,189,190,191,192,193,194,223,224,225,226,227,228,229,230,231,232,233,234,235,236,237,238,239,240,241,242,243,244,245,246,247,248,249,250,251],
"argumentBoundList":[[1,1],[0,0],[0,0],[1,1],[1,1],[1,1],[0,0],[0,0],[0,0],[1,1],[0,0],[0,0],[0,0],[1,1],[0,0],[0,0],[0,0],[0,0],[0,0],[0,0],[0,0],[0,0],[0,0],[0,0],[0,0],[0,0],[0,0],[0,0],[0,0],[0,0],[0,0],[0,0],[0,0],[0,0],[1,1],[1,1],[0,0],[0,0],[0,0],[1,1],[0,0],[0,0],[0,0],[1,1],[0,0],[0,0],[0,0],[0,0],[0,0],[0,0],[0,0],[0,0],[0,0],[0,0],[0,0],[0,0],[0,0],[0,0],[0,0],[0,0],[0,0],[0,0],[0,0],[0,0],[1,1],[0,0],[0,0],[1,1],[0,0],[0,0],[0,0],[1,1],[0,0],[0,0],[0,0],[0,0],[0,0],[0,0],[0,0],[0,0],[0,0],[0,0],[0,0],[0,0],[0,0],[0,0],[0,0],[0,0],[0,0],[0,0],[0,0],[0,0],[1,1],[1,1],[0,0],[1,1],[0,0],[0,0],[0,0],[1,1],[0,0],[0,0],[0,0],[0,0],[0,0],[0,0],[0,0],[0,0],[0,0],[0,0],[0,0],[0,0],[0,0],[0,0],[0,0],[0,0],[0,0],[0,0],[0,0],[0,0],[0,0],[1,1],[1,1],[0,0],[0,0],[0,0],[1,1],[0,0],[0,0],[0,0],[1,1],[0,0],[0,0],[0,0],[0,0],[0,0],[0,0],[0,0],[0,0],[0,0],[0,0],[0,0],[0,0],[0,0],[0,0],[0,0],[0,0],[0,0],[0,0],[0,0],[0,0],[0,0],[1,1],[0,0],[0,0],[1,1]],
"argumentBinaryOccurrenceList":[0,0,0,0,0,0,0,0,0,0,0,0,0,0,0,0,0,0,0,0,0,0,0,0,0,0,0,0,0,0,0,0,0,0,0,0,0,0,0,0,0,0,0,0,0,0,0,0,0,0,0,0,0,0,0,0,0,0,0,0,0,0,0,0,0,0,0,0,0,0,0,0,0,0,0,0,0,0,0,0,0,0,0,0,0,0,0,0,0,0,0,0,0,0,0,0,0,0,0,0,0,0,0,0,0,0,0,0,0,0,0,0,0,0,0,0,0,0,0,0,0,0,0,0,0,0,0,0,0,0,0,0,0,0,0,0,0,0,0,0,0,0,0,0,0,0,0,0,0,0,0,0,0,0,0,0],
"argumentOccurrence":[0,0,0,0,0,0,0,0,0,0,0,0,0,0,0,0,0,0,0,0,0,0,0,0,0,0,0,0,0,0,0,0,0,0,0,0,0,0,0,0,0,0,0,0,0,0,0,0,0,0,0,0,0,0,0,0,0,0,0,0,0,0,0,0,0,0,0,0,0,0,0,0,0,0,0,0,0,0,0,0,0,0,0,0,0,0,0,0,0,0,0,0,0,0,0,0,0,0,0,0,0,0,0,0,0,0,0,0,0,0,0,0,0,0,0,0,0,0,0,0,0,0,0,0,0,0,0,0,0,0,0,0,0,0,0,0,0,0,0,0,0,0,0,0,0,0,0,0,0,0,0,0,0,0,0,0],
"templateIndices":[],
"templateRelevanceLabel":[],
"templateCostLabel":[],
"clauseIndices":[],
"guardIndices":[54,62,72,109,111,119,156,162,206,216,221,252,259,263,267,269,271],
"clauseBinaryOccurrenceInCounterExampleList":[0,0,0,0,0,0,0,0,0,0,0,0,0,0,0,0,0],
"controlLocationIndices":[1,12,73,120,163,222],
"binaryAdjacentList":[[2,1],[3,1],[4,1],[5,1],[5,49],[5,57],[5,67],[6,1],[6,48],[6,51],[6,56],[6,59],[6,66],[6,69],[7,1],[7,51],[7,59],[7,69],[8,1],[8,43],[8,55],[8,71],[9,1],[9,43],[9,45],[9,52],[9,53],[9,55],[9,60],[9,61],[9,64],[9,70],[9,71],[10,1],[10,53],[10,60],[10,63],[11,1],[13,12],[14,12],[15,12],[16,12],[17,12],[18,12],[19,12],[20,12],[21,12],[22,12],[23,12],[24,12],[25,12],[26,12],[27,12],[28,12],[29,12],[30,12],[31,12],[32,12],[33,12],[34,12],[35,12],[36,12],[37,12],[38,12],[38,107],[38,118],[39,12],[39,103],[39,113],[39,116],[40,12],[40,52],[40,61],[40,70],[40,104],[40,115],[41,12],[41,44],[41,103],[41,105],[41,112],[42,12],[43,54],[44,45],[45,46],[46,54],[47,46],[47,50],[47,58],[47,65],[47,68],[47,106],[47,114],[47,117],[47,151],[47,154],[47,160],[47,195],[47,198],[47,201],[47,207],[47,210],[47,212],[47,217],[47,255],[47,266],[48,49],[49,50],[50,54],[51,54],[52,54],[53,54],[55,62],[56,57],[57,58],[58,62],[59,62],[60,62],[61,62],[63,64],[64,65],[65,72],[66,67],[67,68],[68,72],[69,72],[70,72],[71,72],[74,73],[75,73],[76,73],[77,73],[78,73],[79,73],[80,73],[81,73],[82,73],[83,73],[84,73],[85,73],[86,73],[87,73],[87,155],[87,161],[88,73],[89,73],[90,73],[91,73],[92,73],[93,73],[94,73],[95,73],[96,73],[97,73],[98,73],[98,152],[98,158],[99,73],[99,150],[99,157],[100,73],[100,149],[100,157],[101,73],[103,109],[104,105],[105,106],[106,109],[107,109],[108,107],[108,118],[108,256],[108,261],[110,111],[110,252],[110,271],[112,113],[113,114],[114,119],[115,116],[116,117],[117,119],[118,119],[121,120],[122,120],[123,120],[124,120],[125,120],[126,120],[127,120],[128,120],[129,120],[130,120],[131,120],[132,120],[133,120],[134,120],[135,120],[136,120],[137,120],[138,120],[139,120],[140,120],[141,120],[142,120],[143,120],[144,120],[145,120],[145,153],[145,159],[145,202],[145,213],[145,218],[146,120],[146,203],[146,214],[146,219],[147,120],[147,155],[147,161],[147,196],[147,208],[148,120],[149,150],[150,151],[151,156],[152,153],[153,154],[154,156],[155,156],[157,162],[158,159],[159,160],[160,162],[161,162],[164,163],[165,163],[166,163],[167,163],[168,163],[169,163],[170,163],[171,163],[172,163],[173,163],[174,163],[175,163],[176,163],[177,163],[178,163],[179,163],[180,163],[181,163],[182,163],[183,163],[184,163],[185,163],[186,163],[187,163],[188,163],[189,163],[189,195],[189,207],[189,217],[190,163],[190,256],[190,261],[191,163],[191,197],[191,200],[191,209],[191,258],[191,260],[192,163],[192,254],[192,257],[192,258],[192,260],[192,262],[193,163],[193,199],[193,211],[193,253],[193,262],[194,163],[196,197],[197,198],[198,206],[199,200],[200,201],[201,206],[202,203],[203,204],[204,206],[205,204],[205,215],[205,220],[208,209],[208,211],[209,210],[210,216],[211,212],[212,216],[213,214],[214,215],[215,216],[218,219],[219,220],[220,221],[223,222],[224,222],[225,222],[226,222],[227,222],[228,222],[229,222],[230,222],[231,222],[232,222],[233,222],[234,222],[235,222],[236,222],[237,222],[238,222],[239,222],[240,222],[241,222],[242,222],[243,222],[244,222],[245,222],[246,222],[247,222],[248,222],[249,222],[249,265],[249,268],[250,222],[250,257],[250,264],[250,268],[251,222],[253,254],[254,255],[255,259],[256,259],[257,259],[258,259],[260,263],[261,263],[262,263],[264,265],[265,266],[266,267],[268,269]],
"ternaryAdjacencyList":[[12,54,1],[16,54,2],[19,54,3],[26,54,4],[37,54,6],[38,54,7],[39,54,8],[42,54,11],[12,62,1],[16,62,2],[19,62,3],[26,62,4],[37,62,6],[38,62,7],[39,62,8],[41,62,10],[42,62,11],[12,72,1],[16,72,2],[19,72,3],[26,72,4],[37,72,6],[38,72,7],[39,72,10],[42,72,11],[73,109,12],[74,109,13],[75,109,14],[76,109,15],[77,109,16],[78,109,17],[79,109,18],[80,109,19],[81,109,20],[82,109,21],[83,109,22],[84,109,23],[85,109,24],[86,109,25],[87,109,26],[88,109,27],[89,109,28],[90,109,29],[91,109,30],[92,109,31],[93,109,32],[94,109,33],[95,109,34],[96,109,35],[97,109,36],[102,109,37],[98,109,38],[99,109,39],[100,109,40],[101,109,42],[73,111,12],[73,119,12],[74,119,13],[75,119,14],[76,119,15],[77,119,16],[78,119,17],[79,119,18],[80,119,19],[81,119,20],[82,119,21],[83,119,22],[84,119,23],[85,119,24],[86,119,25],[87,119,26],[88,119,27],[89,119,28],[90,119,29],[91,119,30],[92,119,31],[93,119,32],[94,119,33],[95,119,34],[96,119,35],[97,119,36],[102,119,37],[98,119,38],[100,119,40],[99,119,41],[101,119,42],[120,156,73],[121,156,74],[122,156,75],[123,156,76],[124,156,77],[125,156,78],[126,156,79],[127,156,80],[128,156,81],[129,156,82],[130,156,83],[131,156,84],[132,156,85],[133,156,86],[134,156,87],[135,156,88],[136,156,89],[137,156,90],[138,156,91],[139,156,92],[140,156,93],[141,156,94],[142,156,95],[143,156,96],[144,156,97],[146,156,98],[148,156,101],[120,162,73],[121,162,74],[122,162,75],[123,162,76],[124,162,77],[125,162,78],[126,162,79],[127,162,80],[128,162,81],[129,162,82],[130,162,83],[131,162,84],[132,162,85],[133,162,86],[134,162,87],[135,162,88],[136,162,89],[137,162,90],[138,162,91],[139,162,92],[140,162,93],[141,162,94],[142,162,95],[143,162,96],[144,162,97],[146,162,98],[148,162,101],[163,206,120],[164,206,121],[165,206,122],[166,206,123],[167,206,124],[168,206,125],[169,206,126],[170,206,127],[171,206,128],[172,206,129],[173,206,130],[174,206,131],[176,206,132],[177,206,133],[178,206,134],[179,206,135],[180,206,136],[181,206,137],[182,206,138],[183,206,139],[184,206,140],[185,206,141],[186,206,142],[187,206,143],[188,206,144],[195,206,145],[190,206,146],[192,206,147],[194,206,148],[163,216,120],[164,216,121],[165,216,122],[166,216,123],[167,216,124],[168,216,125],[169,216,126],[170,216,127],[171,216,128],[172,216,129],[173,216,130],[174,216,131],[176,216,132],[177,216,133],[178,216,134],[179,216,135],[180,216,136],[181,216,137],[182,216,138],[183,216,139],[184,216,140],[185,216,141],[186,216,142],[187,216,143],[188,216,144],[207,216,145],[190,216,146],[192,216,147],[194,216,148],[163,221,120],[164,221,121],[165,221,122],[166,221,123],[167,221,124],[168,221,125],[169,221,126],[170,221,127],[171,221,128],[172,221,129],[173,221,130],[174,221,131],[176,221,132],[177,221,133],[178,221,134],[179,221,135],[180,221,136],[181,221,137],[182,221,138],[183,221,139],[184,221,140],[185,221,141],[186,221,142],[187,221,143],[188,221,144],[217,221,145],[190,221,146],[192,221,147],[194,221,148],[222,252,163],[222,259,163],[223,259,164],[224,259,165],[225,259,166],[226,259,167],[227,259,168],[228,259,169],[229,259,170],[230,259,171],[231,259,172],[232,259,173],[233,259,174],[234,259,175],[235,259,176],[236,259,177],[237,259,178],[238,259,179],[239,259,180],[240,259,181],[241,259,182],[242,259,183],[243,259,184],[244,259,185],[245,259,186],[246,259,187],[247,259,188],[102,259,189],[248,259,190],[249,259,193],[251,259,194],[222,263,163],[223,263,164],[224,263,165],[225,263,166],[226,263,167],[227,263,168],[228,263,169],[229,263,170],[230,263,171],[231,263,172],[232,263,173],[233,263,174],[234,263,175],[235,263,176],[236,263,177],[237,263,178],[238,263,179],[239,263,180],[240,263,181],[241,263,182],[242,263,183],[243,263,184],[244,263,185],[245,263,186],[246,263,187],[247,263,188],[102,263,189],[248,263,190],[249,263,191],[250,263,193],[251,263,194],[0,267,222],[108,267,226],[102,267,248],[102,267,251],[0,269,222],[108,269,226],[102,269,248],[102,269,251],[1,271,270]],
"unknownEdges":[],
"argumentIDList":[57,58,59,60,61,62,63,64,65,66,67,68,69,70,71,72,73,74,75,76,77,78,79,80,81,82,83,84,85,86,87,88,89,90,91,92,93,94,95,96,0,1,2,3,4,5,6,7,8,9,10,11,12,13,14,15,16,17,18,19,20,21,22,23,24,25,26,27,97,98,99,100,101,102,103,104,105,106,107,108,109,110,111,112,113,114,115,116,117,118,119,120,121,122,123,124,125,126,127,128,129,130,131,132,133,134,135,136,137,138,139,140,141,142,143,144,145,146,147,148,149,150,151,152,153,154,155,28,29,30,31,32,33,34,35,36,37,38,39,40,41,42,43,44,45,46,47,48,49,50,51,52,53,54,55,56],
"argumentNameList":["predh81_10:argument0","predh81_10:argument1","predh81_10:argument2","predh81_10:argument3","predh81_10:argument4","predh81_10:argument5","predh81_10:argument6","predh81_10:argument7","predh81_10:argument8","predh81_10:argument9","predh81_16:argument0","predh81_16:argument1","predh81_16:argument2","predh81_16:argument3","predh81_16:argument4","predh81_16:argument5","predh81_16:argument6","predh81_16:argument7","predh81_16:argument8","predh81_16:argument9","predh81_16:argument10","predh81_16:argument11","predh81_16:argument12","predh81_16:argument13","predh81_16:argument14","predh81_16:argument15","predh81_16:argument16","predh81_16:argument17","predh81_16:argument18","predh81_16:argument19","predh81_16:argument20","predh81_16:argument21","predh81_16:argument22","predh81_16:argument23","predh81_16:argument24","predh81_16:argument25","predh81_16:argument26","predh81_16:argument27","predh81_16:argument28","predh81_16:argument29","predh58_22:argument0","predh58_22:argument1","predh58_22:argument2","predh58_22:argument3","predh58_22:argument4","predh58_22:argument5","predh58_22:argument6","predh58_22:argument7","predh58_22:argument8","predh58_22:argument9","predh58_22:argument10","predh58_22:argument11","predh58_22:argument12","predh58_22:argument13","predh58_22:argument14","predh58_22:argument15","predh58_22:argument16","predh58_22:argument17","predh58_22:argument18","predh58_22:argument19","predh58_22:argument20","predh58_22:argument21","predh58_22:argument22","predh58_22:argument23","predh58_22:argument24","predh58_22:argument25","predh58_22:argument26","predh58_22:argument27","predh81_27:argument0","predh81_27:argument1","predh81_27:argument2","predh81_27:argument3","predh81_27:argument4","predh81_27:argument5","predh81_27:argument6","predh81_27:argument7","predh81_27:argument8","predh81_27:argument9","predh81_27:argument10","predh81_27:argument11","predh81_27:argument12","predh81_27:argument13","predh81_27:argument14","predh81_27:argument15","predh81_27:argument16","predh81_27:argument17","predh81_27:argument18","predh81_27:argument19","predh81_27:argument20","predh81_27:argument21","predh81_27:argument22","predh81_27:argument23","predh81_27:argument24","predh81_27:argument25","predh81_27:argument26","predh81_27:argument27","predh81_33:argument0","predh81_33:argument1","predh81_33:argument2","predh81_33:argument3","predh81_33:argument4","predh81_33:argument5","predh81_33:argument6","predh81_33:argument7","predh81_33:argument8","predh81_33:argument9","predh81_33:argument10","predh81_33:argument11","predh81_33:argument12","predh81_33:argument13","predh81_33:argument14","predh81_33:argument15","predh81_33:argument16","predh81_33:argument17","predh81_33:argument18","predh81_33:argument19","predh81_33:argument20","predh81_33:argument21","predh81_33:argument22","predh81_33:argument23","predh81_33:argument24","predh81_33:argument25","predh81_33:argument26","predh81_33:argument27","predh81_33:argument28","predh81_33:argument29","predh81_33:argument30","predh58_39:argument0","predh58_39:argument1","predh58_39:argument2","predh58_39:argument3","predh58_39:argument4","predh58_39:argument5","predh58_39:argument6","predh58_39:argument7","predh58_39:argument8","predh58_39:argument9","predh58_39:argument10","predh58_39:argument11","predh58_39:argument12","predh58_39:argument13","predh58_39:argument14","predh58_39:argument15","predh58_39:argument16","predh58_39:argument17","predh58_39:argument18","predh58_39:argument19","predh58_39:argument20","predh58_39:argument21","predh58_39:argument22","predh58_39:argument23","predh58_39:argument24","predh58_39:argument25","predh58_39:argument26","predh58_39:argument27","predh58_39:argument28"],
"predicateIndices":[1,12,73,120,163,222],
"predicateOccurrenceInClause":[4,6,5,5,6,5],
"predicateStrongConnectedComponent":[0,0,0,0,0,0],
"argumentEdges":[[2,1],[3,1],[4,1],[5,1],[6,1],[7,1],[8,1],[9,1],[10,1],[11,1],[13,12],[14,12],[15,12],[16,12],[17,12],[18,12],[19,12],[20,12],[21,12],[22,12],[23,12],[24,12],[25,12],[26,12],[27,12],[28,12],[29,12],[30,12],[31,12],[32,12],[33,12],[34,12],[35,12],[36,12],[37,12],[38,12],[39,12],[40,12],[41,12],[42,12],[74,73],[75,73],[76,73],[77,73],[78,73],[79,73],[80,73],[81,73],[82,73],[83,73],[84,73],[85,73],[86,73],[87,73],[88,73],[89,73],[90,73],[91,73],[92,73],[93,73],[94,73],[95,73],[96,73],[97,73],[98,73],[99,73],[100,73],[101,73],[121,120],[122,120],[123,120],[124,120],[125,120],[126,120],[127,120],[128,120],[129,120],[130,120],[131,120],[132,120],[133,120],[134,120],[135,120],[136,120],[137,120],[138,120],[139,120],[140,120],[141,120],[142,120],[143,120],[144,120],[145,120],[146,120],[147,120],[148,120],[164,163],[165,163],[166,163],[167,163],[168,163],[169,163],[170,163],[171,163],[172,163],[173,163],[174,163],[175,163],[176,163],[177,163],[178,163],[179,163],[180,163],[181,163],[182,163],[183,163],[184,163],[185,163],[186,163],[187,163],[188,163],[189,163],[190,163],[191,163],[192,163],[193,163],[194,163],[223,222],[224,222],[225,222],[226,222],[227,222],[228,222],[229,222],[230,222],[231,222],[232,222],[233,222],[234,222],[235,222],[236,222],[237,222],[238,222],[239,222],[240,222],[241,222],[242,222],[243,222],[244,222],[245,222],[246,222],[247,222],[248,222],[249,222],[250,222],[251,222]],
"guardASTEdges":[[43,54],[46,54],[50,54],[51,54],[52,54],[53,54],[55,62],[58,62],[59,62],[60,62],[61,62],[65,72],[68,72],[69,72],[70,72],[71,72],[103,109],[106,109],[107,109],[110,111],[114,119],[117,119],[118,119],[151,156],[154,156],[155,156],[157,162],[160,162],[161,162],[198,206],[201,206],[204,206],[210,216],[212,216],[215,216],[220,221],[110,252],[255,259],[256,259],[257,259],[258,259],[260,263],[261,263],[262,263],[266,267],[268,269],[110,271]],
"ASTEdges":[],
"AST_1Edges":[[8,43],[41,44],[44,45],[45,46],[5,49],[49,50],[7,51],[40,52],[10,53],[8,55],[5,57],[57,58],[7,59],[10,60],[40,61],[9,64],[64,65],[5,67],[67,68],[7,69],[40,70],[8,71],[39,103],[41,105],[105,106],[38,107],[39,113],[113,114],[39,116],[116,117],[38,118],[100,149],[149,150],[150,151],[98,152],[152,153],[153,154],[147,155],[99,157],[98,158],[158,159],[159,160],[147,161],[47,195],[147,196],[196,197],[197,198],[193,199],[199,200],[200,201],[145,202],[202,203],[203,204],[47,207],[147,208],[208,209],[209,210],[193,211],[211,212],[145,213],[213,214],[214,215],[47,217],[145,218],[218,219],[219,220],[192,254],[254,255],[190,256],[250,257],[191,258],[191,260],[190,261],[193,262],[250,264],[264,265],[265,266],[249,268]],
"AST_2Edges":[[9,43],[9,45],[47,46],[6,48],[48,49],[47,50],[6,51],[9,52],[9,53],[9,55],[6,56],[56,57],[47,58],[6,59],[9,60],[9,61],[10,63],[63,64],[47,65],[6,66],[66,67],[47,68],[6,69],[9,70],[9,71],[41,103],[40,104],[104,105],[47,106],[108,107],[41,112],[112,113],[47,114],[40,115],[115,116],[47,117],[108,118],[99,150],[47,151],[145,153],[47,154],[87,155],[100,157],[145,159],[47,160],[87,161],[189,195],[191,197],[47,198],[191,200],[47,201],[146,203],[205,204],[189,207],[191,209],[47,210],[208,211],[47,212],[146,214],[205,215],[189,217],[146,219],[205,220],[193,253],[253,254],[47,255],[108,256],[192,257],[192,258],[192,260],[108,261],[192,262],[249,265],[47,266],[250,268]],
"templateASTEdges":[],
"templateEdges":[],
"verifHintTplPredEdges":[],
"verifHintTplPredPosNegEdges":[],
"verifHintTplEqTermEdges":[],
"verifHintTplInEqTermEdges":[],
"verifHintTplInEqTermPosNegEdges":[],
"dataFlowASTEdges":[],
"controlFlowHyperEdges":[[12,54,1],[12,62,1],[12,72,1],[73,109,12],[73,111,12],[73,119,12],[120,156,73],[120,162,73],[163,206,120],[163,216,120],[163,221,120],[222,252,163],[222,259,163],[222,263,163],[0,267,222],[0,269,222],[1,271,270]],
"dataFlowHyperEdges":[[16,54,2],[19,54,3],[26,54,4],[37,54,6],[38,54,7],[39,54,8],[42,54,11],[16,62,2],[19,62,3],[26,62,4],[37,62,6],[38,62,7],[39,62,8],[41,62,10],[42,62,11],[16,72,2],[19,72,3],[26,72,4],[37,72,6],[38,72,7],[39,72,10],[42,72,11],[74,109,13],[75,109,14],[76,109,15],[77,109,16],[78,109,17],[79,109,18],[80,109,19],[81,109,20],[82,109,21],[83,109,22],[84,109,23],[85,109,24],[86,109,25],[87,109,26],[88,109,27],[89,109,28],[90,109,29],[91,109,30],[92,109,31],[93,109,32],[94,109,33],[95,109,34],[96,109,35],[97,109,36],[102,109,37],[98,109,38],[99,109,39],[100,109,40],[101,109,42],[74,119,13],[75,119,14],[76,119,15],[77,119,16],[78,119,17],[79,119,18],[80,119,19],[81,119,20],[82,119,21],[83,119,22],[84,119,23],[85,119,24],[86,119,25],[87,119,26],[88,119,27],[89,119,28],[90,119,29],[91,119,30],[92,119,31],[93,119,32],[94,119,33],[95,119,34],[96,119,35],[97,119,36],[102,119,37],[98,119,38],[100,119,40],[99,119,41],[101,119,42],[121,156,74],[122,156,75],[123,156,76],[124,156,77],[125,156,78],[126,156,79],[127,156,80],[128,156,81],[129,156,82],[130,156,83],[131,156,84],[132,156,85],[133,156,86],[134,156,87],[135,156,88],[136,156,89],[137,156,90],[138,156,91],[139,156,92],[140,156,93],[141,156,94],[142,156,95],[143,156,96],[144,156,97],[146,156,98],[148,156,101],[121,162,74],[122,162,75],[123,162,76],[124,162,77],[125,162,78],[126,162,79],[127,162,80],[128,162,81],[129,162,82],[130,162,83],[131,162,84],[132,162,85],[133,162,86],[134,162,87],[135,162,88],[136,162,89],[137,162,90],[138,162,91],[139,162,92],[140,162,93],[141,162,94],[142,162,95],[143,162,96],[144,162,97],[146,162,98],[148,162,101],[164,206,121],[165,206,122],[166,206,123],[167,206,124],[168,206,125],[169,206,126],[170,206,127],[171,206,128],[172,206,129],[173,206,130],[174,206,131],[176,206,132],[177,206,133],[178,206,134],[179,206,135],[180,206,136],[181,206,137],[182,206,138],[183,206,139],[184,206,140],[185,206,141],[186,206,142],[187,206,143],[188,206,144],[195,206,145],[190,206,146],[192,206,147],[194,206,148],[164,216,121],[165,216,122],[166,216,123],[167,216,124],[168,216,125],[169,216,126],[170,216,127],[171,216,128],[172,216,129],[173,216,130],[174,216,131],[176,216,132],[177,216,133],[178,216,134],[179,216,135],[180,216,136],[181,216,137],[182,216,138],[183,216,139],[184,216,140],[185,216,141],[186,216,142],[187,216,143],[188,216,144],[207,216,145],[190,216,146],[192,216,147],[194,216,148],[164,221,121],[165,221,122],[166,221,123],[167,221,124],[168,221,125],[169,221,126],[170,221,127],[171,221,128],[172,221,129],[173,221,130],[174,221,131],[176,221,132],[177,221,133],[178,221,134],[179,221,135],[180,221,136],[181,221,137],[182,221,138],[183,221,139],[184,221,140],[185,221,141],[186,221,142],[187,221,143],[188,221,144],[217,221,145],[190,221,146],[192,221,147],[194,221,148],[223,259,164],[224,259,165],[225,259,166],[226,259,167],[227,259,168],[228,259,169],[229,259,170],[230,259,171],[231,259,172],[232,259,173],[233,259,174],[234,259,175],[235,259,176],[236,259,177],[237,259,178],[238,259,179],[239,259,180],[240,259,181],[241,259,182],[242,259,183],[243,259,184],[244,259,185],[245,259,186],[246,259,187],[247,259,188],[102,259,189],[248,259,190],[249,259,193],[251,259,194],[223,263,164],[224,263,165],[225,263,166],[226,263,167],[227,263,168],[228,263,169],[229,263,170],[230,263,171],[231,263,172],[232,263,173],[233,263,174],[234,263,175],[235,263,176],[236,263,177],[237,263,178],[238,263,179],[239,263,180],[240,263,181],[241,263,182],[242,263,183],[243,263,184],[244,263,185],[245,263,186],[246,263,187],[247,263,188],[102,263,189],[248,263,190],[249,263,191],[250,263,193],[251,263,194],[108,267,226],[102,267,248],[102,267,251],[108,269,226],[102,269,248],[102,269,251]],
"controlLocationEdgeForSCC":[],
"predicateTransitiveEdges":[],
"dummyFiled":[]
}