{
"nodeIds":[0,1,2,3,4,5,6,7,8,9,10,11,12,13,14,15,16,17,18,19,20,21,22,23,24,25,26,27,28,29,30,31,32,33,34,35,36,37,38,39,40,41,42,43,44,45,46,47,48,49,50,51,52,53,54,55,56,57,58,59,60,61,62,63,64,65,66,67,68,69,70,71,72,73,74,75,76,77,78,79,80,81,82,83,84,85,86,87,88,89,90,91,92,93,94,95,96,97,98,99,100,101,102,103,104,105,106,107,108,109,110,111,112,113,114,115,116,117,118,119,120,121,122,123,124,125,126,127,128,129,130,131,132,133,134,135,136,137,138,139,140,141,142,143,144,145,146,147,148,149,150,151,152,153,154,155,156,157,158,159,160,161,162,163,164,165,166,167,168,169,170,171,172,173,174,175,176,177,178,179,180,181,182,183,184,185,186,187,188,189],
"nodeSymbolList":["dummy","Initial","CONTROL_0","predicateArgument_0","predicateArgument_1","CONTROL_1","predicateArgument_2","CONTROL_2","predicateArgument_3","predicateArgument_4","-","+",">=","1",">=","0","=","guard_0","CONTROL_3","predicateArgument_5","CONTROL_4","predicateArgument_6","predicateArgument_7","CONTROL_5","predicateArgument_8","predicateArgument_9","=","guard_1","CONTROL_6","predicateArgument_10","predicateArgument_11","CONTROL_7","predicateArgument_12","=","=","guard_2","CONTROL_8","predicateArgument_13","predicateArgument_14","CONTROL_9","predicateArgument_15","CONTROL_10","predicateArgument_16","predicateArgument_17","predicateArgument_18","predicateArgument_19","-","+",">=","=","guard_3","CONTROL_11","predicateArgument_20","predicateArgument_21","predicateArgument_22","predicateArgument_23","predicateArgument_24","predicateArgument_25","predicateArgument_26","CONTROL_12","predicateArgument_27","predicateArgument_28","true","guard_4","CONTROL_13","predicateArgument_29","predicateArgument_30","predicateArgument_31","-","+",">=","=","guard_5","CONTROL_14","predicateArgument_32","predicateArgument_33","predicateArgument_34","-","+",">=","=","guard_6","-","+",">=","=","guard_7","-","+",">=","=","guard_8","-","+",">=","=","guard_9","CONTROL_15","predicateArgument_35","predicateArgument_36","-","+",">=","=","guard_10","=","guard_11","CONTROL_16","predicateArgument_37","predicateArgument_38","predicateArgument_39","predicateArgument_40","predicateArgument_41","predicateArgument_42","predicateArgument_43","predicateArgument_44","predicateArgument_45","predicateArgument_46","predicateArgument_47","guard_12","-","+",">=","=","=","guard_13","CONTROL_17","predicateArgument_48","predicateArgument_49","predicateArgument_50","-","+",">=","=","guard_14","guard_15","CONTROL_18","predicateArgument_51","predicateArgument_52","predicateArgument_53","predicateArgument_54","predicateArgument_55","predicateArgument_56","predicateArgument_57","predicateArgument_58","predicateArgument_59","predicateArgument_60","predicateArgument_61","predicateArgument_62","predicateArgument_63","guard_16","-","+",">=","=","=","guard_17","+","+","+",">=","=","guard_18","guard_19","guard_20","guard_21","=","=","guard_22",">=","guard_23",">=","=","guard_24","guard_25","FALSE",">=","-1",">=","guard_26","FALSE",">=",">=","guard_27","FALSE","-","+",">=",">=","guard_28"],
"falseIndices":[175,180,184],
"initialIndices":[1],
"argumentIndices":[3,4,6,8,9,19,21,22,24,25,29,30,32,37,38,40,42,43,44,45,52,53,54,55,56,57,58,60,61,65,66,67,74,75,76,98,99,108,109,110,111,112,113,114,115,116,117,118,127,128,129,137,138,139,140,141,142,143,144,145,146,147,148,149],
"argumentBoundList":[["None","None"],["None","None"],["None","None"],["None","None"],["None","None"],["None","None"],["None","None"],["None","None"],["None","None"],["None","None"],["None","None"],["None","None"],["None","None"],["None","None"],["None","None"],["None","None"],["None","None"],["None","None"],["None","None"],["None","None"],["None","None"],["None","None"],["None","None"],["None","None"],["None","None"],["None","None"],["None","None"],["None","None"],["None","None"],["None","None"],["None","None"],["None","None"],["None","None"],["None","None"],["None","None"],["None","None"],["None","None"],["None","None"],["None","None"],["None","None"],["None","None"],["None","None"],["None","None"],["None","None"],["None","None"],["None","None"],["None","None"],["None","None"],["None","None"],["None","None"],["None","None"],["None","None"],["None","None"],["None","None"],["None","None"],["None","None"],["None","None"],["None","None"],["None","None"],["None","None"],["None","None"],["None","None"],["None","None"],["None","None"]],
"argumentBinaryOccurrenceList":[0,0,0,0,0,0,0,0,0,0,0,0,0,0,0,0,0,0,0,0,0,0,0,0,0,0,0,0,0,0,0,0,0,0,0,0,0,0,0,0,0,0,0,0,0,0,0,0,0,0,0,0,0,0,0,0,0,0,0,0,0,0,0,0],
"argumentOccurrence":[0,0,0,0,0,0,0,0,0,0,0,0,0,0,0,0,0,0,0,0,0,0,0,0,0,0,0,0,0,0,0,0,0,0,0,0,0,0,0,0,0,0,0,0,0,0,0,0,0,0,0,0,0,0,0,0,0,0,0,0,0,0,0,0],
"templateIndices":[],
"templateRelevanceLabel":[],
"templateCostLabel":[],
"clauseIndices":[],
"guardIndices":[17,27,35,50,63,72,81,86,91,96,104,106,119,125,134,135,150,156,162,163,164,165,168,170,173,174,179,183,189],
"clauseBinaryOccurrenceInCounterExampleList":[1,1,1,1,1,1,1,1,1,0,0,0,0,0,0,0,0,0,0,1,1,1,1,0,1,1,0,0,0],
"predictedLabel":[],
"controlLocationIndices":[2,5,7,18,20,23,28,31,36,39,41,51,59,64,73,97,107,126,136],
"binaryAdjacentList":[[2,2],[3,2],[3,11],[3,16],[3,167],[3,171],[4,2],[4,10],[4,14],[4,166],[4,172],[6,5],[7,7],[8,7],[8,16],[8,169],[8,178],[8,181],[8,186],[9,7],[9,176],[9,178],[9,181],[9,182],[9,185],[9,188],[10,11],[11,12],[12,17],[13,12],[13,48],[13,70],[13,79],[13,84],[13,89],[13,94],[13,102],[13,122],[13,132],[13,153],[13,157],[13,158],[13,159],[13,187],[14,17],[15,14],[15,182],[16,17],[18,18],[19,18],[19,26],[20,20],[21,20],[22,20],[22,82],[22,85],[23,23],[24,23],[24,34],[25,23],[25,26],[25,33],[25,87],[25,90],[26,27],[28,28],[29,28],[29,34],[30,28],[30,33],[30,92],[30,100],[30,130],[30,159],[31,31],[32,31],[32,80],[33,35],[33,35],[34,35],[36,36],[37,36],[37,47],[37,49],[37,101],[37,103],[38,36],[38,46],[39,39],[40,39],[40,93],[40,95],[41,41],[42,41],[42,49],[42,83],[42,160],[42,161],[43,41],[44,41],[45,41],[45,85],[45,160],[46,47],[47,48],[48,50],[49,50],[51,51],[52,51],[53,51],[54,51],[55,51],[56,51],[56,157],[57,51],[57,71],[57,95],[57,105],[57,133],[57,161],[58,51],[58,68],[58,77],[58,158],[59,59],[60,59],[60,88],[60,121],[60,124],[60,167],[61,59],[61,90],[61,123],[61,166],[62,63],[62,119],[62,135],[62,150],[62,163],[62,164],[62,165],[62,174],[64,64],[65,64],[65,69],[65,71],[65,131],[65,133],[65,169],[66,64],[67,64],[68,69],[69,70],[70,72],[71,72],[71,72],[73,73],[74,73],[74,78],[74,152],[74,155],[74,171],[75,73],[76,73],[76,80],[76,154],[76,172],[77,78],[78,79],[79,81],[80,81],[82,83],[83,84],[84,86],[85,86],[87,88],[88,89],[89,91],[90,91],[92,93],[93,94],[94,96],[95,96],[95,96],[97,97],[98,97],[98,103],[98,105],[99,97],[100,101],[101,102],[102,104],[103,104],[103,104],[103,104],[105,106],[105,106],[107,107],[108,107],[109,107],[109,123],[110,107],[111,107],[112,107],[113,107],[114,107],[115,107],[115,124],[116,107],[117,107],[118,107],[118,120],[120,121],[121,122],[122,125],[123,125],[124,125],[124,125],[124,125],[124,125],[126,126],[127,126],[128,126],[129,126],[130,131],[131,132],[132,134],[133,134],[133,134],[133,134],[136,136],[137,136],[138,136],[139,136],[140,136],[141,136],[142,136],[143,136],[144,136],[145,136],[146,136],[146,151],[147,136],[147,155],[148,136],[149,136],[149,154],[151,152],[152,153],[153,156],[154,156],[155,156],[155,156],[155,156],[155,156],[160,162],[161,162],[161,162],[166,168],[167,168],[169,170],[171,173],[172,173],[176,179],[177,176],[177,188],[178,179],[181,183],[182,183],[185,186],[186,187],[187,189],[188,189]],
"ternaryAdjacencyList":[[5,17,2],[7,17,2],[8,17,3],[9,17,4],[20,27,18],[23,27,18],[25,27,19],[31,35,28],[20,35,28],[23,35,28],[24,35,29],[25,35,30],[39,50,36],[41,50,36],[42,50,37],[45,50,38],[39,63,51],[41,63,51],[59,63,51],[40,63,52],[42,63,53],[43,63,54],[44,63,55],[45,63,56],[60,63,57],[61,63,58],[18,72,64],[51,72,64],[57,72,65],[54,72,66],[19,72,67],[18,81,31],[51,81,31],[73,81,31],[76,81,32],[39,86,20],[59,86,20],[41,86,20],[44,86,21],[45,86,22],[39,91,23],[41,91,23],[59,91,23],[44,91,24],[61,91,25],[51,96,39],[28,96,39],[57,96,40],[51,104,36],[28,104,36],[97,104,36],[98,104,37],[99,104,38],[51,106,97],[57,106,98],[59,119,107],[51,119,107],[28,119,107],[60,119,108],[61,119,109],[52,119,110],[53,119,111],[54,119,112],[55,119,113],[56,119,114],[57,119,115],[58,119,116],[29,119,117],[30,119,118],[36,125,59],[107,125,59],[115,125,60],[109,125,61],[126,134,64],[51,134,64],[28,134,64],[57,134,65],[54,134,66],[129,134,67],[64,135,126],[65,135,127],[66,135,128],[67,135,129],[64,150,136],[51,150,136],[73,150,136],[65,150,137],[66,150,138],[67,150,139],[52,150,140],[53,150,141],[54,150,142],[55,150,143],[56,150,144],[57,150,145],[58,150,146],[74,150,147],[75,150,148],[76,150,149],[28,156,73],[136,156,73],[147,156,74],[138,156,75],[149,156,76],[51,162,41],[28,162,41],[57,162,42],[157,162,45],[158,162,45],[159,162,45],[1,163,5],[1,164,39],[36,165,7],[37,165,8],[38,165,9],[36,168,59],[2,168,59],[3,168,60],[4,168,61],[64,170,7],[67,170,9],[64,173,73],[2,173,73],[65,173,74],[66,173,75],[4,173,76],[1,174,41],[15,174,45],[5,179,175],[7,179,175],[5,183,180],[7,183,180],[5,189,184],[7,189,184]],
"unknownEdges":[],
"argumentIDList":[23,24,38,2,3,0,32,33,34,35,36,37,1,47,48,39,28,29,30,31,40,41,42,43,44,45,46,51,52,4,5,6,25,26,27,49,50,53,54,55,56,57,58,59,60,61,62,63,7,8,9,10,11,12,13,14,15,16,17,18,19,20,21,22],
"argumentNameList":["P12:argument0","P12:argument1","P6:argument0","P10:argument0","P10:argument1","P0:argument0","P2:argument0","P2:argument1","P3:argument0","P3:argument1","P4:argument0","P4:argument1","P1:argument0","P8:argument0","P8:argument1","P7:argument0","P14:argument0","P14:argument1","P14:argument2","P14:argument3","P7_P14_P9:argument0","P7_P14_P9:argument1","P7_P14_P9:argument2","P7_P14_P9:argument3","P7_P14_P9:argument4","P7_P14_P9:argument5","P7_P14_P9:argument6","P9:argument0","P9:argument1","P11:argument0","P11:argument1","P11:argument2","P13:argument0","P13:argument1","P13:argument2","P8_10_1:argument0","P8_10_1:argument1","P9_P7_P14_P9_P4:argument0","P9_P7_P14_P9_P4:argument1","P9_P7_P14_P9_P4:argument2","P9_P7_P14_P9_P4:argument3","P9_P7_P14_P9_P4:argument4","P9_P7_P14_P9_P4:argument5","P9_P7_P14_P9_P4:argument6","P9_P7_P14_P9_P4:argument7","P9_P7_P14_P9_P4:argument8","P9_P7_P14_P9_P4:argument9","P9_P7_P14_P9_P4:argument10","P11_13_1:argument0","P11_13_1:argument1","P11_13_1:argument2","P11_P7_P14_P9_P13:argument0","P11_P7_P14_P9_P13:argument1","P11_P7_P14_P9_P13:argument2","P11_P7_P14_P9_P13:argument3","P11_P7_P14_P9_P13:argument4","P11_P7_P14_P9_P13:argument5","P11_P7_P14_P9_P13:argument6","P11_P7_P14_P9_P13:argument7","P11_P7_P14_P9_P13:argument8","P11_P7_P14_P9_P13:argument9","P11_P7_P14_P9_P13:argument10","P11_P7_P14_P9_P13:argument11","P11_P7_P14_P9_P13:argument12"],
"predicateIndices":[2,5,7,18,20,23,28,31,36,39,41,51,59,64,73,97,107,126,136],
"predicateOccurrenceInClause":[3,5,6,3,3,3,7,2,5,6,6,10,6,6,4,2,2,2,2],
"predicateStrongConnectedComponent":[1,0,1,1,1,1,1,1,1,1,1,1,1,1,1,1,1,1,1],
"argumentEdges":[[3,2],[4,2],[6,5],[8,7],[9,7],[19,18],[21,20],[22,20],[24,23],[25,23],[29,28],[30,28],[32,31],[37,36],[38,36],[40,39],[42,41],[43,41],[44,41],[45,41],[52,51],[53,51],[54,51],[55,51],[56,51],[57,51],[58,51],[60,59],[61,59],[65,64],[66,64],[67,64],[74,73],[75,73],[76,73],[98,97],[99,97],[108,107],[109,107],[110,107],[111,107],[112,107],[113,107],[114,107],[115,107],[116,107],[117,107],[118,107],[127,126],[128,126],[129,126],[137,136],[138,136],[139,136],[140,136],[141,136],[142,136],[143,136],[144,136],[145,136],[146,136],[147,136],[148,136],[149,136]],
"guardASTEdges":[[12,17],[14,17],[16,17],[26,27],[33,35],[33,35],[34,35],[48,50],[49,50],[62,63],[70,72],[71,72],[71,72],[79,81],[80,81],[84,86],[85,86],[89,91],[90,91],[94,96],[95,96],[95,96],[102,104],[103,104],[103,104],[103,104],[105,106],[105,106],[62,119],[122,125],[123,125],[124,125],[124,125],[124,125],[124,125],[132,134],[133,134],[133,134],[133,134],[62,135],[62,150],[153,156],[154,156],[155,156],[155,156],[155,156],[155,156],[160,162],[161,162],[161,162],[62,163],[62,164],[62,165],[166,168],[167,168],[169,170],[171,173],[172,173],[62,174],[176,179],[178,179],[181,183],[182,183],[187,189],[188,189]],
"ASTEdges":[],
"AST_1Edges":[[3,11],[11,12],[4,14],[8,16],[25,26],[25,33],[24,34],[37,47],[47,48],[42,49],[65,69],[69,70],[57,71],[58,77],[77,78],[78,79],[76,80],[22,82],[82,83],[83,84],[45,85],[25,87],[87,88],[88,89],[61,90],[40,93],[93,94],[57,95],[37,101],[101,102],[98,103],[57,105],[60,121],[121,122],[109,123],[115,124],[65,131],[131,132],[57,133],[74,152],[152,153],[149,154],[147,155],[13,157],[13,158],[13,159],[42,160],[57,161],[4,166],[3,167],[8,169],[3,171],[4,172],[177,176],[9,178],[9,181],[9,182],[9,185],[185,186],[186,187],[177,188]],
"AST_2Edges":[[4,10],[10,11],[13,12],[15,14],[3,16],[19,26],[30,33],[29,34],[38,46],[46,47],[13,48],[37,49],[58,68],[68,69],[13,70],[65,71],[74,78],[13,79],[32,80],[42,83],[13,84],[22,85],[60,88],[13,89],[25,90],[30,92],[92,93],[13,94],[40,95],[30,100],[100,101],[13,102],[37,103],[98,105],[118,120],[120,121],[13,122],[61,123],[60,124],[30,130],[130,131],[13,132],[65,133],[146,151],[151,152],[13,153],[76,154],[74,155],[56,157],[58,158],[30,159],[45,160],[42,161],[61,166],[60,167],[65,169],[74,171],[76,172],[9,176],[8,178],[8,181],[15,182],[8,186],[13,187],[9,188]],
"templateASTEdges":[],
"templateEdges":[],
"verifHintTplPredEdges":[],
"verifHintTplPredPosNegEdges":[],
"verifHintTplEqTermEdges":[],
"verifHintTplInEqTermEdges":[],
"verifHintTplInEqTermPosNegEdges":[],
"dataFlowASTEdges":[],
"controlFlowHyperEdges":[[5,17,2],[7,17,2],[20,27,18],[23,27,18],[31,35,28],[20,35,28],[23,35,28],[39,50,36],[41,50,36],[39,63,51],[41,63,51],[59,63,51],[18,72,64],[51,72,64],[18,81,31],[51,81,31],[73,81,31],[39,86,20],[59,86,20],[41,86,20],[39,91,23],[41,91,23],[59,91,23],[51,96,39],[28,96,39],[51,104,36],[28,104,36],[97,104,36],[51,106,97],[59,119,107],[51,119,107],[28,119,107],[36,125,59],[107,125,59],[126,134,64],[51,134,64],[28,134,64],[64,135,126],[64,150,136],[51,150,136],[73,150,136],[28,156,73],[136,156,73],[51,162,41],[28,162,41],[1,163,5],[1,164,39],[36,165,7],[36,168,59],[2,168,59],[64,170,7],[64,173,73],[2,173,73],[1,174,41],[5,179,175],[7,179,175],[5,183,180],[7,183,180],[5,189,184],[7,189,184]],
"dataFlowHyperEdges":[[8,17,3],[9,17,4],[25,27,19],[24,35,29],[25,35,30],[42,50,37],[45,50,38],[40,63,52],[42,63,53],[43,63,54],[44,63,55],[45,63,56],[60,63,57],[61,63,58],[57,72,65],[54,72,66],[19,72,67],[76,81,32],[44,86,21],[45,86,22],[44,91,24],[61,91,25],[57,96,40],[98,104,37],[99,104,38],[57,106,98],[60,119,108],[61,119,109],[52,119,110],[53,119,111],[54,119,112],[55,119,113],[56,119,114],[57,119,115],[58,119,116],[29,119,117],[30,119,118],[115,125,60],[109,125,61],[57,134,65],[54,134,66],[129,134,67],[65,135,127],[66,135,128],[67,135,129],[65,150,137],[66,150,138],[67,150,139],[52,150,140],[53,150,141],[54,150,142],[55,150,143],[56,150,144],[57,150,145],[58,150,146],[74,150,147],[75,150,148],[76,150,149],[147,156,74],[138,156,75],[149,156,76],[57,162,42],[157,162,45],[158,162,45],[159,162,45],[37,165,8],[38,165,9],[3,168,60],[4,168,61],[67,170,9],[65,173,74],[66,173,75],[4,173,76],[15,174,45]],
"controlLocationEdgeForSCC":[],
"predicateTransitiveEdges":[[23,23],[41,41],[20,20],[64,64],[97,97],[18,18],[59,59],[36,36],[73,73],[31,31],[2,2],[107,107],[39,39],[51,51],[28,28],[126,126],[136,136],[7,7]],
"dummyFiled":[]
}