{
"nodeIds":[0,1,2,3,4,5,6,7,8,9,10,11,12,13,14,15,16,17,18,19,20,21,22,23,24,25,26,27,28,29,30,31,32,33,34,35,36,37,38,39,40,41,42,43,44,45,46,47,48,49,50,51,52,53,54,55,56,57,58,59,60,61,62,63,64,65,66,67,68,69,70,71,72],
"nodeSymbolList":["predicateName_0","predicateArgument_0","predicateName_1","FALSE","clause_0","=","symbolicConstant_0","0","clauseHead_0","clauseArgument_0","clause_1","+","symbolicConstant_1","-1","+","1",">=","100","!","clauseHead_1","clauseArgument_1","clauseBody_0","clauseArgument_2","clause_2","=","symbolicConstant_2","!","=","symbolicConstant_3","!","=","symbolicConstant_4","!","=","symbolicConstant_5","!","=","symbolicConstant_6","!","=","symbolicConstant_7","!",">=","symbolicConstant_8","99","clauseHead_2","clauseBody_1","clauseArgument_3","clause_3","=","symbolicConstant_9","!","=","symbolicConstant_10","!","=","symbolicConstant_11","!","=","symbolicConstant_12","!","=","symbolicConstant_13","!",">=","symbolicConstant_14","clauseHead_3","clauseBody_2","clauseArgument_4","clause_4","true","clauseHead_4","clauseBody_3"],
"falseIndices":[3],
"initialIndices":[],
"argumentIndices":[1],
"argumentBoundList":[[1,1]],
"argumentBinaryOccurrenceList":[0],
"argumentOccurrence":[0],
"templateIndices":[],
"templateRelevanceLabel":[],
"templateCostLabel":[],
"clauseIndices":[4,10,23,48,69],
"guardIndices":[],
"clauseBinaryOccurrenceInCounterExampleList":[0,0,0,0,0],
"predictedLabel":[],
"controlLocationIndices":[],
"binaryAdjacentList":[[0,1],[0,8],[0,19],[1,9],[1,20],[1,22],[1,47],[1,68],[2,45],[2,66],[3,71],[4,8],[5,4],[6,5],[7,5],[7,24],[7,27],[7,30],[7,33],[7,36],[7,39],[7,49],[7,52],[7,55],[7,58],[7,61],[8,9],[9,6],[10,19],[11,14],[11,22],[12,11],[13,11],[14,16],[15,14],[16,18],[17,16],[18,10],[19,20],[20,12],[21,0],[21,10],[22,21],[23,45],[24,26],[25,24],[26,23],[27,29],[28,27],[29,23],[30,32],[31,30],[32,23],[33,35],[34,33],[35,23],[36,38],[37,36],[38,23],[39,41],[40,39],[41,23],[42,23],[43,42],[43,47],[44,42],[44,64],[46,0],[46,23],[47,46],[48,66],[49,51],[50,49],[51,48],[52,54],[53,52],[54,48],[55,57],[56,55],[57,48],[58,60],[59,58],[60,48],[61,63],[62,61],[63,48],[64,48],[65,64],[65,68],[67,0],[67,48],[68,67],[69,71],[70,69],[72,2],[72,69]],
"ternaryAdjacencyList":[],
"unknownEdges":[],
"argumentIDList":[0],
"argumentNameList":["main_1_1:argument0"],
"predicateIndices":[0,2],
"predicateOccurrenceInClause":[5,3],
"predicateStrongConnectedComponent":[1,0],
"predicateArgumentEdges":[[0,1]],
"predicateInstanceEdges":[[0,8],[0,19],[21,0],[2,45],[46,0],[2,66],[67,0],[3,71],[72,2]],
"argumentInstanceEdges":[[1,9],[1,20],[1,22],[1,47],[1,68]],
"controlHeadEdges":[[4,8],[10,19],[23,45],[48,66],[69,71]],
"controlBodyEdges":[[21,10],[46,23],[67,48],[72,69]],
"controlEdges":[],
"controlArgumentEdges":[[8,9],[19,20],[22,21],[47,46],[68,67]],
"subTermEdges":[[6,5],[7,5],[12,11],[13,11],[11,14],[15,14],[14,16],[17,16],[16,18],[25,24],[7,24],[24,26],[28,27],[7,27],[27,29],[31,30],[7,30],[30,32],[34,33],[7,33],[33,35],[37,36],[7,36],[36,38],[40,39],[7,39],[39,41],[43,42],[44,42],[50,49],[7,49],[49,51],[53,52],[7,52],[52,54],[56,55],[7,55],[55,57],[59,58],[7,58],[58,60],[62,61],[7,61],[61,63],[65,64],[44,64]],
"guardEdges":[[5,4],[18,10],[26,23],[29,23],[32,23],[35,23],[38,23],[41,23],[42,23],[51,48],[54,48],[57,48],[60,48],[63,48],[64,48],[70,69]],
"dataEdges":[[9,6],[20,12],[11,22],[43,47],[65,68]],
"predicateInstanceHeadEdges":[],
"predicateInstanceBodyEdges":[],
"controlArgumentHeadEdges":[],
"controlArgumentBodyEdges":[],
"guardConstantEdges":[],
"guardOperatorEdges":[],
"guardScEdges":[],
"dataConstantEdges":[],
"dataOperatorEdges":[],
"dataScEdges":[],
"subTermConstantOperatorEdges":[],
"subTermOperatorOperatorEdges":[],
"subTermScOperatorEdges":[],
"dummyFiled":[]
}