{
"nodeIds":[0,1,2,3,4,5,6,7,8,9,10,11,12,13,14,15,16,17,18],
"nodeSymbolList":["Initial","CONTROL_0","predicateArgument_0","true","guard_0","CONTROL_1","guard_1","CONTROL_2","predicateArgument_1","+","-1",">=","0","guard_2","guard_3",">=","guard_4","FALSE","guard_5"],
"falseIndices":[17],
"initialIndices":[0],
"argumentIndices":[2,8],
"argumentBoundList":[[0,0],[0,0]],
"argumentBinaryOccurrenceList":[0,0],
"argumentOccurrence":[0,0],
"templateIndices":[],
"templateRelevanceLabel":[],
"templateCostLabel":[],
"clauseIndices":[],
"guardIndices":[4,6,13,14,16,18],
"clauseBinaryOccurrenceInCounterExampleList":[0,0,0,0,0,0],
"controlLocationIndices":[1,5,7],
"binaryAdjacentList":[[2,1],[2,11],[2,15],[3,4],[3,6],[3,14],[3,18],[8,7],[8,9],[10,9],[11,13],[12,11],[12,15],[15,16]],
"ternaryAdjacencyList":[[0,4,1],[0,6,5],[7,13,1],[9,13,2],[1,14,7],[2,14,8],[1,16,5],[5,18,17]],
"unknownEdges":[],
"argumentIDList":[0,1],
"argumentNameList":["main_1_1:argument0","main_1_1_2_1:argument0"],
"predicateIndices":[1,5,7],
"predicateOccurrenceInClause":[4,3,2],
"predicateStrongConnectedComponent":[1,0,1],
"argumentEdges":[[2,1],[8,7]],
"guardASTEdges":[[3,4],[3,6],[11,13],[3,14],[15,16],[3,18]],
"ASTEdges":[],
"AST_1Edges":[[10,9],[2,11],[12,15]],
"AST_2Edges":[[8,9],[12,11],[2,15]],
"templateASTEdges":[],
"templateEdges":[],
"verifHintTplPredEdges":[],
"verifHintTplPredPosNegEdges":[],
"verifHintTplEqTermEdges":[],
"verifHintTplInEqTermEdges":[],
"verifHintTplInEqTermPosNegEdges":[],
"dataFlowASTEdges":[],
"controlFlowHyperEdges":[[0,4,1],[0,6,5],[7,13,1],[1,14,7],[1,16,5],[5,18,17]],
"dataFlowHyperEdges":[[9,13,2],[2,14,8]],
"controlLocationEdgeForSCC":[],
"predicateTransitiveEdges":[],
"dummyFiled":[]
}