{
"nodeIds":[0,1,2,3,4,5,6,7,8,9,10,11,12,13,14,15,16,17,18,19,20,21,22,23,24,25,26,27,28,29,30,31,32,33,34,35,36,37,38,39,40,41,42,43,44,45,46,47,48,49,50,51,52,53],
"nodeSymbolList":["predicateName_0","predicateArgument_0","predicateArgument_1","predicateName_1","FALSE","clause_0",">=","symbolicConstant_0","1","clauseHead_0","clauseArgument_0","symbolicConstant_1","clauseArgument_1","clause_1","=","symbolicConstant_2","0","!",">=","symbolicConstant_3","clauseHead_1","clause_2","+","symbolicConstant_4","symbolicConstant_5","=","symbolicConstant_6",">=","!","clauseHead_2","clauseArgument_2","symbolicConstant_7","clauseArgument_3","clauseBody_0","clauseArgument_4","clauseArgument_5","clause_3","+","symbolicConstant_8","symbolicConstant_9","=","symbolicConstant_10","=","symbolicConstant_11","!",">=","clauseHead_3","clauseBody_1","clauseArgument_6","clauseArgument_7","clause_4","true","clauseHead_4","clauseBody_2"],
"falseIndices":[4],
"initialIndices":[],
"argumentIndices":[1,2],
"argumentBoundList":[[0,0],[1,0]],
"argumentBinaryOccurrenceList":[0,0],
"argumentOccurrence":[0,0],
"templateIndices":[],
"templateRelevanceLabel":[],
"templateCostLabel":[],
"clauseIndices":[5,13,21,36,50],
"guardIndices":[],
"clauseBinaryOccurrenceInCounterExampleList":[0,0,0,0,0],
"predictedLabel":[],
"controlLocationIndices":[],
"binaryAdjacentList":[[0,1],[0,2],[0,9],[0,29],[1,10],[1,30],[1,34],[1,48],[2,12],[2,32],[2,35],[2,49],[3,20],[3,46],[4,52],[5,9],[6,5],[7,6],[8,6],[9,10],[9,12],[10,11],[12,7],[13,20],[14,17],[15,14],[16,14],[16,18],[16,27],[16,42],[16,45],[17,13],[18,13],[19,18],[21,29],[22,25],[23,22],[23,34],[24,22],[24,35],[25,21],[26,25],[26,27],[27,28],[28,21],[29,30],[29,32],[30,31],[32,26],[33,0],[33,21],[34,33],[35,33],[36,46],[37,40],[38,37],[38,49],[39,37],[39,48],[40,36],[41,40],[41,45],[42,44],[43,42],[44,36],[45,36],[47,0],[47,36],[48,47],[49,47],[50,52],[51,50],[53,3],[53,50]],
"ternaryAdjacencyList":[],
"unknownEdges":[],
"argumentIDList":[0,1],
"argumentNameList":["main_1_1:argument0","main_1_1:argument1"],
"predicateIndices":[0,3],
"predicateOccurrenceInClause":[4,3],
"predicateStrongConnectedComponent":[1,0],
"predicateArgumentEdges":[[0,1],[0,2]],
"predicateInstanceEdges":[[0,9],[3,20],[0,29],[33,0],[3,46],[47,0],[4,52],[53,3]],
"argumentInstanceEdges":[[1,10],[2,12],[1,30],[2,32],[1,34],[2,35],[1,48],[2,49]],
"controlHeadEdges":[[5,9],[13,20],[21,29],[36,46],[50,52]],
"controlBodyEdges":[[33,21],[47,36],[53,50]],
"controlEdges":[],
"controlArgumentEdges":[[9,10],[9,12],[29,30],[29,32],[34,33],[35,33],[48,47],[49,47]],
"subTermEdges":[[7,6],[8,6],[15,14],[16,14],[14,17],[16,18],[19,18],[23,22],[24,22],[26,25],[22,25],[16,27],[26,27],[27,28],[38,37],[39,37],[37,40],[41,40],[43,42],[16,42],[42,44],[16,45],[41,45]],
"guardEdges":[[6,5],[17,13],[18,13],[25,21],[28,21],[40,36],[44,36],[45,36],[51,50]],
"dataEdges":[[10,11],[12,7],[30,31],[32,26],[23,34],[24,35],[39,48],[38,49]],
"predicateInstanceHeadEdges":[],
"predicateInstanceBodyEdges":[],
"controlArgumentHeadEdges":[],
"controlArgumentBodyEdges":[],
"guardConstantEdges":[],
"guardOperatorEdges":[],
"guardScEdges":[],
"dataConstantEdges":[],
"dataOperatorEdges":[],
"dataScEdges":[],
"subTermConstantOperatorEdges":[],
"subTermOperatorOperatorEdges":[],
"subTermScOperatorEdges":[],
"dummyFiled":[]
}