{
"nodeIds":[0,1,2,3,4,5,6,7,8,9,10,11,12,13,14,15,16,17,18,19,20,21,22,23,24,25,26,27,28,29,30,31,32,33,34,35,36,37,38,39,40,41,42,43,44,45,46,47,48,49,50,51,52,53,54,55,56,57,58,59,60,61,62,63,64,65,66,67,68,69,70,71,72,73,74,75,76,77,78,79,80,81,82,83,84,85,86,87,88,89,90,91,92,93,94,95,96,97,98,99,100,101,102,103,104,105,106,107,108,109,110,111,112,113,114,115,116,117,118,119,120,121,122,123,124,125,126,127,128,129,130,131],
"nodeSymbolList":["dummy","Initial","CONTROL_0","predicateArgument_0","predicateArgument_1","predicateArgument_2","predicateArgument_3","predicateArgument_4","predicateArgument_5","predicateArgument_6","CONTROL_1","predicateArgument_7","predicateArgument_8","predicateArgument_9","predicateArgument_10","predicateArgument_11","predicateArgument_12","predicateArgument_13","11","10","-","-","+","-",">=","=",">=","guard_0","=","guard_1","CONTROL_2","predicateArgument_14","predicateArgument_15","predicateArgument_16","predicateArgument_17","predicateArgument_18","predicateArgument_19","predicateArgument_20","+","1","+","=","!",">=",">=","-","+","+","=","5","guard_2","true","guard_3","CONTROL_3","predicateArgument_21","predicateArgument_22","predicateArgument_23","predicateArgument_24","predicateArgument_25","predicateArgument_26","predicateArgument_27","+","+","=",">=","*","-","+","+","+","=",">=","guard_4","=","guard_5","CONTROL_4","predicateArgument_28","predicateArgument_29","predicateArgument_30","predicateArgument_31","predicateArgument_32","predicateArgument_33","predicateArgument_34","+","+","+","=","!","-","+","+","=","*","-","+","+","+","=",">=",">=","guard_6","guard_7","CONTROL_5","predicateArgument_35","predicateArgument_36","predicateArgument_37","predicateArgument_38","predicateArgument_39","predicateArgument_40","predicateArgument_41","+","*","-","+","+","+","=","+","=",">=",">=","guard_8","guard_9","0","=","guard_10","FALSE","=","!",">=",">=","guard_11"],
"falseIndices":[126],
"initialIndices":[1],
"argumentIndices":[3,4,5,6,7,8,9,11,12,13,14,15,16,17,31,32,33,34,35,36,37,54,55,56,57,58,59,60,76,77,78,79,80,81,82,103,104,105,106,107,108,109],
"argumentBoundList":[["None","None"],["None","None"],["None","None"],["None","None"],["None","None"],["None","None"],["None","None"],["None","None"],["None","None"],["None","None"],["None","None"],["None","None"],["None","None"],["None","None"],["None","None"],["None","None"],["None","None"],["None","None"],["None","None"],["None","None"],["None","None"],["None","None"],["None","None"],["None","None"],["None","None"],["None","None"],["None","None"],["None","None"],["None","None"],["None","None"],["None","None"],["None","None"],["None","None"],["None","None"],["None","None"],["None","None"],["None","None"],["None","None"],["None","None"],["None","None"],["None","None"],["None","None"]],
"argumentBinaryOccurrenceList":[0,0,0,0,0,0,0,0,0,0,0,0,0,0,0,0,0,0,0,0,0,0,0,0,0,0,0,0,0,0,0,0,0,0,0,0,0,0,0,0,0,0],
"argumentOccurrence":[0,0,0,0,0,0,0,0,0,0,0,0,0,0,0,0,0,0,0,0,0,0,0,0,0,0,0,0,0,0,0,0,0,0,0,0,0,0,0,0,0,0],
"templateIndices":[],
"templateRelevanceLabel":[],
"templateCostLabel":[],
"clauseIndices":[],
"guardIndices":[27,29,50,52,72,74,100,101,121,122,125,131],
"clauseBinaryOccurrenceInCounterExampleList":[0,0,0,0,1,1,1,1,0,0,1,1],
"predictedLabel":[],
"controlLocationIndices":[2,10,30,53,75,102],
"binaryAdjacentList":[[2,2],[3,2],[3,24],[3,26],[3,43],[3,44],[3,64],[3,71],[3,98],[3,99],[3,119],[3,120],[3,129],[3,130],[4,2],[4,68],[4,95],[4,115],[4,124],[5,2],[5,24],[5,43],[5,65],[5,71],[5,92],[5,99],[5,111],[5,119],[5,129],[6,2],[6,66],[6,93],[6,112],[6,127],[7,2],[7,28],[7,41],[7,44],[7,73],[7,86],[7,98],[7,120],[7,130],[8,2],[8,47],[8,90],[8,124],[9,2],[9,45],[9,88],[9,127],[10,10],[11,10],[12,10],[13,10],[14,10],[15,10],[15,25],[16,10],[16,21],[17,10],[17,20],[18,26],[18,41],[18,64],[18,86],[19,25],[19,28],[19,63],[19,73],[20,22],[21,22],[22,23],[24,27],[25,27],[26,27],[28,29],[30,30],[31,30],[32,30],[33,30],[34,30],[35,30],[35,38],[36,30],[36,40],[37,30],[37,40],[37,46],[39,38],[39,61],[39,83],[39,84],[39,110],[41,42],[42,50],[43,50],[44,50],[45,46],[46,47],[47,48],[48,50],[49,48],[49,65],[49,70],[49,91],[49,92],[49,97],[49,111],[49,116],[49,118],[51,52],[51,101],[51,122],[53,53],[54,53],[55,53],[56,53],[56,61],[57,53],[57,69],[58,53],[58,63],[59,53],[59,62],[60,53],[60,62],[63,72],[64,72],[65,67],[66,67],[67,68],[68,69],[69,70],[70,72],[71,72],[73,74],[75,75],[76,75],[77,75],[78,75],[78,83],[79,75],[79,96],[80,75],[80,84],[81,75],[81,85],[82,75],[82,85],[82,89],[86,87],[87,100],[88,89],[89,90],[90,91],[91,100],[92,94],[93,94],[94,95],[95,96],[96,97],[97,100],[98,100],[99,100],[102,102],[103,102],[104,102],[104,117],[105,102],[105,110],[106,102],[106,113],[107,102],[108,102],[109,102],[111,114],[112,113],[113,114],[114,115],[114,117],[115,116],[116,121],[117,118],[118,121],[119,121],[120,121],[124,125],[127,128],[128,131],[129,131],[130,131]],
"ternaryAdjacencyList":[[10,27,2],[11,27,3],[12,27,4],[13,27,5],[14,27,6],[18,27,7],[19,27,8],[23,27,9],[2,29,10],[3,29,11],[4,29,12],[5,29,13],[6,29,14],[19,29,15],[8,29,16],[9,29,17],[30,50,2],[31,50,3],[32,50,4],[33,50,5],[34,50,6],[38,50,7],[40,50,9],[2,52,30],[3,52,31],[4,52,32],[5,52,33],[6,52,34],[7,52,35],[8,52,36],[9,52,37],[53,72,2],[54,72,3],[55,72,4],[61,72,5],[18,72,7],[19,72,8],[62,72,9],[2,74,53],[3,74,54],[4,74,55],[5,74,56],[6,74,57],[19,74,58],[8,74,59],[9,74,60],[75,100,2],[76,100,3],[77,100,4],[83,100,5],[84,100,7],[85,100,9],[2,101,75],[3,101,76],[4,101,77],[5,101,78],[6,101,79],[7,101,80],[8,101,81],[9,101,82],[102,121,2],[103,121,3],[110,121,5],[107,121,7],[108,121,8],[109,121,9],[2,122,102],[3,122,103],[4,122,104],[5,122,105],[6,122,106],[7,122,107],[8,122,108],[9,122,109],[1,125,2],[123,125,5],[123,125,6],[123,125,7],[123,125,9],[2,131,126]],
"unknownEdges":[],
"argumentIDList":[0,1,2,3,4,5,6,7,8,9,10,11,12,13,14,15,16,17,18,19,20,21,22,23,24,25,26,27,28,29,30,31,32,33,34,35,36,37,38,39,40,41],
"argumentNameList":["INV1:argument0","INV1:argument1","INV1:argument2","INV1:argument3","INV1:argument4","INV1:argument5","INV1:argument6","INV1_0_1:argument0","INV1_0_1:argument1","INV1_0_1:argument2","INV1_0_1:argument3","INV1_0_1:argument4","INV1_0_1:argument5","INV1_0_1:argument6","INV1_1_1:argument0","INV1_1_1:argument1","INV1_1_1:argument2","INV1_1_1:argument3","INV1_1_1:argument4","INV1_1_1:argument5","INV1_1_1:argument6","INV1_2_1:argument0","INV1_2_1:argument1","INV1_2_1:argument2","INV1_2_1:argument3","INV1_2_1:argument4","INV1_2_1:argument5","INV1_2_1:argument6","INV1_3_1:argument0","INV1_3_1:argument1","INV1_3_1:argument2","INV1_3_1:argument3","INV1_3_1:argument4","INV1_3_1:argument5","INV1_3_1:argument6","INV1_4_1:argument0","INV1_4_1:argument1","INV1_4_1:argument2","INV1_4_1:argument3","INV1_4_1:argument4","INV1_4_1:argument5","INV1_4_1:argument6"],
"predicateIndices":[2,10,30,53,75,102],
"predicateOccurrenceInClause":[12,2,2,2,2,2],
"predicateStrongConnectedComponent":[1,1,1,1,1,1],
"argumentEdges":[[3,2],[4,2],[5,2],[6,2],[7,2],[8,2],[9,2],[11,10],[12,10],[13,10],[14,10],[15,10],[16,10],[17,10],[31,30],[32,30],[33,30],[34,30],[35,30],[36,30],[37,30],[54,53],[55,53],[56,53],[57,53],[58,53],[59,53],[60,53],[76,75],[77,75],[78,75],[79,75],[80,75],[81,75],[82,75],[103,102],[104,102],[105,102],[106,102],[107,102],[108,102],[109,102]],
"guardASTEdges":[[24,27],[25,27],[26,27],[28,29],[42,50],[43,50],[44,50],[48,50],[51,52],[63,72],[64,72],[70,72],[71,72],[73,74],[87,100],[91,100],[97,100],[98,100],[99,100],[51,101],[116,121],[118,121],[119,121],[120,121],[51,122],[124,125],[128,131],[129,131],[130,131]],
"ASTEdges":[],
"AST_1Edges":[[17,20],[20,22],[22,23],[5,24],[15,25],[3,26],[7,28],[39,38],[36,40],[7,41],[41,42],[5,43],[3,44],[9,45],[45,46],[8,47],[47,48],[39,61],[60,62],[58,63],[3,64],[5,65],[65,67],[4,68],[57,69],[69,70],[3,71],[7,73],[39,83],[39,84],[81,85],[7,86],[86,87],[9,88],[88,89],[8,90],[90,91],[5,92],[92,94],[4,95],[79,96],[96,97],[3,98],[3,99],[39,110],[5,111],[6,112],[112,113],[111,114],[4,115],[115,116],[104,117],[117,118],[3,119],[7,120],[8,124],[6,127],[127,128],[5,129],[7,130]],
"AST_2Edges":[[16,21],[21,22],[3,24],[19,25],[18,26],[19,28],[35,38],[37,40],[18,41],[3,43],[7,44],[37,46],[46,47],[49,48],[56,61],[59,62],[19,63],[18,64],[49,65],[6,66],[66,67],[67,68],[68,69],[49,70],[5,71],[19,73],[78,83],[80,84],[82,85],[18,86],[82,89],[89,90],[49,91],[49,92],[6,93],[93,94],[94,95],[95,96],[49,97],[7,98],[5,99],[105,110],[49,111],[106,113],[113,114],[114,115],[49,116],[114,117],[49,118],[5,119],[3,120],[4,124],[9,127],[3,129],[3,130]],
"templateASTEdges":[],
"templateEdges":[],
"verifHintTplPredEdges":[],
"verifHintTplPredPosNegEdges":[],
"verifHintTplEqTermEdges":[],
"verifHintTplInEqTermEdges":[],
"verifHintTplInEqTermPosNegEdges":[],
"dataFlowASTEdges":[],
"controlFlowHyperEdges":[[10,27,2],[2,29,10],[30,50,2],[2,52,30],[53,72,2],[2,74,53],[75,100,2],[2,101,75],[102,121,2],[2,122,102],[1,125,2],[2,131,126]],
"dataFlowHyperEdges":[[11,27,3],[12,27,4],[13,27,5],[14,27,6],[18,27,7],[19,27,8],[23,27,9],[3,29,11],[4,29,12],[5,29,13],[6,29,14],[19,29,15],[8,29,16],[9,29,17],[31,50,3],[32,50,4],[33,50,5],[34,50,6],[38,50,7],[40,50,9],[3,52,31],[4,52,32],[5,52,33],[6,52,34],[7,52,35],[8,52,36],[9,52,37],[54,72,3],[55,72,4],[61,72,5],[18,72,7],[19,72,8],[62,72,9],[3,74,54],[4,74,55],[5,74,56],[6,74,57],[19,74,58],[8,74,59],[9,74,60],[76,100,3],[77,100,4],[83,100,5],[84,100,7],[85,100,9],[3,101,76],[4,101,77],[5,101,78],[6,101,79],[7,101,80],[8,101,81],[9,101,82],[103,121,3],[110,121,5],[107,121,7],[108,121,8],[109,121,9],[3,122,103],[4,122,104],[5,122,105],[6,122,106],[7,122,107],[8,122,108],[9,122,109],[123,125,5],[123,125,6],[123,125,7],[123,125,9]],
"controlLocationEdgeForSCC":[],
"predicateTransitiveEdges":[[10,10],[75,75],[102,102],[30,30],[2,2],[53,53]],
"dummyFiled":[]
}