{
"nodeIds":[0,1,2,3,4,5,6,7,8,9,10,11,12,13,14,15,16,17,18,19,20,21,22,23,24,25,26,27,28,29,30,31,32,33,34,35,36,37,38,39,40,41,42,43,44,45,46,47,48,49,50],
"nodeSymbolList":["dummy","Initial","CONTROL_0","predicateArgument_0","predicateArgument_1","CONTROL_1","predicateArgument_2","0",">=","guard_0","CONTROL_2","predicateArgument_3","+","-1",">=","1","guard_1","true","guard_2","CONTROL_3","predicateArgument_4","predicateArgument_5","+",">=","2","guard_3","=","guard_4","+","-2","guard_5","CONTROL_4","predicateArgument_6","predicateArgument_7","predicateArgument_8","+","guard_6","+","guard_7",">=","2147483647",">=","-2147483648","guard_8","FALSE","=","3","!","=","5","guard_9"],
"falseIndices":[44],
"initialIndices":[1],
"argumentIndices":[3,4,6,11,20,21,32,33,34],
"argumentBoundList":[[1,1],[1,0],[1,1],[1,1],[1,1],[1,0],[1,1],[1,0],[1,0]],
"argumentBinaryOccurrenceList":[0,0,0,0,0,0,0,0,0],
"argumentOccurrence":[0,0,0,0,0,0,0,0,0],
"templateIndices":[],
"templateRelevanceLabel":[],
"templateCostLabel":[],
"clauseIndices":[],
"guardIndices":[9,16,18,25,27,30,36,38,43,50],
"clauseBinaryOccurrenceInCounterExampleList":[0,0,0,0,0,0,0,0,0,0],
"predictedLabel":[],
"controlLocationIndices":[2,5,10,19,31],
"binaryAdjacentList":[[2,2],[3,2],[3,8],[3,22],[3,35],[3,48],[4,2],[4,45],[5,5],[6,5],[6,14],[6,26],[6,39],[6,41],[7,8],[8,9],[10,10],[11,10],[11,12],[13,12],[14,16],[15,14],[15,22],[15,26],[17,18],[17,30],[17,36],[17,38],[19,19],[20,19],[20,23],[20,28],[21,19],[23,25],[24,23],[24,35],[26,27],[29,28],[31,31],[32,31],[33,31],[33,37],[34,31],[34,37],[39,43],[40,39],[41,43],[42,41],[45,47],[46,45],[47,50],[48,50],[49,48]],
"ternaryAdjacencyList":[[5,9,2],[6,9,3],[7,9,4],[10,16,5],[12,16,6],[5,18,10],[6,18,11],[5,25,19],[2,25,19],[22,25,20],[6,25,20],[4,25,21],[5,27,2],[15,27,3],[15,27,4],[19,30,5],[28,30,6],[19,36,31],[2,36,31],[35,36,32],[20,36,32],[21,36,33],[4,36,34],[31,38,2],[32,38,3],[37,38,4],[1,43,5],[2,50,44]],
"unknownEdges":[],
"argumentIDList":[0,1,7,8,2,3,4,5,6],
"argumentNameList":["<Main: int fibonacci(int)>_Block0:argument0","<Main: int fibonacci(int)>_Block0:argument1","<Main: int fibonacci(int)>_pre:argument0","<Main: int fibonacci(int)>_pre_1_1:argument0","<Main: int fibonacci(int)>_Block4_2:argument0","<Main: int fibonacci(int)>_Block4_2:argument1","<Main: int fibonacci(int)>_Block7_2:argument0","<Main: int fibonacci(int)>_Block7_2:argument1","<Main: int fibonacci(int)>_Block7_2:argument2"],
"predicateIndices":[2,5,10,19,31],
"predicateOccurrenceInClause":[6,7,2,3,2],
"predicateStrongConnectedComponent":[1,1,1,1,1],
"argumentEdges":[[3,2],[4,2],[6,5],[11,10],[20,19],[21,19],[32,31],[33,31],[34,31]],
"guardASTEdges":[[8,9],[14,16],[17,18],[23,25],[26,27],[17,30],[17,36],[17,38],[39,43],[41,43],[47,50],[48,50]],
"ASTEdges":[],
"AST_1Edges":[[7,8],[13,12],[6,14],[15,22],[20,23],[6,26],[29,28],[24,35],[34,37],[40,39],[6,41],[4,45],[45,47],[3,48]],
"AST_2Edges":[[3,8],[11,12],[15,14],[3,22],[24,23],[15,26],[20,28],[3,35],[33,37],[6,39],[42,41],[46,45],[49,48]],
"templateASTEdges":[],
"templateEdges":[],
"verifHintTplPredEdges":[],
"verifHintTplPredPosNegEdges":[],
"verifHintTplEqTermEdges":[],
"verifHintTplInEqTermEdges":[],
"verifHintTplInEqTermPosNegEdges":[],
"dataFlowASTEdges":[],
"controlFlowHyperEdges":[[5,9,2],[10,16,5],[5,18,10],[5,25,19],[2,25,19],[5,27,2],[19,30,5],[19,36,31],[2,36,31],[31,38,2],[1,43,5],[2,50,44]],
"dataFlowHyperEdges":[[6,9,3],[7,9,4],[12,16,6],[6,18,11],[22,25,20],[6,25,20],[4,25,21],[15,27,3],[15,27,4],[28,30,6],[35,36,32],[20,36,32],[21,36,33],[4,36,34],[32,38,3],[37,38,4]],
"controlLocationEdgeForSCC":[],
"predicateTransitiveEdges":[[5,5],[10,10],[31,31],[19,19],[2,2]],
"dummyFiled":[]
}