{
"nodeIds":[0,1,2,3,4,5,6,7,8,9,10,11,12,13,14,15,16,17,18,19,20,21,22,23,24,25,26,27,28,29,30,31,32,33,34,35,36,37,38,39,40,41,42,43,44,45,46,47,48,49,50,51,52,53,54,55,56,57,58,59,60,61,62,63,64,65,66,67,68,69,70,71,72,73,74,75,76,77,78,79,80,81,82,83,84,85,86,87,88,89,90,91,92,93,94,95,96,97,98,99,100,101,102,103,104,105,106,107,108,109,110,111,112,113,114,115,116,117,118,119,120,121,122,123,124,125,126,127,128,129,130,131,132,133,134,135,136,137,138,139,140,141,142,143,144,145,146,147,148,149,150,151,152,153,154,155,156,157,158,159,160,161,162,163,164,165,166,167,168,169,170,171,172,173,174,175,176,177,178,179,180,181,182,183,184,185,186,187,188,189,190,191,192,193,194,195,196,197,198,199,200,201,202,203,204,205,206,207,208,209,210,211,212,213,214,215,216,217,218,219,220,221,222,223,224,225,226,227,228,229,230,231,232,233,234,235,236,237,238,239,240,241,242,243,244,245,246,247,248,249,250,251,252,253,254,255,256,257,258,259,260,261,262,263,264,265,266,267,268,269,270,271,272,273],
"nodeSymbolList":["predicateName_0","predicateArgument_0","predicateName_1","predicateName_2","predicateName_3","FALSE","clause_0","=","symbolicConstant_0","0","!","=","symbolicConstant_1","!","=","symbolicConstant_2","!","=","symbolicConstant_3","!","=","symbolicConstant_4","clauseHead_0","clauseArgument_0","clause_1","=","symbolicConstant_5","!","=","symbolicConstant_6","!","=","symbolicConstant_7","!","=","symbolicConstant_8","!","=","symbolicConstant_9","!","=","symbolicConstant_10","!","clauseHead_1","clauseArgument_1","clause_2","=","symbolicConstant_11","!","=","symbolicConstant_12","!","=","symbolicConstant_13","!","=","symbolicConstant_14","!","clauseHead_2","clause_3","=","symbolicConstant_15","!","=","symbolicConstant_16","!","clauseHead_3","clause_4","=","symbolicConstant_17","!","=","symbolicConstant_18","2","!","=","symbolicConstant_19","!","=","symbolicConstant_20","!","=","symbolicConstant_21","3","!","=","symbolicConstant_22","!","=","symbolicConstant_23","!","=","symbolicConstant_24","!","clauseHead_4","clause_5","=","symbolicConstant_25","!","=","symbolicConstant_26","!","=","symbolicConstant_27","1","!","=","symbolicConstant_28","!","=","symbolicConstant_29","!","=","symbolicConstant_30","!","=","symbolicConstant_31","!","=","symbolicConstant_32","!","=","symbolicConstant_33","!","=","symbolicConstant_34","!","clauseHead_5","clause_6","=","symbolicConstant_35","!","=","symbolicConstant_36","!","=","symbolicConstant_37","!","=","symbolicConstant_38","!","clauseHead_6","clauseArgument_2","symbolicConstant_39","clauseBody_0","clauseArgument_3","clause_7","=","symbolicConstant_40","!","=","symbolicConstant_41","!","=","symbolicConstant_42","!","=","symbolicConstant_43","!","clauseHead_7","clauseBody_1","clauseArgument_4","clause_8","=","symbolicConstant_44","!","=","symbolicConstant_45","!","clauseHead_8","clauseBody_2","clauseArgument_5","clause_9","=","symbolicConstant_46","!","=","symbolicConstant_47","!","=","symbolicConstant_48","!","=","symbolicConstant_49","!","=","symbolicConstant_50","!","=","symbolicConstant_51","!","=","symbolicConstant_52","!","=","symbolicConstant_53","!","clauseHead_9","clauseBody_3","clauseArgument_6","clause_10","=","symbolicConstant_54","!","=","symbolicConstant_55","!","=","symbolicConstant_56","!","=","symbolicConstant_57","!","=","symbolicConstant_58","!","=","symbolicConstant_59","!","=","symbolicConstant_60","!","=","symbolicConstant_61","!","=","symbolicConstant_62","!","=","symbolicConstant_63","!","clauseHead_10","clauseBody_4","clauseArgument_7","clause_11","true","clauseHead_11","clauseBody_5","clause_12","=","symbolicConstant_64","!","=","symbolicConstant_65","!","=","symbolicConstant_66","!","=","symbolicConstant_67","!","clauseHead_12","clauseBody_6","clause_13","clauseHead_13","clauseBody_7","clause_14","=","symbolicConstant_68","!","=","symbolicConstant_69","!","=","symbolicConstant_70","!","=","symbolicConstant_71","!","clauseHead_14","clauseBody_8","clause_15","clauseHead_15","clauseBody_9"],
"falseIndices":[5],
"initialIndices":[],
"argumentIndices":[1],
"argumentBoundList":[["None","None"]],
"argumentBinaryOccurrenceList":[0],
"argumentOccurrence":[0],
"templateIndices":[],
"templateRelevanceLabel":[],
"templateCostLabel":[],
"clauseIndices":[6,24,45,59,67,95,128,146,162,172,200,234,238,253,256,271],
"guardIndices":[],
"clauseBinaryOccurrenceInCounterExampleList":[1,1,1,1,1,1,0,1,1,1,1,0,1,0,1,1],
"predictedLabel":[],
"controlLocationIndices":[],
"binaryAdjacentList":[[0,1],[0,22],[0,43],[0,141],[1,23],[1,44],[1,142],[1,145],[1,161],[1,171],[1,199],[1,233],[2,58],[2,159],[2,236],[3,66],[3,169],[3,254],[4,94],[4,127],[4,197],[4,231],[4,251],[4,269],[5,272],[6,22],[7,10],[8,7],[9,7],[9,11],[9,14],[9,17],[9,20],[9,25],[9,28],[9,31],[9,34],[9,37],[9,40],[9,46],[9,49],[9,52],[9,55],[9,60],[9,63],[9,68],[9,75],[9,78],[9,85],[9,88],[9,91],[9,96],[9,99],[9,106],[9,112],[9,115],[9,118],[9,121],[9,124],[9,129],[9,132],[9,135],[9,138],[9,147],[9,150],[9,153],[9,156],[9,163],[9,166],[9,171],[9,173],[9,179],[9,182],[9,188],[9,191],[9,194],[9,199],[9,201],[9,207],[9,210],[9,213],[9,219],[9,222],[9,225],[9,228],[9,242],[9,248],[9,260],[9,266],[10,6],[11,13],[12,11],[13,6],[14,16],[15,14],[16,6],[17,19],[18,17],[19,6],[20,6],[21,20],[22,23],[23,21],[24,43],[25,27],[26,25],[27,24],[28,30],[29,28],[30,24],[31,33],[32,31],[33,24],[34,36],[35,34],[36,24],[37,39],[38,37],[39,24],[40,42],[41,40],[42,24],[43,44],[44,29],[45,58],[46,48],[47,46],[48,45],[49,51],[50,49],[51,45],[52,54],[53,52],[54,45],[55,57],[56,55],[57,45],[59,66],[60,62],[61,60],[62,59],[63,65],[64,63],[65,59],[67,94],[68,70],[69,68],[70,67],[71,74],[72,71],[73,71],[73,185],[73,263],[74,67],[75,77],[76,75],[77,67],[78,80],[79,78],[80,67],[81,84],[82,81],[83,81],[83,109],[83,176],[83,204],[83,239],[83,257],[84,67],[85,87],[86,85],[87,67],[88,90],[89,88],[90,67],[91,93],[92,91],[93,67],[95,127],[96,98],[97,96],[98,95],[99,101],[100,99],[101,95],[102,105],[103,102],[104,102],[104,216],[104,245],[105,95],[106,108],[107,106],[108,95],[109,111],[110,109],[111,95],[112,114],[113,112],[114,95],[115,117],[116,115],[117,95],[118,120],[119,118],[120,95],[121,123],[122,121],[123,95],[124,126],[125,124],[126,95],[128,141],[129,131],[130,129],[131,128],[132,134],[133,132],[134,128],[135,137],[136,135],[137,128],[138,140],[139,138],[140,128],[141,142],[142,143],[143,145],[144,0],[144,128],[145,144],[146,159],[147,149],[148,147],[149,146],[150,152],[151,150],[151,161],[152,146],[153,155],[154,153],[155,146],[156,158],[157,156],[158,146],[160,0],[160,146],[161,160],[162,169],[163,165],[164,163],[165,162],[166,168],[167,166],[168,162],[170,0],[170,162],[171,170],[172,197],[173,175],[174,173],[175,172],[176,178],[177,176],[178,172],[179,181],[180,179],[181,172],[182,184],[183,182],[184,172],[185,187],[186,185],[187,172],[188,190],[189,188],[190,172],[191,193],[192,191],[193,172],[194,196],[195,194],[196,172],[198,0],[198,172],[199,198],[200,231],[201,203],[202,201],[203,200],[204,206],[205,204],[206,200],[207,209],[208,207],[209,200],[210,212],[211,210],[212,200],[213,215],[214,213],[215,200],[216,218],[217,216],[218,200],[219,221],[220,219],[221,200],[222,224],[223,222],[223,233],[224,200],[225,227],[226,225],[227,200],[228,230],[229,228],[230,200],[232,0],[232,200],[233,232],[234,236],[235,234],[235,253],[235,271],[237,2],[237,234],[238,251],[239,241],[240,239],[241,238],[242,244],[243,242],[244,238],[245,247],[246,245],[247,238],[248,250],[249,248],[250,238],[252,2],[252,238],[253,254],[255,3],[255,253],[256,269],[257,259],[258,257],[259,256],[260,262],[261,260],[262,256],[263,265],[264,263],[265,256],[266,268],[267,266],[268,256],[270,3],[270,256],[271,272],[273,4],[273,271]],
"ternaryAdjacencyList":[],
"unknownEdges":[],
"argumentIDList":[0],
"argumentNameList":["main_1_1:argument0"],
"predicateIndices":[0,2,3,4],
"predicateOccurrenceInClause":[8,5,5,7],
"predicateStrongConnectedComponent":[1,1,1,0],
"predicateArgumentEdges":[[0,1]],
"predicateInstanceEdges":[[0,22],[0,43],[2,58],[3,66],[4,94],[4,127],[0,141],[144,0],[2,159],[160,0],[3,169],[170,0],[4,197],[198,0],[4,231],[232,0],[2,236],[237,2],[4,251],[252,2],[3,254],[255,3],[4,269],[270,3],[5,272],[273,4]],
"argumentInstanceEdges":[[1,23],[1,44],[1,142],[1,145],[1,161],[1,171],[1,199],[1,233]],
"controlHeadEdges":[[6,22],[24,43],[45,58],[59,66],[67,94],[95,127],[128,141],[146,159],[162,169],[172,197],[200,231],[234,236],[238,251],[253,254],[256,269],[271,272]],
"controlBodyEdges":[[144,128],[160,146],[170,162],[198,172],[232,200],[237,234],[252,238],[255,253],[270,256],[273,271]],
"controlEdges":[],
"controlArgumentEdges":[[22,23],[43,44],[141,142],[145,144],[161,160],[171,170],[199,198],[233,232]],
"subTermEdges":[[8,7],[9,7],[7,10],[12,11],[9,11],[11,13],[15,14],[9,14],[14,16],[18,17],[9,17],[17,19],[21,20],[9,20],[26,25],[9,25],[25,27],[29,28],[9,28],[28,30],[32,31],[9,31],[31,33],[35,34],[9,34],[34,36],[38,37],[9,37],[37,39],[41,40],[9,40],[40,42],[47,46],[9,46],[46,48],[50,49],[9,49],[49,51],[53,52],[9,52],[52,54],[56,55],[9,55],[55,57],[61,60],[9,60],[60,62],[64,63],[9,63],[63,65],[69,68],[9,68],[68,70],[72,71],[73,71],[71,74],[76,75],[9,75],[75,77],[79,78],[9,78],[78,80],[82,81],[83,81],[81,84],[86,85],[9,85],[85,87],[89,88],[9,88],[88,90],[92,91],[9,91],[91,93],[97,96],[9,96],[96,98],[100,99],[9,99],[99,101],[103,102],[104,102],[102,105],[107,106],[9,106],[106,108],[110,109],[83,109],[109,111],[113,112],[9,112],[112,114],[116,115],[9,115],[115,117],[119,118],[9,118],[118,120],[122,121],[9,121],[121,123],[125,124],[9,124],[124,126],[130,129],[9,129],[129,131],[133,132],[9,132],[132,134],[136,135],[9,135],[135,137],[139,138],[9,138],[138,140],[148,147],[9,147],[147,149],[151,150],[9,150],[150,152],[154,153],[9,153],[153,155],[157,156],[9,156],[156,158],[164,163],[9,163],[163,165],[167,166],[9,166],[166,168],[174,173],[9,173],[173,175],[177,176],[83,176],[176,178],[180,179],[9,179],[179,181],[183,182],[9,182],[182,184],[186,185],[73,185],[185,187],[189,188],[9,188],[188,190],[192,191],[9,191],[191,193],[195,194],[9,194],[194,196],[202,201],[9,201],[201,203],[205,204],[83,204],[204,206],[208,207],[9,207],[207,209],[211,210],[9,210],[210,212],[214,213],[9,213],[213,215],[217,216],[104,216],[216,218],[220,219],[9,219],[219,221],[223,222],[9,222],[222,224],[226,225],[9,225],[225,227],[229,228],[9,228],[228,230],[240,239],[83,239],[239,241],[243,242],[9,242],[242,244],[246,245],[104,245],[245,247],[249,248],[9,248],[248,250],[258,257],[83,257],[257,259],[261,260],[9,260],[260,262],[264,263],[73,263],[263,265],[267,266],[9,266],[266,268]],
"guardEdges":[[10,6],[13,6],[16,6],[19,6],[20,6],[27,24],[30,24],[33,24],[36,24],[39,24],[42,24],[48,45],[51,45],[54,45],[57,45],[62,59],[65,59],[70,67],[74,67],[77,67],[80,67],[84,67],[87,67],[90,67],[93,67],[98,95],[101,95],[105,95],[108,95],[111,95],[114,95],[117,95],[120,95],[123,95],[126,95],[131,128],[134,128],[137,128],[140,128],[149,146],[152,146],[155,146],[158,146],[165,162],[168,162],[175,172],[178,172],[181,172],[184,172],[187,172],[190,172],[193,172],[196,172],[203,200],[206,200],[209,200],[212,200],[215,200],[218,200],[221,200],[224,200],[227,200],[230,200],[235,234],[241,238],[244,238],[247,238],[250,238],[235,253],[259,256],[262,256],[265,256],[268,256],[235,271]],
"dataEdges":[[23,21],[44,29],[142,143],[143,145],[151,161],[9,171],[9,199],[223,233]],
"predicateInstanceHeadEdges":[],
"predicateInstanceBodyEdges":[],
"controlArgumentHeadEdges":[],
"controlArgumentBodyEdges":[],
"guardConstantEdges":[],
"guardOperatorEdges":[],
"guardScEdges":[],
"dataConstantEdges":[],
"dataOperatorEdges":[],
"dataScEdges":[],
"subTermConstantOperatorEdges":[],
"subTermOperatorOperatorEdges":[],
"subTermScOperatorEdges":[],
"dummyFiled":[]
}