{
"nodeIds":[0,1,2,3,4,5,6,7,8,9,10,11,12,13,14,15,16,17,18,19,20,21,22,23,24,25,26,27,28,29,30,31,32,33,34,35,36,37,38,39,40,41,42,43,44,45,46,47,48,49,50,51,52,53,54,55,56,57,58,59,60,61,62,63,64,65,66,67,68,69,70,71,72,73,74,75,76,77,78,79,80,81,82,83,84,85,86,87,88,89,90,91,92,93,94,95,96,97,98,99,100,101,102,103,104,105,106,107,108,109,110,111,112,113,114,115,116,117,118,119,120,121,122,123,124,125,126,127,128,129,130,131,132,133,134,135,136,137,138,139,140,141,142,143,144,145,146,147,148,149,150,151,152,153,154,155,156,157,158,159,160,161,162,163,164,165,166,167,168,169,170,171,172,173,174,175,176,177,178,179,180,181,182,183,184,185,186,187,188,189,190,191,192,193,194,195,196,197,198,199,200,201,202,203,204,205,206,207,208,209,210,211,212,213,214,215,216,217,218,219,220,221,222,223,224,225,226,227,228,229,230,231,232,233,234,235,236,237,238,239,240,241,242,243,244,245,246,247,248,249,250,251,252,253,254,255,256,257,258,259,260,261,262,263,264,265,266,267,268,269,270,271,272,273,274,275,276,277,278,279,280,281,282,283,284,285,286,287,288,289,290,291,292,293,294,295,296,297,298,299,300,301,302,303,304,305,306,307,308,309,310,311,312,313,314,315,316,317,318,319,320,321,322,323,324,325,326,327,328,329,330,331,332,333,334,335,336,337,338,339,340,341,342,343,344,345,346,347,348,349,350,351,352,353,354,355,356,357,358,359,360,361,362,363,364,365,366,367,368,369,370,371,372,373,374,375,376,377,378],
"nodeSymbolList":["dummy","Initial","CONTROL_0","predicateArgument_0","predicateArgument_1","predicateArgument_2","predicateArgument_3","CONTROL_1","predicateArgument_4","predicateArgument_5","predicateArgument_6","predicateArgument_7","CONTROL_2","predicateArgument_8","predicateArgument_9","predicateArgument_10","predicateArgument_11","=","-276","!","=","0","!","-","+",">=","2","=","=","=","guard_0","CONTROL_3","predicateArgument_12","predicateArgument_13","predicateArgument_14","predicateArgument_15","=","!","=","!","=","!","=","guard_1","CONTROL_4","predicateArgument_16","predicateArgument_17","predicateArgument_18","predicateArgument_19","CONTROL_5","predicateArgument_20","predicateArgument_21","predicateArgument_22","predicateArgument_23","predicateArgument_24","predicateArgument_25","=","!","=","!","=","!","=","=","=","guard_2","=","!","=","!","=","!","=","=","guard_3","CONTROL_6","predicateArgument_26","predicateArgument_27","predicateArgument_28","predicateArgument_29","predicateArgument_30","predicateArgument_31","=","!","guard_4","=","!","=","!","=","!","-","+",">=","7","=","guard_5","CONTROL_7","predicateArgument_32","predicateArgument_33","predicateArgument_34","predicateArgument_35","predicateArgument_36","predicateArgument_37","predicateArgument_38","=","!","=","!","guard_6","CONTROL_8","predicateArgument_39","predicateArgument_40","predicateArgument_41","predicateArgument_42","predicateArgument_43","predicateArgument_44","predicateArgument_45","=","!","guard_7","CONTROL_9","predicateArgument_46","predicateArgument_47","predicateArgument_48","predicateArgument_49","predicateArgument_50","predicateArgument_51","=","!","guard_8","=","!","=","!","=","!","=","!","-","+",">=","=","guard_9","=","!","=","!","=","!","=","=","guard_10","=","!","=","!","=","!","-","+",">=","=","guard_11","=","!","=","!","=","!","-","+",">=","=","guard_12","CONTROL_10","predicateArgument_52","predicateArgument_53","predicateArgument_54","predicateArgument_55","=","!","=","!","=","!","-","+",">=","4","=","=","=","=","guard_13","CONTROL_11","predicateArgument_56","predicateArgument_57","predicateArgument_58","-","-","true","guard_14","guard_15","CONTROL_12","predicateArgument_59","predicateArgument_60","predicateArgument_61","predicateArgument_62","=","!","=","!","=","!","-","+",">=","=","=","=","=","guard_16","CONTROL_13","predicateArgument_63","predicateArgument_64","predicateArgument_65","predicateArgument_66","predicateArgument_67","-","-","=","!","=","1","=","guard_17","-","-","=","!","guard_18","=","!","guard_19","=","!","guard_20","-","-","=","!","guard_21","guard_22","CONTROL_14","predicateArgument_68","predicateArgument_69","predicateArgument_70","predicateArgument_71","=","!","=","!","=","!","-","+",">=","=","=","=","=","guard_23","CONTROL_15","predicateArgument_72","predicateArgument_73","predicateArgument_74","predicateArgument_75","predicateArgument_76","CONTROL_16","predicateArgument_77","predicateArgument_78","predicateArgument_79","predicateArgument_80","predicateArgument_81","=","!","guard_24","CONTROL_17","predicateArgument_82","predicateArgument_83","predicateArgument_84","predicateArgument_85","predicateArgument_86","=","!","guard_25","=","!","=","!","guard_26","=","!","guard_27","=","!","=","guard_28","=","!","=","!","guard_29","=","!","=","!","guard_30","=","!","=","!","=","guard_31","=","!","=","!","guard_32","=","!","=","!","guard_33","CONTROL_18","predicateArgument_87","predicateArgument_88","predicateArgument_89","predicateArgument_90","predicateArgument_91","predicateArgument_92","-","-","=","=","guard_34","=","guard_35","=","guard_36","-","-","=","!","=","guard_37","=","guard_38","-","-","=","!","=","!","=","!","=","guard_39","FALSE","=","!","=",">=","6134","=","=","=","guard_40"],
"falseIndices":[369],
"initialIndices":[1],
"argumentIndices":[3,4,5,6,8,9,10,11,13,14,15,16,32,33,34,35,45,46,47,48,50,51,52,53,54,55,76,77,78,79,80,81,98,99,100,101,102,103,104,111,112,113,114,115,116,117,122,123,124,125,126,127,176,177,178,179,196,197,198,205,206,207,208,224,225,226,227,228,255,256,257,258,274,275,276,277,278,280,281,282,283,284,289,290,291,292,293,336,337,338,339,340,341],
"argumentBoundList":[[0,0],[0,0],[0,0],[0,0],[0,0],[0,0],[0,0],[0,0],[0,0],[0,0],[0,0],[0,0],[0,0],[0,0],[0,0],[0,0],[0,0],[0,0],[0,0],[0,0],[0,0],[0,0],[0,0],[0,0],[0,0],[0,0],[0,0],[0,0],[0,0],[0,0],[0,0],[0,0],[0,0],[0,0],[0,0],[0,0],[0,0],[0,0],[0,0],[0,0],[0,0],[0,0],[0,0],[0,0],[0,0],[0,0],[0,0],[0,0],[0,0],[0,0],[0,0],[0,0],[0,0],[0,0],[0,0],[0,0],[0,0],[0,0],[0,0],[0,0],[0,0],[0,0],[0,0],[0,0],[0,0],[0,0],[0,0],[0,0],[0,0],[0,0],[0,0],[0,0],[0,0],[0,0],[0,0],[0,0],[0,0],[0,0],[0,0],[0,0],[0,0],[0,0],[0,0],[0,0],[0,0],[0,0],[0,0],[0,0],[0,0],[0,0],[0,0],[0,0],[0,0]],
"argumentBinaryOccurrenceList":[0,0,0,0,0,0,0,0,0,0,0,0,0,0,0,0,0,0,0,0,0,0,0,0,0,0,0,0,0,0,0,0,0,0,0,0,0,0,0,0,0,0,0,0,0,0,0,0,0,0,0,0,0,0,0,0,0,0,0,0,0,0,0,0,0,0,0,0,0,0,0,0,0,0,0,0,0,0,0,0,0,0,0,0,0,0,0,0,0,0,0,0,0],
"argumentOccurrence":[0,0,0,0,0,0,0,0,0,0,0,0,0,0,0,0,0,0,0,0,0,0,0,0,0,0,0,0,0,0,0,0,0,0,0,0,0,0,0,0,0,0,0,0,0,0,0,0,0,0,0,0,0,0,0,0,0,0,0,0,0,0,0,0,0,0,0,0,0,0,0,0,0,0,0,0,0,0,0,0,0,0,0,0,0,0,0,0,0,0,0,0,0],
"templateIndices":[],
"templateRelevanceLabel":[],
"templateCostLabel":[],
"clauseIndices":[],
"guardIndices":[30,43,65,74,84,96,109,120,130,143,152,163,174,194,202,203,222,236,241,244,247,252,253,272,287,296,301,304,308,313,318,324,329,334,346,348,350,356,358,368,378],
"clauseBinaryOccurrenceInCounterExampleList":[0,0,0,0,0,0,0,0,0,0,0,0,0,0,0,0,0,0,0,0,0,0,0,0,0,0,0,0,0,0,0,0,0,0,0,0,0,0,0,0,0],
"predictedLabel":[],
"controlLocationIndices":[2,7,12,31,44,49,75,97,110,121,175,195,204,223,254,273,279,288,335],
"binaryAdjacentList":[[3,2],[3,23],[4,2],[4,28],[5,2],[6,2],[6,24],[6,27],[8,7],[9,7],[10,7],[10,36],[10,38],[11,7],[11,40],[13,12],[13,17],[13,20],[13,56],[13,60],[13,180],[13,182],[13,209],[13,211],[13,250],[13,259],[13,261],[14,12],[14,27],[14,62],[14,191],[14,218],[14,268],[15,12],[15,28],[15,63],[15,190],[15,219],[15,269],[16,12],[16,29],[16,64],[16,193],[16,221],[16,271],[17,19],[18,17],[18,36],[18,56],[18,66],[18,85],[18,131],[18,144],[18,153],[18,164],[18,180],[18,209],[18,259],[19,30],[20,22],[21,20],[21,38],[21,40],[21,58],[21,60],[21,68],[21,70],[21,82],[21,87],[21,89],[21,105],[21,107],[21,118],[21,128],[21,133],[21,135],[21,137],[21,146],[21,148],[21,155],[21,157],[21,166],[21,168],[21,182],[21,184],[21,211],[21,213],[21,231],[21,239],[21,242],[21,250],[21,261],[21,263],[21,285],[21,294],[21,297],[21,299],[21,302],[21,305],[21,309],[21,311],[21,314],[21,316],[21,319],[21,321],[21,325],[21,327],[21,330],[21,332],[21,353],[21,361],[21,363],[21,365],[21,370],[21,375],[21,376],[22,30],[23,24],[24,25],[25,30],[26,25],[26,141],[26,161],[26,172],[26,217],[26,267],[27,30],[28,30],[29,30],[32,31],[32,231],[33,31],[34,31],[35,31],[35,42],[35,73],[35,95],[35,142],[35,151],[35,162],[35,173],[35,192],[35,220],[35,270],[36,37],[37,43],[38,39],[39,43],[40,41],[41,43],[42,43],[45,44],[45,62],[46,44],[46,63],[47,44],[48,44],[50,49],[50,72],[51,49],[52,49],[52,58],[53,49],[53,66],[53,68],[53,82],[54,49],[54,70],[55,49],[55,72],[56,57],[57,65],[58,59],[59,65],[60,61],[61,65],[62,65],[63,65],[64,65],[66,67],[67,74],[68,69],[69,74],[70,71],[71,74],[72,74],[73,74],[76,75],[76,87],[76,91],[77,75],[78,75],[79,75],[79,85],[79,89],[80,75],[80,105],[81,75],[81,92],[82,83],[83,84],[85,86],[86,96],[87,88],[88,96],[89,90],[90,96],[91,92],[92,93],[93,96],[94,93],[95,96],[98,97],[98,170],[99,97],[100,97],[101,97],[101,164],[101,166],[102,97],[102,168],[103,97],[103,107],[103,118],[104,97],[104,171],[105,106],[106,109],[107,108],[108,109],[111,110],[111,159],[112,110],[113,110],[114,110],[114,153],[114,155],[115,110],[115,157],[116,110],[116,128],[117,110],[117,160],[118,119],[119,120],[122,121],[122,139],[122,150],[123,121],[124,121],[124,133],[125,121],[125,131],[125,135],[125,144],[125,146],[126,121],[126,137],[126,148],[127,121],[127,140],[127,150],[128,129],[129,130],[131,132],[132,143],[133,134],[134,143],[135,136],[136,143],[137,138],[138,143],[139,140],[140,141],[141,143],[142,143],[144,145],[145,152],[146,147],[147,152],[148,149],[149,152],[150,152],[151,152],[153,154],[154,163],[155,156],[156,163],[157,158],[158,163],[159,160],[160,161],[161,163],[162,163],[164,165],[165,174],[166,167],[167,174],[168,169],[169,174],[170,171],[171,172],[172,174],[173,174],[176,175],[176,186],[177,175],[177,190],[178,175],[178,184],[179,175],[179,187],[179,191],[180,181],[181,194],[182,183],[183,194],[184,185],[185,194],[186,187],[187,188],[188,194],[189,188],[190,194],[191,194],[192,194],[193,194],[196,195],[197,195],[198,195],[198,345],[199,200],[201,202],[201,203],[201,253],[205,204],[205,215],[206,204],[206,219],[207,204],[207,213],[208,204],[208,216],[208,218],[209,210],[210,222],[211,212],[212,222],[213,214],[214,222],[215,216],[216,217],[217,222],[218,222],[219,222],[220,222],[221,222],[224,223],[224,239],[225,223],[226,223],[227,223],[227,233],[227,242],[227,245],[228,223],[228,235],[229,230],[231,232],[232,236],[233,236],[234,233],[234,245],[234,372],[235,236],[237,238],[239,240],[240,241],[242,243],[243,244],[245,246],[246,247],[248,249],[250,251],[251,252],[255,254],[255,265],[256,254],[256,269],[257,254],[257,263],[258,254],[258,266],[258,268],[259,260],[260,272],[261,262],[262,272],[263,264],[264,272],[265,266],[266,267],[267,272],[268,272],[269,272],[270,272],[271,272],[274,273],[274,305],[274,309],[274,314],[274,319],[274,325],[274,330],[274,365],[275,273],[275,307],[275,323],[276,273],[277,273],[277,285],[277,311],[277,316],[277,321],[277,327],[277,332],[277,363],[278,273],[278,307],[278,323],[280,279],[281,279],[282,279],[283,279],[283,294],[283,302],[284,279],[285,286],[286,287],[289,288],[289,297],[290,288],[291,288],[292,288],[292,299],[293,288],[294,295],[295,296],[297,298],[298,301],[299,300],[300,301],[302,303],[303,304],[305,306],[306,308],[307,308],[309,310],[310,313],[311,312],[312,313],[314,315],[315,318],[316,317],[317,318],[319,320],[320,324],[321,322],[322,324],[323,324],[325,326],[326,329],[327,328],[328,329],[330,331],[331,334],[332,333],[333,334],[336,335],[336,373],[337,335],[337,344],[337,347],[337,349],[337,355],[337,357],[337,367],[337,375],[338,335],[338,361],[338,372],[339,335],[339,353],[339,376],[340,335],[340,344],[340,347],[340,349],[340,355],[340,357],[340,367],[340,370],[341,335],[341,377],[342,343],[344,346],[345,346],[347,348],[349,350],[351,352],[353,354],[354,356],[355,356],[357,358],[359,360],[361,362],[362,368],[363,364],[364,368],[365,366],[366,368],[367,368],[370,371],[371,378],[372,378],[373,378],[374,373],[375,378],[376,378],[377,378]],
"ternaryAdjacencyList":[[7,30,2],[12,30,2],[15,30,4],[11,30,5],[14,30,6],[31,43,7],[34,43,8],[33,43,9],[32,43,10],[49,65,44],[12,65,44],[14,65,45],[15,65,46],[54,65,47],[55,65,48],[31,74,49],[33,74,50],[34,74,51],[32,74,53],[75,84,49],[76,84,50],[77,84,51],[78,84,52],[79,84,53],[80,84,54],[81,84,55],[31,96,75],[34,96,77],[32,96,79],[33,96,81],[97,109,75],[98,109,76],[99,109,77],[100,109,78],[101,109,79],[102,109,80],[104,109,81],[110,120,97],[111,120,98],[112,120,99],[113,120,100],[114,120,101],[115,120,102],[116,120,103],[117,120,104],[121,130,110],[122,130,111],[123,130,112],[124,130,113],[125,130,114],[126,130,115],[127,130,117],[31,143,121],[34,143,123],[32,143,125],[33,143,127],[31,152,121],[33,152,122],[34,152,123],[32,152,125],[31,163,110],[34,163,112],[32,163,114],[33,163,117],[31,174,97],[34,174,99],[32,174,101],[33,174,104],[31,194,175],[12,194,175],[15,194,177],[14,194,179],[1,202,195],[200,202,198],[1,203,195],[31,222,204],[12,222,204],[15,222,206],[14,222,208],[223,236,31],[224,236,32],[225,236,33],[226,236,34],[230,236,35],[1,241,223],[21,241,227],[238,241,228],[1,244,223],[223,247,31],[224,247,32],[225,247,33],[226,247,34],[228,247,35],[1,252,12],[249,252,16],[1,253,12],[31,272,254],[12,272,254],[15,272,256],[14,272,258],[279,287,273],[280,287,274],[281,287,275],[282,287,276],[283,287,277],[284,287,278],[288,296,279],[289,296,280],[290,296,281],[291,296,282],[292,296,283],[293,296,284],[175,301,288],[178,301,289],[176,301,290],[177,301,291],[179,301,293],[288,304,279],[289,304,280],[290,304,281],[291,304,282],[292,304,283],[293,304,284],[1,308,273],[254,313,273],[257,313,274],[255,313,275],[256,313,276],[258,313,278],[204,318,273],[207,318,274],[205,318,275],[206,318,276],[208,318,278],[1,324,273],[44,329,273],[47,329,274],[45,329,275],[46,329,276],[48,329,278],[2,334,273],[5,334,274],[3,334,275],[4,334,276],[6,334,278],[195,346,335],[196,346,336],[197,346,337],[343,346,341],[1,348,335],[1,350,335],[21,350,339],[1,356,335],[352,356,341],[1,358,335],[21,358,338],[273,368,335],[275,368,336],[276,368,337],[360,368,341],[335,378,369]],
"unknownEdges":[],
"argumentIDList":[73,74,75,76,50,51,52,53,25,26,27,28,16,17,18,19,77,78,79,80,54,55,56,57,58,59,60,61,62,63,64,65,66,67,68,69,70,71,72,0,1,2,3,4,5,6,7,8,9,10,11,12,81,82,83,84,13,14,15,85,86,87,88,20,21,22,23,24,89,90,91,92,29,30,31,32,33,34,35,36,37,38,39,40,41,42,43,44,45,46,47,48,49],
"argumentNameList":["Proc24:argument0","Proc24:argument1","Proc24:argument2","Proc24:argument3","P!!6:argument0","P!!6:argument1","P!!6:argument2","P!!6:argument3","P!!31:argument0","P!!31:argument1","P!!31:argument2","P!!31:argument3","P!!29:argument0","P!!29:argument1","P!!29:argument2","P!!29:argument3","Proc29:argument0","Proc29:argument1","Proc29:argument2","Proc29:argument3","P!!7:argument0","P!!7:argument1","P!!7:argument2","P!!7:argument3","P!!7:argument4","P!!7:argument5","P!!8:argument0","P!!8:argument1","P!!8:argument2","P!!8:argument3","P!!8:argument4","P!!8:argument5","P!!9:argument0","P!!9:argument1","P!!9:argument2","P!!9:argument3","P!!9:argument4","P!!9:argument5","P!!9:argument6","P!!10:argument0","P!!10:argument1","P!!10:argument2","P!!10:argument3","P!!10:argument4","P!!10:argument5","P!!10:argument6","P!!11:argument0","P!!11:argument1","P!!11:argument2","P!!11:argument3","P!!11:argument4","P!!11:argument5","Proc35:argument0","Proc35:argument1","Proc35:argument2","Proc35:argument3","P!!27:argument0","P!!27:argument1","P!!27:argument2","Proc37:argument0","Proc37:argument1","Proc37:argument2","Proc37:argument3","P!!30:argument0","P!!30:argument1","P!!30:argument2","P!!30:argument3","P!!30:argument4","Proc47:argument0","Proc47:argument1","Proc47:argument2","Proc47:argument3","P!!37:argument0","P!!37:argument1","P!!37:argument2","P!!37:argument3","P!!37:argument4","P!!38:argument0","P!!38:argument1","P!!38:argument2","P!!38:argument3","P!!38:argument4","P!!39:argument0","P!!39:argument1","P!!39:argument2","P!!39:argument3","P!!39:argument4","P!!41:argument0","P!!41:argument1","P!!41:argument2","P!!41:argument3","P!!41:argument4","P!!41:argument5"],
"predicateIndices":[2,7,12,31,44,49,75,97,110,121,175,195,204,223,254,273,279,288,335],
"predicateOccurrenceInClause":[2,2,7,12,2,3,3,3,3,3,2,3,2,4,2,8,3,3,7],
"predicateStrongConnectedComponent":[0,0,0,0,0,0,0,0,0,0,0,0,0,0,0,0,0,0,0],
"argumentEdges":[[3,2],[4,2],[5,2],[6,2],[8,7],[9,7],[10,7],[11,7],[13,12],[14,12],[15,12],[16,12],[32,31],[33,31],[34,31],[35,31],[45,44],[46,44],[47,44],[48,44],[50,49],[51,49],[52,49],[53,49],[54,49],[55,49],[76,75],[77,75],[78,75],[79,75],[80,75],[81,75],[98,97],[99,97],[100,97],[101,97],[102,97],[103,97],[104,97],[111,110],[112,110],[113,110],[114,110],[115,110],[116,110],[117,110],[122,121],[123,121],[124,121],[125,121],[126,121],[127,121],[176,175],[177,175],[178,175],[179,175],[196,195],[197,195],[198,195],[205,204],[206,204],[207,204],[208,204],[224,223],[225,223],[226,223],[227,223],[228,223],[255,254],[256,254],[257,254],[258,254],[274,273],[275,273],[276,273],[277,273],[278,273],[280,279],[281,279],[282,279],[283,279],[284,279],[289,288],[290,288],[291,288],[292,288],[293,288],[336,335],[337,335],[338,335],[339,335],[340,335],[341,335]],
"guardASTEdges":[[19,30],[22,30],[25,30],[27,30],[28,30],[29,30],[37,43],[39,43],[41,43],[42,43],[57,65],[59,65],[61,65],[62,65],[63,65],[64,65],[67,74],[69,74],[71,74],[72,74],[73,74],[83,84],[86,96],[88,96],[90,96],[93,96],[95,96],[106,109],[108,109],[119,120],[129,130],[132,143],[134,143],[136,143],[138,143],[141,143],[142,143],[145,152],[147,152],[149,152],[150,152],[151,152],[154,163],[156,163],[158,163],[161,163],[162,163],[165,174],[167,174],[169,174],[172,174],[173,174],[181,194],[183,194],[185,194],[188,194],[190,194],[191,194],[192,194],[193,194],[201,202],[201,203],[210,222],[212,222],[214,222],[217,222],[218,222],[219,222],[220,222],[221,222],[232,236],[233,236],[235,236],[240,241],[243,244],[246,247],[251,252],[201,253],[260,272],[262,272],[264,272],[267,272],[268,272],[269,272],[270,272],[271,272],[286,287],[295,296],[298,301],[300,301],[303,304],[306,308],[307,308],[310,313],[312,313],[315,318],[317,318],[320,324],[322,324],[323,324],[326,329],[328,329],[331,334],[333,334],[344,346],[345,346],[347,348],[349,350],[354,356],[355,356],[357,358],[362,368],[364,368],[366,368],[367,368],[371,378],[372,378],[373,378],[375,378],[376,378],[377,378]],
"ASTEdges":[],
"AST_1Edges":[[13,17],[17,19],[13,20],[20,22],[6,24],[24,25],[14,27],[15,28],[16,29],[10,36],[36,37],[10,38],[38,39],[11,40],[40,41],[35,42],[13,56],[56,57],[52,58],[58,59],[13,60],[60,61],[14,62],[15,63],[16,64],[53,66],[66,67],[53,68],[68,69],[54,70],[70,71],[55,72],[35,73],[53,82],[82,83],[79,85],[85,86],[76,87],[87,88],[79,89],[89,90],[81,92],[92,93],[35,95],[80,105],[105,106],[103,107],[107,108],[103,118],[118,119],[116,128],[128,129],[125,131],[131,132],[124,133],[133,134],[125,135],[135,136],[126,137],[137,138],[127,140],[140,141],[35,142],[125,144],[144,145],[125,146],[146,147],[126,148],[148,149],[127,150],[35,151],[114,153],[153,154],[114,155],[155,156],[115,157],[157,158],[117,160],[160,161],[35,162],[101,164],[164,165],[101,166],[166,167],[102,168],[168,169],[104,171],[171,172],[35,173],[13,180],[180,181],[13,182],[182,183],[178,184],[184,185],[179,187],[187,188],[15,190],[14,191],[35,192],[16,193],[199,200],[13,209],[209,210],[13,211],[211,212],[207,213],[213,214],[208,216],[216,217],[14,218],[15,219],[35,220],[16,221],[229,230],[32,231],[231,232],[227,233],[228,235],[237,238],[224,239],[239,240],[227,242],[242,243],[227,245],[245,246],[248,249],[13,250],[250,251],[13,259],[259,260],[13,261],[261,262],[257,263],[263,264],[258,266],[266,267],[14,268],[15,269],[35,270],[16,271],[277,285],[285,286],[283,294],[294,295],[289,297],[297,298],[292,299],[299,300],[283,302],[302,303],[274,305],[305,306],[278,307],[274,309],[309,310],[277,311],[311,312],[274,314],[314,315],[277,316],[316,317],[274,319],[319,320],[277,321],[321,322],[278,323],[274,325],[325,326],[277,327],[327,328],[274,330],[330,331],[277,332],[332,333],[342,343],[340,344],[198,345],[340,347],[340,349],[351,352],[339,353],[353,354],[340,355],[340,357],[359,360],[338,361],[361,362],[277,363],[363,364],[274,365],[365,366],[340,367],[340,370],[370,371],[338,372],[336,373],[337,375],[339,376],[341,377]],
"AST_2Edges":[[18,17],[21,20],[3,23],[23,24],[26,25],[6,27],[4,28],[18,36],[21,38],[21,40],[18,56],[21,58],[21,60],[45,62],[46,63],[18,66],[21,68],[21,70],[50,72],[21,82],[18,85],[21,87],[21,89],[76,91],[91,92],[94,93],[21,105],[21,107],[21,118],[21,128],[18,131],[21,133],[21,135],[21,137],[122,139],[139,140],[26,141],[18,144],[21,146],[21,148],[122,150],[18,153],[21,155],[21,157],[111,159],[159,160],[26,161],[18,164],[21,166],[21,168],[98,170],[170,171],[26,172],[18,180],[21,182],[21,184],[176,186],[186,187],[189,188],[177,190],[179,191],[18,209],[21,211],[21,213],[205,215],[215,216],[26,217],[208,218],[206,219],[21,231],[234,233],[21,239],[21,242],[234,245],[21,250],[18,259],[21,261],[21,263],[255,265],[265,266],[26,267],[258,268],[256,269],[21,285],[21,294],[21,297],[21,299],[21,302],[21,305],[275,307],[21,309],[21,311],[21,314],[21,316],[21,319],[21,321],[275,323],[21,325],[21,327],[21,330],[21,332],[337,344],[337,347],[337,349],[21,353],[337,355],[337,357],[21,361],[21,363],[21,365],[337,367],[21,370],[234,372],[374,373],[21,375],[21,376]],
"templateASTEdges":[],
"templateEdges":[],
"verifHintTplPredEdges":[],
"verifHintTplPredPosNegEdges":[],
"verifHintTplEqTermEdges":[],
"verifHintTplInEqTermEdges":[],
"verifHintTplInEqTermPosNegEdges":[],
"dataFlowASTEdges":[],
"controlFlowHyperEdges":[[7,30,2],[12,30,2],[31,43,7],[49,65,44],[12,65,44],[31,74,49],[75,84,49],[31,96,75],[97,109,75],[110,120,97],[121,130,110],[31,143,121],[31,152,121],[31,163,110],[31,174,97],[31,194,175],[12,194,175],[1,202,195],[1,203,195],[31,222,204],[12,222,204],[223,236,31],[1,241,223],[1,244,223],[223,247,31],[1,252,12],[1,253,12],[31,272,254],[12,272,254],[279,287,273],[288,296,279],[175,301,288],[288,304,279],[1,308,273],[254,313,273],[204,318,273],[1,324,273],[44,329,273],[2,334,273],[195,346,335],[1,348,335],[1,350,335],[1,356,335],[1,358,335],[273,368,335],[335,378,369]],
"dataFlowHyperEdges":[[15,30,4],[11,30,5],[14,30,6],[34,43,8],[33,43,9],[32,43,10],[14,65,45],[15,65,46],[54,65,47],[55,65,48],[33,74,50],[34,74,51],[32,74,53],[76,84,50],[77,84,51],[78,84,52],[79,84,53],[80,84,54],[81,84,55],[34,96,77],[32,96,79],[33,96,81],[98,109,76],[99,109,77],[100,109,78],[101,109,79],[102,109,80],[104,109,81],[111,120,98],[112,120,99],[113,120,100],[114,120,101],[115,120,102],[116,120,103],[117,120,104],[122,130,111],[123,130,112],[124,130,113],[125,130,114],[126,130,115],[127,130,117],[34,143,123],[32,143,125],[33,143,127],[33,152,122],[34,152,123],[32,152,125],[34,163,112],[32,163,114],[33,163,117],[34,174,99],[32,174,101],[33,174,104],[15,194,177],[14,194,179],[200,202,198],[15,222,206],[14,222,208],[224,236,32],[225,236,33],[226,236,34],[230,236,35],[21,241,227],[238,241,228],[224,247,32],[225,247,33],[226,247,34],[228,247,35],[249,252,16],[15,272,256],[14,272,258],[280,287,274],[281,287,275],[282,287,276],[283,287,277],[284,287,278],[289,296,280],[290,296,281],[291,296,282],[292,296,283],[293,296,284],[178,301,289],[176,301,290],[177,301,291],[179,301,293],[289,304,280],[290,304,281],[291,304,282],[292,304,283],[293,304,284],[257,313,274],[255,313,275],[256,313,276],[258,313,278],[207,318,274],[205,318,275],[206,318,276],[208,318,278],[47,329,274],[45,329,275],[46,329,276],[48,329,278],[5,334,274],[3,334,275],[4,334,276],[6,334,278],[196,346,336],[197,346,337],[343,346,341],[21,350,339],[352,356,341],[21,358,338],[275,368,336],[276,368,337],[360,368,341]],
"controlLocationEdgeForSCC":[],
"predicateTransitiveEdges":[],
"dummyFiled":[]
}