{
"nodeIds":[0,1,2,3,4,5,6,7,8,9,10,11,12,13,14,15,16,17,18,19,20,21,22,23,24,25,26,27,28,29,30,31,32,33,34,35,36,37,38,39,40,41,42,43,44,45,46],
"nodeSymbolList":["Initial","CONTROL_0","predicateArgument_0","predicateArgument_1","CONTROL_1","predicateArgument_2","predicateArgument_3","+","1",">=","3",">=",">=","0","guard_0","+",">=",">=",">=","guard_1","+",">=",">=",">=","guard_2","CONTROL_2","predicateArgument_4",">=","guard_3",">=","guard_4",">=","guard_5",">=","4","guard_6",">=","guard_7",">=","guard_8","FALSE","-","+",">=","2",">=","guard_9"],
"falseIndices":[40],
"initialIndices":[0],
"argumentIndices":[2,3,5,6,26],
"argumentBoundList":[[1,0],[1,1],[1,0],[1,1],[1,0]],
"argumentBinaryOccurrenceList":[0,0,0,0,0],
"argumentOccurrence":[0,0,0,0,0],
"templateIndices":[],
"templateRelevanceLabel":[],
"templateCostLabel":[],
"clauseIndices":[],
"guardIndices":[14,19,24,28,30,32,35,37,39,46],
"clauseBinaryOccurrenceInCounterExampleList":[0,0,0,0,0,0,0,0,0,0],
"controlLocationIndices":[1,4,25],
"binaryAdjacentList":[[2,1],[2,11],[2,12],[2,17],[2,18],[2,22],[2,23],[2,41],[2,45],[3,1],[3,9],[3,11],[3,16],[3,17],[3,21],[3,22],[3,42],[5,4],[5,27],[5,29],[5,31],[6,4],[6,7],[6,15],[6,20],[8,7],[8,15],[8,20],[9,14],[10,9],[10,16],[10,21],[10,27],[10,29],[10,31],[11,14],[12,14],[13,12],[13,18],[13,23],[13,45],[16,19],[17,19],[18,19],[21,24],[22,24],[23,24],[26,25],[26,33],[26,36],[26,38],[27,28],[29,30],[31,32],[33,35],[34,33],[34,36],[34,38],[36,37],[38,39],[41,42],[42,43],[43,46],[44,43],[45,46]],
"ternaryAdjacencyList":[[4,14,1],[5,14,2],[7,14,3],[4,19,1],[5,19,2],[15,19,3],[4,24,1],[5,24,2],[20,24,3],[25,28,4],[26,28,5],[10,28,6],[25,30,4],[26,30,5],[10,30,6],[25,32,4],[26,32,5],[10,32,6],[0,35,25],[0,37,25],[0,39,25],[1,46,40]],
"unknownEdges":[],
"argumentIDList":[3,4,0,1,2],
"argumentNameList":["predh40_3:argument0","predh40_3:argument1","predh40_16:argument0","predh40_16:argument1","predh40_27:argument0"],
"predicateIndices":[1,4,25],
"predicateOccurrenceInClause":[4,6,6],
"predicateStrongConnectedComponent":[0,0,0],
"argumentEdges":[[2,1],[3,1],[5,4],[6,4],[26,25]],
"guardASTEdges":[[9,14],[11,14],[12,14],[16,19],[17,19],[18,19],[21,24],[22,24],[23,24],[27,28],[29,30],[31,32],[33,35],[36,37],[38,39],[43,46],[45,46]],
"ASTEdges":[],
"AST_1Edges":[[8,7],[3,9],[2,11],[2,12],[8,15],[3,16],[2,17],[2,18],[8,20],[3,21],[2,22],[2,23],[5,27],[5,29],[5,31],[26,33],[26,36],[26,38],[2,41],[41,42],[42,43],[2,45]],
"AST_2Edges":[[6,7],[10,9],[3,11],[13,12],[6,15],[10,16],[3,17],[13,18],[6,20],[10,21],[3,22],[13,23],[10,27],[10,29],[10,31],[34,33],[34,36],[34,38],[3,42],[44,43],[13,45]],
"templateASTEdges":[],
"templateEdges":[],
"verifHintTplPredEdges":[],
"verifHintTplPredPosNegEdges":[],
"verifHintTplEqTermEdges":[],
"verifHintTplInEqTermEdges":[],
"verifHintTplInEqTermPosNegEdges":[],
"dataFlowASTEdges":[],
"controlFlowHyperEdges":[[4,14,1],[4,19,1],[4,24,1],[25,28,4],[25,30,4],[25,32,4],[0,35,25],[0,37,25],[0,39,25],[1,46,40]],
"dataFlowHyperEdges":[[5,14,2],[7,14,3],[5,19,2],[15,19,3],[5,24,2],[20,24,3],[26,28,5],[10,28,6],[26,30,5],[10,30,6],[26,32,5],[10,32,6]],
"controlLocationEdgeForSCC":[],
"predicateTransitiveEdges":[],
"dummyFiled":[]
}