{
"nodeIds":[0,1,2,3,4,5,6,7,8,9,10,11,12,13,14,15,16,17,18,19,20,21,22,23,24,25,26,27,28,29,30,31,32,33,34,35,36,37,38,39,40,41,42,43,44,45,46,47,48,49,50,51,52,53,54,55,56,57,58,59,60,61,62,63,64,65,66,67,68,69,70,71,72,73,74,75,76,77,78,79,80,81,82,83,84,85,86,87,88,89,90,91,92,93,94,95,96,97,98,99,100,101,102,103,104,105,106,107,108,109,110,111,112,113,114,115,116,117,118,119,120,121,122,123,124,125,126,127,128,129,130,131,132,133,134,135,136,137,138,139,140,141,142,143,144,145,146,147,148,149,150,151,152,153,154,155,156,157,158,159,160,161,162,163,164,165,166,167,168,169,170,171,172,173,174,175,176,177,178,179,180,181,182,183,184,185,186,187,188,189,190,191,192,193,194,195,196,197,198,199,200,201,202,203,204,205,206,207,208,209,210,211,212,213,214,215,216,217,218,219,220,221,222,223,224,225,226,227,228,229,230,231,232,233,234,235,236,237,238,239,240,241,242,243,244,245,246,247,248,249,250,251,252,253,254,255,256,257,258,259,260,261,262,263,264,265,266,267,268,269,270,271,272,273,274,275,276,277,278,279,280,281,282,283,284,285,286,287,288,289,290,291,292,293,294,295,296,297,298,299,300,301,302,303,304,305,306,307,308,309,310,311,312,313,314,315,316,317,318,319,320,321,322],
"nodeSymbolList":["dummy","Initial","CONTROL_0","predicateArgument_0","predicateArgument_1","2","88","true","guard_0","CONTROL_1","predicateArgument_2","predicateArgument_3","3","120","=","=","guard_1","CONTROL_2","predicateArgument_4","predicateArgument_5","CONTROL_3","predicateArgument_6","predicateArgument_7","=","=","=","=","guard_2","=","=","guard_3","CONTROL_4","predicateArgument_8","predicateArgument_9","=","=","guard_4","CONTROL_5","predicateArgument_10","predicateArgument_11","=","=","0","guard_5","=","!","=","guard_6","CONTROL_6","predicateArgument_12","predicateArgument_13","=","=","guard_7","=","guard_8","CONTROL_7","predicateArgument_14","predicateArgument_15","=","!","=","guard_9","guard_10","=","=","guard_11","CONTROL_8","predicateArgument_16","predicateArgument_17","CONTROL_9","predicateArgument_18","predicateArgument_19","predicateArgument_20","=","=","=","guard_12","=","!","=","guard_13","CONTROL_10","predicateArgument_21","predicateArgument_22","=","!","=","guard_14","=","=","guard_15","=","!","=","guard_16","=","!","=","!","guard_17","=","=","guard_18","=","!","=","guard_19","CONTROL_11","predicateArgument_23","predicateArgument_24","=","=","guard_20","guard_21","1","494","=","guard_22","+","=","!","guard_23","CONTROL_12","predicateArgument_25","predicateArgument_26","predicateArgument_27","predicateArgument_28","=","=","=","guard_24","+","-1","=","!","-","+","=","=","guard_25","CONTROL_13","predicateArgument_29","predicateArgument_30","predicateArgument_31","predicateArgument_32","CONTROL_14","predicateArgument_33","predicateArgument_34","predicateArgument_35","predicateArgument_36","=","guard_26","guard_27","guard_28","+","675","guard_29","CONTROL_15","predicateArgument_37","predicateArgument_38","predicateArgument_39","predicateArgument_40","predicateArgument_41","+","-","+","=","=","guard_30","CONTROL_16","predicateArgument_42","predicateArgument_43","predicateArgument_44","=","guard_31","CONTROL_17","predicateArgument_45","predicateArgument_46","predicateArgument_47","CONTROL_18","predicateArgument_48","predicateArgument_49","predicateArgument_50","+","+","guard_32","guard_33","guard_34","CONTROL_19","predicateArgument_51","predicateArgument_52","predicateArgument_53","predicateArgument_54","predicateArgument_55","=","!","=","=","guard_35","CONTROL_20","predicateArgument_56","predicateArgument_57","predicateArgument_58","predicateArgument_59","predicateArgument_60","predicateArgument_61","predicateArgument_62","=","!","=","guard_36","261","guard_37","guard_38","=","guard_39","CONTROL_21","predicateArgument_63","predicateArgument_64","predicateArgument_65","predicateArgument_66","CONTROL_22","predicateArgument_67","predicateArgument_68","predicateArgument_69","predicateArgument_70","predicateArgument_71","predicateArgument_72","predicateArgument_73","=","!","=","=","guard_40","=","=","guard_41","+","968","guard_42","CONTROL_23","predicateArgument_74","predicateArgument_75","predicateArgument_76","predicateArgument_77","+","=","guard_43","=","guard_44","CONTROL_24","predicateArgument_78","predicateArgument_79","predicateArgument_80","=","!","=","=","guard_45","CONTROL_25","predicateArgument_81","predicateArgument_82","predicateArgument_83","predicateArgument_84","predicateArgument_85","=","=","guard_46","=","=","guard_47","=","!","=","guard_48","CONTROL_26","predicateArgument_86","predicateArgument_87","=","guard_49","guard_50","CONTROL_27","predicateArgument_88","predicateArgument_89","=","!","=","=","guard_51","=","!","=","guard_52","=","!","=","=","=","guard_53","=","!","=","!","=","=","guard_54","guard_55","CONTROL_28","=","guard_56","=","!","guard_57","=","!",">=","2147483647",">=","-2147483648","guard_58","FALSE","guard_59"],
"falseIndices":[321],
"initialIndices":[1],
"argumentIndices":[3,4,10,11,18,19,21,22,32,33,38,39,49,50,57,58,68,69,71,72,73,83,84,109,110,124,125,126,127,142,143,144,145,147,148,149,150,159,160,161,162,163,171,172,173,177,178,179,181,182,183,190,191,192,193,194,201,202,203,204,205,206,207,218,219,220,221,223,224,225,226,227,228,229,242,243,244,245,252,253,254,261,262,263,264,265,277,278,283,284],
"argumentBoundList":[[1,1],[1,1],[1,1],[1,1],[1,1],[1,1],[1,1],[1,1],[1,1],[1,1],[1,1],[1,1],[1,1],[1,1],[0,0],[1,1],[1,1],[1,1],[1,1],[1,1],[1,1],[1,1],[0,0],[1,1],[1,1],[1,1],[1,1],[0,0],[1,1],[1,1],[1,1],[0,0],[1,1],[0,0],[0,0],[0,0],[0,0],[1,1],[1,1],[0,0],[1,1],[1,1],[1,1],[1,1],[1,1],[1,1],[1,1],[1,1],[0,0],[0,0],[1,1],[1,1],[1,1],[0,0],[1,1],[1,1],[1,1],[1,1],[1,1],[1,1],[1,1],[1,1],[1,1],[1,1],[1,1],[0,0],[1,1],[0,0],[0,0],[0,0],[1,1],[0,0],[0,0],[0,0],[1,1],[1,1],[0,0],[1,1],[1,1],[1,1],[1,1],[1,1],[1,1],[1,1],[1,1],[1,1],[1,1],[1,1],[1,1],[1,1]],
"argumentBinaryOccurrenceList":[0,0,0,0,0,0,0,0,0,0,0,0,0,0,0,0,0,0,0,0,0,0,0,0,0,0,0,0,0,0,0,0,0,0,0,0,0,0,0,0,0,0,0,0,0,0,0,0,0,0,0,0,0,0,0,0,0,0,0,0,0,0,0,0,0,0,0,0,0,0,0,0,0,0,0,0,0,0,0,0,0,0,0,0,0,0,0,0,0,0],
"argumentOccurrence":[0,0,0,0,0,0,0,0,0,0,0,0,0,0,0,0,0,0,0,0,0,0,0,0,0,0,0,0,0,0,0,0,0,0,0,0,0,0,0,0,0,0,0,0,0,0,0,0,0,0,0,0,0,0,0,0,0,0,0,0,0,0,0,0,0,0,0,0,0,0,0,0,0,0,0,0,0,0,0,0,0,0,0,0,0,0,0,0,0,0],
"templateIndices":[],
"templateRelevanceLabel":[],
"templateCostLabel":[],
"clauseIndices":[],
"guardIndices":[8,16,27,30,36,43,47,53,55,62,63,66,77,81,88,91,95,100,103,107,113,114,118,122,131,140,152,153,154,157,169,175,186,187,188,199,211,213,214,216,234,237,240,248,250,259,268,271,275,280,281,289,293,299,306,307,310,313,320,322],
"clauseBinaryOccurrenceInCounterExampleList":[0,0,0,0,0,0,0,0,0,0,0,0,0,0,0,0,0,0,0,0,0,0,0,0,0,0,0,0,0,0,0,0,0,0,0,0,0,0,0,0,0,0,0,0,0,0,0,0,0,0,0,0,0,0,0,0,0,0,0,0],
"predictedLabel":[],
"controlLocationIndices":[2,9,17,20,31,37,48,56,67,70,82,108,123,141,146,158,170,176,180,189,200,217,222,241,251,260,276,282,308],
"binaryAdjacentList":[[2,2],[3,2],[3,120],[4,2],[5,14],[5,24],[5,28],[6,15],[6,26],[6,29],[6,34],[6,87],[6,89],[6,266],[6,297],[6,305],[7,8],[7,63],[7,114],[7,153],[7,154],[7,157],[7,186],[7,187],[7,188],[7,213],[7,214],[7,240],[7,281],[7,307],[7,322],[9,9],[10,9],[10,14],[10,24],[10,28],[10,35],[10,65],[10,111],[10,128],[10,132],[10,164],[10,198],[10,258],[10,267],[10,290],[11,9],[11,15],[11,26],[11,29],[11,34],[11,64],[11,87],[11,89],[11,112],[11,129],[11,139],[11,168],[11,197],[11,247],[11,257],[11,266],[12,25],[13,23],[13,64],[14,16],[15,16],[17,17],[18,17],[19,17],[20,20],[21,20],[21,25],[22,20],[22,23],[23,27],[24,27],[25,27],[26,27],[28,30],[29,30],[31,31],[32,31],[32,35],[32,40],[32,46],[33,31],[33,51],[33,54],[34,36],[35,36],[37,37],[38,37],[38,40],[38,46],[38,269],[38,274],[38,294],[38,300],[39,37],[39,41],[39,44],[39,59],[39,61],[39,65],[39,75],[39,94],[39,96],[39,102],[39,104],[39,117],[39,119],[39,130],[39,270],[39,298],[39,302],[39,309],[40,43],[41,43],[42,41],[42,44],[42,51],[42,52],[42,54],[42,59],[42,75],[42,76],[42,78],[42,85],[42,90],[42,92],[42,94],[42,96],[42,98],[42,101],[42,102],[42,104],[42,106],[42,117],[42,130],[42,134],[42,174],[42,195],[42,208],[42,215],[42,230],[42,249],[42,255],[42,270],[42,272],[42,279],[42,285],[42,290],[42,294],[42,298],[42,300],[42,302],[42,309],[42,311],[42,314],[44,45],[45,47],[46,47],[48,48],[49,48],[50,48],[50,52],[51,53],[52,53],[54,55],[56,56],[57,56],[58,56],[58,61],[59,60],[60,62],[61,62],[64,66],[65,66],[68,67],[68,90],[68,101],[68,106],[68,311],[69,67],[69,74],[69,80],[71,70],[71,74],[71,80],[72,70],[72,76],[72,78],[73,70],[74,77],[75,77],[76,77],[78,79],[79,81],[80,81],[83,82],[83,85],[83,92],[83,98],[83,314],[84,82],[84,316],[84,318],[85,86],[86,88],[87,88],[89,91],[90,91],[92,93],[93,95],[94,95],[96,97],[97,100],[98,99],[99,100],[101,103],[102,103],[104,105],[105,107],[106,107],[108,108],[109,108],[109,111],[110,108],[110,112],[111,113],[112,113],[115,119],[115,120],[115,128],[115,138],[115,155],[115,167],[115,184],[115,185],[115,238],[115,246],[116,129],[116,139],[116,197],[116,233],[116,236],[117,118],[120,121],[121,122],[123,123],[124,123],[125,123],[125,134],[125,136],[126,123],[127,123],[127,137],[128,131],[129,131],[130,131],[133,132],[133,164],[134,135],[135,140],[136,137],[137,138],[138,140],[139,140],[141,141],[142,141],[143,141],[144,141],[144,151],[145,141],[145,155],[146,146],[147,146],[148,146],[149,146],[149,151],[150,146],[151,152],[156,168],[156,257],[156,288],[158,158],[159,158],[160,158],[161,158],[162,158],[162,166],[163,158],[163,165],[163,174],[165,166],[166,167],[167,169],[168,169],[171,170],[172,170],[173,170],[173,184],[174,175],[177,176],[178,176],[179,176],[181,180],[182,180],[183,180],[183,185],[189,189],[190,189],[191,189],[192,189],[193,189],[194,189],[194,195],[194,198],[194,208],[194,210],[195,196],[196,199],[197,199],[198,199],[200,200],[201,200],[202,200],[203,200],[204,200],[204,210],[205,200],[205,215],[206,200],[206,232],[206,235],[207,200],[207,233],[207,236],[208,209],[209,211],[210,211],[212,232],[212,235],[212,287],[212,292],[212,296],[212,304],[215,216],[217,217],[218,217],[219,217],[220,217],[221,217],[221,238],[221,246],[222,222],[223,222],[224,222],[225,222],[226,222],[226,230],[227,222],[228,222],[229,222],[230,231],[231,234],[232,234],[233,234],[235,237],[236,237],[239,247],[242,241],[243,241],[244,241],[244,249],[245,241],[247,248],[249,250],[252,251],[253,251],[254,251],[254,255],[254,258],[254,285],[255,256],[256,259],[257,259],[258,259],[261,260],[261,267],[261,269],[261,274],[262,260],[263,260],[263,272],[263,279],[264,260],[264,287],[264,292],[264,296],[264,304],[265,260],[265,288],[265,297],[265,305],[266,268],[267,268],[269,271],[270,271],[272,273],[273,275],[274,275],[277,276],[278,276],[279,280],[283,282],[284,282],[285,286],[286,289],[287,289],[288,289],[290,291],[291,293],[292,293],[294,295],[295,299],[296,299],[297,299],[298,299],[300,301],[301,306],[302,303],[303,306],[304,306],[305,306],[309,310],[311,312],[312,313],[314,315],[315,320],[316,320],[317,316],[318,320],[319,318]],
"ternaryAdjacencyList":[[1,8,2],[5,8,3],[6,8,4],[9,16,2],[12,16,3],[13,16,4],[9,27,17],[20,27,17],[5,27,18],[12,27,19],[9,30,20],[12,30,21],[13,30,22],[17,36,31],[9,36,31],[10,36,32],[19,36,33],[17,43,31],[37,43,31],[38,43,32],[19,43,33],[17,47,31],[37,47,31],[38,47,32],[19,47,33],[31,53,37],[48,53,37],[32,53,38],[42,53,39],[31,55,48],[42,55,50],[31,62,37],[56,62,37],[32,62,38],[58,62,39],[31,63,56],[33,63,58],[31,66,37],[9,66,37],[32,66,38],[10,66,39],[37,77,67],[70,77,67],[73,77,68],[71,77,69],[37,81,67],[70,81,67],[73,81,68],[71,81,69],[67,88,82],[9,88,82],[68,88,83],[67,91,82],[9,91,82],[42,91,83],[67,95,82],[37,95,82],[68,95,83],[67,100,82],[37,100,82],[68,100,83],[67,103,82],[37,103,82],[42,103,83],[67,107,82],[37,107,82],[42,107,83],[2,113,9],[108,113,9],[109,113,10],[110,113,11],[2,114,108],[3,114,109],[4,114,110],[37,118,2],[115,118,3],[116,118,4],[37,122,2],[119,122,3],[116,122,4],[37,131,123],[9,131,123],[38,131,124],[42,131,125],[115,131,127],[37,140,123],[9,140,123],[38,140,124],[132,140,125],[39,140,125],[123,152,141],[146,152,141],[124,152,142],[125,152,143],[149,152,144],[127,152,145],[123,153,146],[126,153,149],[123,154,141],[124,154,142],[125,154,143],[126,154,144],[127,154,145],[141,157,2],[155,157,3],[156,157,4],[141,169,158],[9,169,158],[142,169,159],[143,169,160],[144,169,161],[164,169,163],[145,169,163],[158,175,170],[159,175,171],[160,175,172],[162,175,173],[170,186,176],[180,186,176],[171,186,177],[172,186,178],[184,186,179],[185,186,179],[170,187,180],[173,187,183],[176,188,70],[177,188,71],[178,188,72],[179,188,73],[158,199,189],[9,199,189],[159,199,190],[160,199,191],[161,199,192],[162,199,193],[10,199,194],[158,211,189],[200,211,189],[159,211,190],[160,211,191],[161,211,192],[162,211,193],[204,211,194],[189,213,200],[141,213,200],[190,213,201],[191,213,202],[193,213,203],[194,213,204],[145,213,205],[212,213,206],[116,213,207],[189,214,200],[190,214,201],[191,214,202],[193,214,203],[194,214,204],[42,214,205],[42,214,206],[42,214,207],[200,216,170],[201,216,171],[202,216,172],[203,216,173],[200,234,217],[222,234,217],[201,234,218],[202,234,219],[225,234,220],[203,234,221],[200,237,222],[205,237,226],[217,240,2],[238,240,3],[239,240,4],[217,248,241],[9,248,241],[218,248,242],[219,248,243],[220,248,244],[246,248,245],[10,248,245],[241,250,170],[242,250,171],[243,250,172],[245,250,173],[241,259,251],[9,259,251],[242,259,252],[243,259,253],[10,259,254],[251,268,260],[9,268,260],[10,268,261],[253,268,262],[42,268,263],[42,268,264],[42,268,265],[251,271,260],[37,271,260],[38,271,261],[253,271,262],[42,271,263],[212,271,264],[13,271,265],[251,275,260],[37,275,260],[38,275,261],[253,275,262],[39,275,263],[212,275,264],[13,275,265],[260,280,276],[261,280,277],[262,280,278],[276,281,70],[277,281,71],[278,281,72],[42,281,73],[260,289,282],[251,289,282],[261,289,283],[262,289,284],[260,293,282],[9,293,282],[261,293,283],[262,293,284],[260,299,282],[37,299,282],[261,299,283],[262,299,284],[260,306,282],[37,306,282],[261,306,283],[262,306,284],[282,307,276],[283,307,277],[284,307,278],[37,310,308],[67,313,308],[82,320,308],[308,322,321]],
"unknownEdges":[],
"argumentIDList":[72,73,68,69,76,77,70,71,78,79,80,81,82,83,84,85,86,87,0,1,2,88,89,74,75,15,16,17,18,19,20,21,22,23,24,25,26,27,28,29,30,31,32,33,34,38,39,40,35,36,37,41,42,43,44,45,46,47,48,49,50,51,52,60,61,62,63,53,54,55,56,57,58,59,64,65,66,67,3,4,5,6,7,8,9,10,11,12,13,14],
"argumentNameList":["<Main$Node: void <init>()>_pre:argument0","<Main$Node: void <init>()>_pre:argument1","<Main$Node: void <init>()>_Block1_4:argument0","<Main$Node: void <init>()>_Block1_4:argument1","<Main: void main(JayArray_java_lang_String)>_Block1_13:argument0","<Main: void main(JayArray_java_lang_String)>_Block1_13:argument1","<Main$Node: void <init>()>_Block1_4_2_1:argument0","<Main$Node: void <init>()>_Block1_4_2_1:argument1","<Main: void main(JayArray_java_lang_String)>_Block1_14:argument0","<Main: void main(JayArray_java_lang_String)>_Block1_14:argument1","<Main: void main(JayArray_java_lang_String)>_Block1_18:argument0","<Main: void main(JayArray_java_lang_String)>_Block1_18:argument1","<Main: void main(JayArray_java_lang_String)>_Block1_18_6_1:argument0","<Main: void main(JayArray_java_lang_String)>_Block1_18_6_1:argument1","<Main: void main(JayArray_java_lang_String)>_Block1_18_7_1:argument0","<Main: void main(JayArray_java_lang_String)>_Block1_18_7_1:argument1","<Main: void main(JayArray_java_lang_String)>_Block1_24:argument0","<Main: void main(JayArray_java_lang_String)>_Block1_24:argument1","<Main$Node: Main$Node swapNode()>_Block0:argument0","<Main$Node: Main$Node swapNode()>_Block0:argument1","<Main$Node: Main$Node swapNode()>_Block0:argument2","<Main: void main(JayArray_java_lang_String)>_Block1_28:argument0","<Main: void main(JayArray_java_lang_String)>_Block1_28:argument1","<Main$Node: void <init>()>_pre_17_1:argument0","<Main$Node: void <init>()>_pre_17_1:argument1","<Main$Node: Main$Node swapNode()>_Block1_4:argument0","<Main$Node: Main$Node swapNode()>_Block1_4:argument1","<Main$Node: Main$Node swapNode()>_Block1_4:argument2","<Main$Node: Main$Node swapNode()>_Block1_4:argument3","<Main$Node: Main$Node swapNode()>_Block3_1:argument0","<Main$Node: Main$Node swapNode()>_Block3_1:argument1","<Main$Node: Main$Node swapNode()>_Block3_1:argument2","<Main$Node: Main$Node swapNode()>_Block3_1:argument3","<Main$Node: Main$Node swapNode()>_Block3_1_22_1:argument0","<Main$Node: Main$Node swapNode()>_Block3_1_22_1:argument1","<Main$Node: Main$Node swapNode()>_Block3_1_22_1:argument2","<Main$Node: Main$Node swapNode()>_Block3_1_22_1:argument3","<Main$Node: Main$Node swapNode()>_Block3_7:argument0","<Main$Node: Main$Node swapNode()>_Block3_7:argument1","<Main$Node: Main$Node swapNode()>_Block3_7:argument2","<Main$Node: Main$Node swapNode()>_Block3_7:argument3","<Main$Node: Main$Node swapNode()>_Block3_7:argument4","<Main$Node: Main$Node swapNode()>_Block6:argument0","<Main$Node: Main$Node swapNode()>_Block6:argument1","<Main$Node: Main$Node swapNode()>_Block6:argument2","<Main$Node: Main$Node swapNode()>_Block6_3:argument0","<Main$Node: Main$Node swapNode()>_Block6_3:argument1","<Main$Node: Main$Node swapNode()>_Block6_3:argument2","<Main$Node: Main$Node swapNode()>_Block6_27_1:argument0","<Main$Node: Main$Node swapNode()>_Block6_27_1:argument1","<Main$Node: Main$Node swapNode()>_Block6_27_1:argument2","<Main$Node: Main$Node swapNode()>_Block7_1:argument0","<Main$Node: Main$Node swapNode()>_Block7_1:argument1","<Main$Node: Main$Node swapNode()>_Block7_1:argument2","<Main$Node: Main$Node swapNode()>_Block7_1:argument3","<Main$Node: Main$Node swapNode()>_Block7_1:argument4","<Main$Node: Main$Node swapNode()>_Block7_2:argument0","<Main$Node: Main$Node swapNode()>_Block7_2:argument1","<Main$Node: Main$Node swapNode()>_Block7_2:argument2","<Main$Node: Main$Node swapNode()>_Block7_2:argument3","<Main$Node: Main$Node swapNode()>_Block7_2:argument4","<Main$Node: Main$Node swapNode()>_Block7_2:argument5","<Main$Node: Main$Node swapNode()>_Block7_2:argument6","<Main$Node: Main$Node swapNode()>_Block8_1:argument0","<Main$Node: Main$Node swapNode()>_Block8_1:argument1","<Main$Node: Main$Node swapNode()>_Block8_1:argument2","<Main$Node: Main$Node swapNode()>_Block8_1:argument3","<Main$Node: Main$Node swapNode()>_Block7_2_34_1:argument0","<Main$Node: Main$Node swapNode()>_Block7_2_34_1:argument1","<Main$Node: Main$Node swapNode()>_Block7_2_34_1:argument2","<Main$Node: Main$Node swapNode()>_Block7_2_34_1:argument3","<Main$Node: Main$Node swapNode()>_Block7_2_34_1:argument4","<Main$Node: Main$Node swapNode()>_Block7_2_34_1:argument5","<Main$Node: Main$Node swapNode()>_Block7_2_34_1:argument6","<Main$Node: Main$Node swapNode()>_Block8_5:argument0","<Main$Node: Main$Node swapNode()>_Block8_5:argument1","<Main$Node: Main$Node swapNode()>_Block8_5:argument2","<Main$Node: Main$Node swapNode()>_Block8_5:argument3","<Main$Node: Main$Node swapNode()>_Block11_1:argument0","<Main$Node: Main$Node swapNode()>_Block11_1:argument1","<Main$Node: Main$Node swapNode()>_Block11_1:argument2","<Main$Node: Main$Node swapNode()>_Block11_4:argument0","<Main$Node: Main$Node swapNode()>_Block11_4:argument1","<Main$Node: Main$Node swapNode()>_Block11_4:argument2","<Main$Node: Main$Node swapNode()>_Block11_4:argument3","<Main$Node: Main$Node swapNode()>_Block11_4:argument4","<Main$Node: Main$Node swapNode()>_Block12:argument0","<Main$Node: Main$Node swapNode()>_Block12:argument1","<Main$Node: Main$Node swapNode()>_Block14_1:argument0","<Main$Node: Main$Node swapNode()>_Block14_1:argument1"],
"predicateIndices":[2,9,17,20,31,37,48,56,67,70,82,108,123,141,146,158,170,176,180,189,200,217,222,241,251,260,276,282,308],
"predicateOccurrenceInClause":[8,16,4,2,8,20,2,2,9,4,7,2,5,5,2,4,5,2,2,4,6,3,2,3,5,8,3,5,4],
"predicateStrongConnectedComponent":[1,1,1,1,1,1,1,1,0,0,0,1,1,1,1,1,0,0,0,1,1,1,1,0,0,0,0,0,0],
"argumentEdges":[[3,2],[4,2],[10,9],[11,9],[18,17],[19,17],[21,20],[22,20],[32,31],[33,31],[38,37],[39,37],[49,48],[50,48],[57,56],[58,56],[68,67],[69,67],[71,70],[72,70],[73,70],[83,82],[84,82],[109,108],[110,108],[124,123],[125,123],[126,123],[127,123],[142,141],[143,141],[144,141],[145,141],[147,146],[148,146],[149,146],[150,146],[159,158],[160,158],[161,158],[162,158],[163,158],[171,170],[172,170],[173,170],[177,176],[178,176],[179,176],[181,180],[182,180],[183,180],[190,189],[191,189],[192,189],[193,189],[194,189],[201,200],[202,200],[203,200],[204,200],[205,200],[206,200],[207,200],[218,217],[219,217],[220,217],[221,217],[223,222],[224,222],[225,222],[226,222],[227,222],[228,222],[229,222],[242,241],[243,241],[244,241],[245,241],[252,251],[253,251],[254,251],[261,260],[262,260],[263,260],[264,260],[265,260],[277,276],[278,276],[283,282],[284,282]],
"guardASTEdges":[[7,8],[14,16],[15,16],[23,27],[24,27],[25,27],[26,27],[28,30],[29,30],[34,36],[35,36],[40,43],[41,43],[45,47],[46,47],[51,53],[52,53],[54,55],[60,62],[61,62],[7,63],[64,66],[65,66],[74,77],[75,77],[76,77],[79,81],[80,81],[86,88],[87,88],[89,91],[90,91],[93,95],[94,95],[97,100],[99,100],[101,103],[102,103],[105,107],[106,107],[111,113],[112,113],[7,114],[117,118],[121,122],[128,131],[129,131],[130,131],[135,140],[138,140],[139,140],[151,152],[7,153],[7,154],[7,157],[167,169],[168,169],[174,175],[7,186],[7,187],[7,188],[196,199],[197,199],[198,199],[209,211],[210,211],[7,213],[7,214],[215,216],[231,234],[232,234],[233,234],[235,237],[236,237],[7,240],[247,248],[249,250],[256,259],[257,259],[258,259],[266,268],[267,268],[269,271],[270,271],[273,275],[274,275],[279,280],[7,281],[286,289],[287,289],[288,289],[291,293],[292,293],[295,299],[296,299],[297,299],[298,299],[301,306],[303,306],[304,306],[305,306],[7,307],[309,310],[312,313],[315,320],[316,320],[318,320],[7,322]],
"ASTEdges":[],
"AST_1Edges":[[10,14],[11,15],[22,23],[10,24],[21,25],[11,26],[10,28],[11,29],[11,34],[10,35],[38,40],[39,41],[39,44],[44,45],[38,46],[33,51],[50,52],[33,54],[39,59],[59,60],[58,61],[11,64],[10,65],[71,74],[39,75],[72,76],[72,78],[78,79],[71,80],[83,85],[85,86],[11,87],[11,89],[68,90],[83,92],[92,93],[39,94],[39,96],[96,97],[83,98],[98,99],[68,101],[39,102],[39,104],[104,105],[68,106],[109,111],[110,112],[39,117],[115,119],[3,120],[120,121],[10,128],[11,129],[39,130],[133,132],[125,134],[134,135],[127,137],[137,138],[11,139],[149,151],[115,155],[133,164],[162,166],[166,167],[11,168],[163,174],[115,184],[115,185],[194,195],[195,196],[11,197],[10,198],[194,208],[208,209],[204,210],[205,215],[226,230],[230,231],[206,232],[207,233],[206,235],[207,236],[115,238],[115,246],[11,247],[244,249],[254,255],[255,256],[11,257],[10,258],[11,266],[10,267],[38,269],[39,270],[263,272],[272,273],[38,274],[263,279],[254,285],[285,286],[264,287],[265,288],[10,290],[290,291],[264,292],[38,294],[294,295],[264,296],[265,297],[39,298],[38,300],[300,301],[39,302],[302,303],[264,304],[265,305],[39,309],[68,311],[311,312],[83,314],[314,315],[317,316],[84,318]],
"AST_2Edges":[[5,14],[6,15],[13,23],[5,24],[12,25],[6,26],[5,28],[6,29],[6,34],[32,35],[32,40],[42,41],[42,44],[32,46],[42,51],[42,52],[42,54],[42,59],[39,61],[13,64],[39,65],[69,74],[42,75],[42,76],[42,78],[69,80],[42,85],[6,87],[6,89],[42,90],[42,92],[42,94],[42,96],[42,98],[42,101],[42,102],[42,104],[42,106],[10,111],[11,112],[42,117],[39,119],[115,120],[115,128],[116,129],[42,130],[10,132],[42,134],[125,136],[136,137],[115,138],[116,139],[144,151],[145,155],[10,164],[163,165],[165,166],[115,167],[156,168],[42,174],[173,184],[183,185],[42,195],[116,197],[194,198],[42,208],[194,210],[42,215],[42,230],[212,232],[116,233],[212,235],[116,236],[221,238],[221,246],[239,247],[42,249],[42,255],[156,257],[254,258],[6,266],[261,267],[261,269],[42,270],[42,272],[261,274],[42,279],[42,285],[212,287],[156,288],[42,290],[212,292],[42,294],[212,296],[6,297],[42,298],[42,300],[42,302],[212,304],[6,305],[42,309],[42,311],[42,314],[84,316],[319,318]],
"templateASTEdges":[],
"templateEdges":[],
"verifHintTplPredEdges":[],
"verifHintTplPredPosNegEdges":[],
"verifHintTplEqTermEdges":[],
"verifHintTplInEqTermEdges":[],
"verifHintTplInEqTermPosNegEdges":[],
"dataFlowASTEdges":[],
"controlFlowHyperEdges":[[1,8,2],[9,16,2],[9,27,17],[20,27,17],[9,30,20],[17,36,31],[9,36,31],[17,43,31],[37,43,31],[17,47,31],[37,47,31],[31,53,37],[48,53,37],[31,55,48],[31,62,37],[56,62,37],[31,63,56],[31,66,37],[9,66,37],[37,77,67],[70,77,67],[37,81,67],[70,81,67],[67,88,82],[9,88,82],[67,91,82],[9,91,82],[67,95,82],[37,95,82],[67,100,82],[37,100,82],[67,103,82],[37,103,82],[67,107,82],[37,107,82],[2,113,9],[108,113,9],[2,114,108],[37,118,2],[37,122,2],[37,131,123],[9,131,123],[37,140,123],[9,140,123],[123,152,141],[146,152,141],[123,153,146],[123,154,141],[141,157,2],[141,169,158],[9,169,158],[158,175,170],[170,186,176],[180,186,176],[170,187,180],[176,188,70],[158,199,189],[9,199,189],[158,211,189],[200,211,189],[189,213,200],[141,213,200],[189,214,200],[200,216,170],[200,234,217],[222,234,217],[200,237,222],[217,240,2],[217,248,241],[9,248,241],[241,250,170],[241,259,251],[9,259,251],[251,268,260],[9,268,260],[251,271,260],[37,271,260],[251,275,260],[37,275,260],[260,280,276],[276,281,70],[260,289,282],[251,289,282],[260,293,282],[9,293,282],[260,299,282],[37,299,282],[260,306,282],[37,306,282],[282,307,276],[37,310,308],[67,313,308],[82,320,308],[308,322,321]],
"dataFlowHyperEdges":[[5,8,3],[6,8,4],[12,16,3],[13,16,4],[5,27,18],[12,27,19],[12,30,21],[13,30,22],[10,36,32],[19,36,33],[38,43,32],[19,43,33],[38,47,32],[19,47,33],[32,53,38],[42,53,39],[42,55,50],[32,62,38],[58,62,39],[33,63,58],[32,66,38],[10,66,39],[73,77,68],[71,77,69],[73,81,68],[71,81,69],[68,88,83],[42,91,83],[68,95,83],[68,100,83],[42,103,83],[42,107,83],[109,113,10],[110,113,11],[3,114,109],[4,114,110],[115,118,3],[116,118,4],[119,122,3],[116,122,4],[38,131,124],[42,131,125],[115,131,127],[38,140,124],[132,140,125],[39,140,125],[124,152,142],[125,152,143],[149,152,144],[127,152,145],[126,153,149],[124,154,142],[125,154,143],[126,154,144],[127,154,145],[155,157,3],[156,157,4],[142,169,159],[143,169,160],[144,169,161],[164,169,163],[145,169,163],[159,175,171],[160,175,172],[162,175,173],[171,186,177],[172,186,178],[184,186,179],[185,186,179],[173,187,183],[177,188,71],[178,188,72],[179,188,73],[159,199,190],[160,199,191],[161,199,192],[162,199,193],[10,199,194],[159,211,190],[160,211,191],[161,211,192],[162,211,193],[204,211,194],[190,213,201],[191,213,202],[193,213,203],[194,213,204],[145,213,205],[212,213,206],[116,213,207],[190,214,201],[191,214,202],[193,214,203],[194,214,204],[42,214,205],[42,214,206],[42,214,207],[201,216,171],[202,216,172],[203,216,173],[201,234,218],[202,234,219],[225,234,220],[203,234,221],[205,237,226],[238,240,3],[239,240,4],[218,248,242],[219,248,243],[220,248,244],[246,248,245],[10,248,245],[242,250,171],[243,250,172],[245,250,173],[242,259,252],[243,259,253],[10,259,254],[10,268,261],[253,268,262],[42,268,263],[42,268,264],[42,268,265],[38,271,261],[253,271,262],[42,271,263],[212,271,264],[13,271,265],[38,275,261],[253,275,262],[39,275,263],[212,275,264],[13,275,265],[261,280,277],[262,280,278],[277,281,71],[278,281,72],[42,281,73],[261,289,283],[262,289,284],[261,293,283],[262,293,284],[261,299,283],[262,299,284],[261,306,283],[262,306,284],[283,307,277],[284,307,278]],
"controlLocationEdgeForSCC":[],
"predicateTransitiveEdges":[[20,20],[123,123],[48,48],[189,189],[158,158],[146,146],[200,200],[217,217],[222,222],[9,9],[17,17],[56,56],[37,37],[2,2],[31,31],[108,108],[141,141]],
"dummyFiled":[]
}