{
"nodeIds":[0,1,2,3,4,5,6,7,8,9,10,11,12,13,14,15,16,17,18,19,20,21,22,23,24,25,26,27,28,29,30,31,32,33,34,35,36,37,38,39,40,41,42,43,44,45,46,47,48,49,50,51,52,53,54,55,56,57,58,59,60,61,62,63,64,65,66,67,68,69,70,71,72,73,74,75,76,77,78,79,80,81,82,83,84,85,86,87,88,89,90,91,92,93,94,95,96,97,98,99,100,101,102,103,104,105,106,107,108,109,110,111,112,113,114,115,116,117,118,119,120,121,122,123,124,125,126,127,128],
"nodeSymbolList":["dummy","Initial","CONTROL_0","predicateArgument_0","predicateArgument_1","predicateArgument_2","true","guard_0","CONTROL_1","guard_1","CONTROL_2","predicateArgument_3","predicateArgument_4","predicateArgument_5","guard_2","guard_3","CONTROL_3","predicateArgument_6","predicateArgument_7","predicateArgument_8","guard_4","guard_5","CONTROL_4","predicateArgument_9","predicateArgument_10","predicateArgument_11","guard_6","guard_7","CONTROL_5","predicateArgument_12","predicateArgument_13","predicateArgument_14","guard_8","guard_9","CONTROL_6","predicateArgument_15","predicateArgument_16","predicateArgument_17","guard_10","guard_11","CONTROL_7","predicateArgument_18","predicateArgument_19","predicateArgument_20","guard_12","guard_13","CONTROL_8","predicateArgument_21","predicateArgument_22","predicateArgument_23","guard_14","guard_15","CONTROL_9","predicateArgument_24","predicateArgument_25","predicateArgument_26","guard_16","guard_17","CONTROL_10","predicateArgument_27","predicateArgument_28","predicateArgument_29","guard_18","guard_19","CONTROL_11","predicateArgument_30","predicateArgument_31","predicateArgument_32","guard_20","guard_21","CONTROL_12","predicateArgument_33","predicateArgument_34","predicateArgument_35","guard_22","guard_23","CONTROL_13","predicateArgument_36","predicateArgument_37","predicateArgument_38","guard_24","guard_25","CONTROL_14","predicateArgument_39","predicateArgument_40","predicateArgument_41","guard_26","guard_27","CONTROL_15","predicateArgument_42","predicateArgument_43","predicateArgument_44","predicateArgument_45","predicateArgument_46","0","guard_28","guard_29","guard_30","guard_31","guard_32","guard_33","guard_34","guard_35","guard_36","guard_37","guard_38","guard_39","guard_40","guard_41","guard_42","guard_43","CONTROL_16","predicateArgument_47","predicateArgument_48","predicateArgument_49","predicateArgument_50","predicateArgument_51","+","1","*","4","=","guard_44","guard_45","guard_46","guard_47","guard_48","FALSE","guard_49"],
"falseIndices":[127],
"initialIndices":[1],
"argumentIndices":[3,4,5,11,12,13,17,18,19,23,24,25,29,30,31,35,36,37,41,42,43,47,48,49,53,54,55,59,60,61,65,66,67,71,72,73,77,78,79,83,84,85,89,90,91,92,93,112,113,114,115,116],
"argumentBoundList":[["None","None"],["None","None"],["None","None"],["None","None"],["None","None"],["None","None"],["None","None"],["None","None"],["None","None"],["None","None"],["None","None"],["None","None"],["None","None"],["None","None"],["None","None"],["None","None"],["None","None"],["None","None"],["None","None"],["None","None"],["None","None"],["None","None"],["None","None"],["None","None"],["None","None"],["None","None"],["None","None"],["None","None"],["None","None"],["None","None"],["None","None"],["None","None"],["None","None"],["None","None"],["None","None"],["None","None"],["None","None"],["None","None"],["None","None"],["None","None"],["None","None"],["None","None"],["None","None"],["None","None"],["None","None"],["None","None"],["None","None"],["None","None"],["None","None"],["None","None"],["None","None"],["None","None"]],
"argumentBinaryOccurrenceList":[0,0,0,0,0,0,0,0,0,0,0,0,0,0,0,0,0,0,0,0,0,0,0,0,0,0,0,0,0,0,0,0,0,0,0,0,0,0,0,0,0,0,0,0,0,0,0,0,0,0,0,0],
"argumentOccurrence":[0,0,0,0,0,0,0,0,0,0,0,0,0,0,0,0,0,0,0,0,0,0,0,0,0,0,0,0,0,0,0,0,0,0,0,0,0,0,0,0,0,0,0,0,0,0,0,0,0,0,0,0],
"templateIndices":[],
"templateRelevanceLabel":[],
"templateCostLabel":[],
"clauseIndices":[],
"guardIndices":[7,9,14,15,20,21,26,27,32,33,38,39,44,45,50,51,56,57,62,63,68,69,74,75,80,81,86,87,95,96,97,98,99,100,101,102,103,104,105,106,107,108,109,110,122,123,124,125,126,128],
"clauseBinaryOccurrenceInCounterExampleList":[0,0,0,0,0,0,0,0,0,0,0,0,0,0,0,0,0,0,0,0,0,0,0,0,0,0,0,0,0,0,0,0,0,0,0,0,0,0,0,0,0,0,0,0,0,0,0,0,0,1],
"predictedLabel":[],
"controlLocationIndices":[2,8,10,16,22,28,34,40,46,52,58,64,70,76,82,88,111],
"binaryAdjacentList":[[2,2],[3,2],[4,2],[5,2],[6,7],[6,9],[6,14],[6,15],[6,20],[6,21],[6,26],[6,27],[6,32],[6,33],[6,38],[6,39],[6,44],[6,45],[6,50],[6,51],[6,56],[6,57],[6,62],[6,63],[6,68],[6,69],[6,74],[6,75],[6,80],[6,81],[6,86],[6,87],[6,95],[6,96],[6,97],[6,98],[6,99],[6,100],[6,101],[6,102],[6,103],[6,104],[6,105],[6,106],[6,107],[6,108],[6,109],[6,110],[6,123],[6,124],[6,125],[6,126],[6,128],[10,10],[11,10],[12,10],[13,10],[16,16],[17,16],[18,16],[19,16],[22,22],[23,22],[24,22],[25,22],[28,28],[29,28],[30,28],[31,28],[34,34],[35,34],[36,34],[37,34],[40,40],[41,40],[42,40],[43,40],[46,46],[47,46],[48,46],[49,46],[52,52],[53,52],[54,52],[55,52],[58,58],[59,58],[60,58],[61,58],[64,64],[65,64],[66,64],[67,64],[70,70],[71,70],[72,70],[73,70],[76,76],[77,76],[78,76],[79,76],[82,82],[83,82],[84,82],[85,82],[88,88],[89,88],[90,88],[90,121],[91,88],[91,119],[92,88],[93,88],[111,111],[112,111],[113,111],[114,111],[114,117],[115,111],[116,111],[118,117],[119,121],[120,119],[121,122]],
"ternaryAdjacencyList":[[1,7,2],[1,9,8],[10,14,2],[11,14,3],[12,14,4],[13,14,5],[2,15,10],[3,15,11],[4,15,12],[5,15,13],[16,20,2],[17,20,3],[18,20,4],[19,20,5],[2,21,16],[3,21,17],[4,21,18],[5,21,19],[22,26,2],[23,26,3],[24,26,4],[25,26,5],[2,27,22],[3,27,23],[4,27,24],[5,27,25],[28,32,2],[29,32,3],[30,32,4],[31,32,5],[2,33,28],[3,33,29],[4,33,30],[5,33,31],[34,38,2],[35,38,3],[36,38,4],[37,38,5],[2,39,34],[3,39,35],[4,39,36],[5,39,37],[40,44,2],[41,44,3],[42,44,4],[43,44,5],[2,45,40],[3,45,41],[4,45,42],[5,45,43],[46,50,2],[47,50,3],[48,50,4],[49,50,5],[2,51,46],[3,51,47],[4,51,48],[5,51,49],[52,56,2],[53,56,3],[54,56,4],[55,56,5],[2,57,52],[3,57,53],[4,57,54],[5,57,55],[58,62,2],[59,62,3],[60,62,4],[61,62,5],[2,63,58],[3,63,59],[4,63,60],[5,63,61],[64,68,2],[65,68,3],[66,68,4],[67,68,5],[2,69,64],[3,69,65],[4,69,66],[5,69,67],[70,74,2],[71,74,3],[72,74,4],[73,74,5],[2,75,70],[3,75,71],[4,75,72],[5,75,73],[76,80,2],[77,80,3],[78,80,4],[79,80,5],[2,81,76],[3,81,77],[4,81,78],[5,81,79],[82,86,2],[83,86,3],[84,86,4],[85,86,5],[2,87,82],[3,87,83],[4,87,84],[5,87,85],[2,95,88],[3,95,89],[94,95,90],[94,95,91],[4,95,92],[5,95,93],[2,96,8],[2,97,8],[2,98,8],[2,99,8],[2,100,8],[2,101,8],[2,102,8],[2,103,8],[2,104,8],[2,105,8],[2,106,8],[2,107,8],[2,108,8],[2,109,8],[88,110,2],[89,110,3],[92,110,4],[93,110,5],[111,122,88],[112,122,89],[117,122,91],[115,122,92],[116,122,93],[88,123,111],[89,123,112],[90,123,113],[91,123,114],[92,123,115],[93,123,116],[88,124,8],[88,125,8],[88,126,8],[8,128,127]],
"unknownEdges":[],
"argumentIDList":[0,1,2,18,19,20,21,22,23,24,25,26,27,28,29,30,31,32,33,34,35,36,37,38,39,40,41,3,4,5,6,7,8,9,10,11,12,13,14,15,16,17,42,43,44,45,46,47,48,49,50,51],
"argumentNameList":["main_1_1:argument0","main_1_1:argument1","main_1_1:argument2","main_1_1_2_1:argument0","main_1_1_2_1:argument1","main_1_1_2_1:argument2","main_1_1_3_1:argument0","main_1_1_3_1:argument1","main_1_1_3_1:argument2","main_1_1_4_1:argument0","main_1_1_4_1:argument1","main_1_1_4_1:argument2","main_1_1_5_1:argument0","main_1_1_5_1:argument1","main_1_1_5_1:argument2","main_1_1_6_1:argument0","main_1_1_6_1:argument1","main_1_1_6_1:argument2","main_1_1_7_1:argument0","main_1_1_7_1:argument1","main_1_1_7_1:argument2","main_1_1_8_1:argument0","main_1_1_8_1:argument1","main_1_1_8_1:argument2","main_1_1_9_1:argument0","main_1_1_9_1:argument1","main_1_1_9_1:argument2","main_1_1_10_1:argument0","main_1_1_10_1:argument1","main_1_1_10_1:argument2","main_1_1_11_1:argument0","main_1_1_11_1:argument1","main_1_1_11_1:argument2","main_1_1_12_1:argument0","main_1_1_12_1:argument1","main_1_1_12_1:argument2","main_1_1_13_1:argument0","main_1_1_13_1:argument1","main_1_1_13_1:argument2","main_1_1_14_1:argument0","main_1_1_14_1:argument1","main_1_1_14_1:argument2","main_1_3:argument0","main_1_3:argument1","main_1_3:argument2","main_1_3:argument3","main_1_3:argument4","main_1_3_31_1:argument0","main_1_3_31_1:argument1","main_1_3_31_1:argument2","main_1_3_31_1:argument3","main_1_3_31_1:argument4"],
"predicateIndices":[2,8,10,16,22,28,34,40,46,52,58,64,70,76,82,88,111],
"predicateOccurrenceInClause":[43,19,2,2,2,2,2,2,2,2,2,2,2,2,2,7,2],
"predicateStrongConnectedComponent":[1,0,1,1,1,1,1,1,1,1,1,1,1,1,1,1,1],
"argumentEdges":[[3,2],[4,2],[5,2],[11,10],[12,10],[13,10],[17,16],[18,16],[19,16],[23,22],[24,22],[25,22],[29,28],[30,28],[31,28],[35,34],[36,34],[37,34],[41,40],[42,40],[43,40],[47,46],[48,46],[49,46],[53,52],[54,52],[55,52],[59,58],[60,58],[61,58],[65,64],[66,64],[67,64],[71,70],[72,70],[73,70],[77,76],[78,76],[79,76],[83,82],[84,82],[85,82],[89,88],[90,88],[91,88],[92,88],[93,88],[112,111],[113,111],[114,111],[115,111],[116,111]],
"guardASTEdges":[[6,7],[6,9],[6,14],[6,15],[6,20],[6,21],[6,26],[6,27],[6,32],[6,33],[6,38],[6,39],[6,44],[6,45],[6,50],[6,51],[6,56],[6,57],[6,62],[6,63],[6,68],[6,69],[6,74],[6,75],[6,80],[6,81],[6,86],[6,87],[6,95],[6,96],[6,97],[6,98],[6,99],[6,100],[6,101],[6,102],[6,103],[6,104],[6,105],[6,106],[6,107],[6,108],[6,109],[6,110],[121,122],[6,123],[6,124],[6,125],[6,126],[6,128]],
"ASTEdges":[],
"AST_1Edges":[[118,117],[91,119],[90,121]],
"AST_2Edges":[[114,117],[120,119],[119,121]],
"templateASTEdges":[],
"templateEdges":[],
"verifHintTplPredEdges":[],
"verifHintTplPredPosNegEdges":[],
"verifHintTplEqTermEdges":[],
"verifHintTplInEqTermEdges":[],
"verifHintTplInEqTermPosNegEdges":[],
"dataFlowASTEdges":[],
"controlFlowHyperEdges":[[1,7,2],[1,9,8],[10,14,2],[2,15,10],[16,20,2],[2,21,16],[22,26,2],[2,27,22],[28,32,2],[2,33,28],[34,38,2],[2,39,34],[40,44,2],[2,45,40],[46,50,2],[2,51,46],[52,56,2],[2,57,52],[58,62,2],[2,63,58],[64,68,2],[2,69,64],[70,74,2],[2,75,70],[76,80,2],[2,81,76],[82,86,2],[2,87,82],[2,95,88],[2,96,8],[2,97,8],[2,98,8],[2,99,8],[2,100,8],[2,101,8],[2,102,8],[2,103,8],[2,104,8],[2,105,8],[2,106,8],[2,107,8],[2,108,8],[2,109,8],[88,110,2],[111,122,88],[88,123,111],[88,124,8],[88,125,8],[88,126,8],[8,128,127]],
"dataFlowHyperEdges":[[11,14,3],[12,14,4],[13,14,5],[3,15,11],[4,15,12],[5,15,13],[17,20,3],[18,20,4],[19,20,5],[3,21,17],[4,21,18],[5,21,19],[23,26,3],[24,26,4],[25,26,5],[3,27,23],[4,27,24],[5,27,25],[29,32,3],[30,32,4],[31,32,5],[3,33,29],[4,33,30],[5,33,31],[35,38,3],[36,38,4],[37,38,5],[3,39,35],[4,39,36],[5,39,37],[41,44,3],[42,44,4],[43,44,5],[3,45,41],[4,45,42],[5,45,43],[47,50,3],[48,50,4],[49,50,5],[3,51,47],[4,51,48],[5,51,49],[53,56,3],[54,56,4],[55,56,5],[3,57,53],[4,57,54],[5,57,55],[59,62,3],[60,62,4],[61,62,5],[3,63,59],[4,63,60],[5,63,61],[65,68,3],[66,68,4],[67,68,5],[3,69,65],[4,69,66],[5,69,67],[71,74,3],[72,74,4],[73,74,5],[3,75,71],[4,75,72],[5,75,73],[77,80,3],[78,80,4],[79,80,5],[3,81,77],[4,81,78],[5,81,79],[83,86,3],[84,86,4],[85,86,5],[3,87,83],[4,87,84],[5,87,85],[3,95,89],[94,95,90],[94,95,91],[4,95,92],[5,95,93],[89,110,3],[92,110,4],[93,110,5],[112,122,89],[117,122,91],[115,122,92],[116,122,93],[89,123,112],[90,123,113],[91,123,114],[92,123,115],[93,123,116]],
"controlLocationEdgeForSCC":[],
"predicateTransitiveEdges":[[34,34],[76,76],[46,46],[2,2],[111,111],[40,40],[10,10],[82,82],[16,16],[70,70],[52,52],[88,88],[28,28],[64,64],[22,22],[58,58]],
"dummyFiled":[]
}