{
"nodeIds":[0,1,2,3,4,5,6,7,8,9,10,11,12,13,14,15,16,17,18,19,20,21,22,23,24,25,26,27,28,29,30,31,32,33,34],
"nodeSymbolList":["Initial","CONTROL_0","predicateArgument_0","predicateArgument_1","predicateArgument_2","predicateArgument_3","0",">=","1","guard_0","CONTROL_1","predicateArgument_4","predicateArgument_5","predicateArgument_6","predicateArgument_7","+","=","!","-","+",">=","=","guard_1","=","guard_2","FALSE","-","+",">=","-1","guard_3","FALSE","=","!","guard_4"],
"falseIndices":[25,31],
"initialIndices":[0],
"argumentIndices":[2,3,4,5,11,12,13,14],
"argumentBoundList":[[1,0],[1,0],[0,0],[0,0],[1,0],[1,0],[0,0],[0,0]],
"argumentBinaryOccurrenceList":[0,0,0,0,0,0,0,0],
"argumentOccurrence":[0,0,0,0,0,0,0,0],
"templateIndices":[],
"templateRelevanceLabel":[],
"templateCostLabel":[],
"clauseIndices":[],
"guardIndices":[9,22,24,30,34],
"clauseBinaryOccurrenceInCounterExampleList":[0,0,0,0,0],
"controlLocationIndices":[1,10],
"binaryAdjacentList":[[2,1],[2,18],[2,27],[3,1],[3,7],[3,19],[3,26],[4,1],[4,21],[4,32],[5,1],[5,16],[5,21],[5,23],[5,32],[6,16],[7,9],[8,7],[8,15],[8,20],[11,10],[11,15],[12,10],[13,10],[14,10],[14,23],[16,17],[17,22],[18,19],[19,20],[20,22],[21,22],[23,24],[26,27],[27,28],[28,30],[29,28],[32,33],[33,34]],
"ternaryAdjacencyList":[[0,9,1],[6,9,2],[6,9,4],[6,9,5],[10,22,1],[15,22,2],[12,22,3],[1,24,10],[2,24,11],[3,24,12],[5,24,14],[5,24,14],[1,30,25],[1,34,31]],
"unknownEdges":[],
"argumentIDList":[0,1,2,3,4,5,6,7],
"argumentNameList":["main@.lr.ph:argument0","main@.lr.ph:argument1","main@.lr.ph:argument2","main@.lr.ph:argument3","main@.lr.ph_1_1:argument0","main@.lr.ph_1_1:argument1","main@.lr.ph_1_1:argument2","main@.lr.ph_1_1:argument3"],
"predicateIndices":[1,10],
"predicateOccurrenceInClause":[5,2],
"predicateStrongConnectedComponent":[1,1],
"argumentEdges":[[2,1],[3,1],[4,1],[5,1],[11,10],[12,10],[13,10],[14,10]],
"guardASTEdges":[[7,9],[17,22],[20,22],[21,22],[23,24],[28,30],[33,34]],
"ASTEdges":[],
"AST_1Edges":[[3,7],[8,15],[5,16],[16,17],[2,18],[18,19],[19,20],[4,21],[5,23],[2,27],[27,28],[4,32],[32,33]],
"AST_2Edges":[[8,7],[11,15],[6,16],[3,19],[8,20],[5,21],[14,23],[3,26],[26,27],[29,28],[5,32]],
"templateASTEdges":[],
"templateEdges":[],
"verifHintTplPredEdges":[],
"verifHintTplPredPosNegEdges":[],
"verifHintTplEqTermEdges":[],
"verifHintTplInEqTermEdges":[],
"verifHintTplInEqTermPosNegEdges":[],
"dataFlowASTEdges":[],
"controlFlowHyperEdges":[[0,9,1],[10,22,1],[1,24,10],[1,30,25],[1,34,31]],
"dataFlowHyperEdges":[[6,9,2],[6,9,4],[6,9,5],[15,22,2],[12,22,3],[2,24,11],[3,24,12],[5,24,14],[5,24,14]],
"controlLocationEdgeForSCC":[],
"predicateTransitiveEdges":[],
"dummyFiled":[]
}