{
"nodeIds":[0,1,2,3,4,5,6,7,8,9,10,11,12,13,14,15,16,17,18,19,20,21,22,23,24,25,26,27,28,29,30,31,32,33,34,35,36,37,38,39,40,41,42,43,44,45,46,47,48,49,50,51,52,53,54,55,56,57,58,59,60,61,62,63,64,65,66,67,68,69,70,71,72,73,74,75,76,77,78],
"nodeSymbolList":["dummy","Initial","CONTROL_0","predicateArgument_0","predicateArgument_1","predicateArgument_2","predicateArgument_3","predicateArgument_4","CONTROL_1","predicateArgument_5","predicateArgument_6","predicateArgument_7","predicateArgument_8","predicateArgument_9","+","11",">=","111","guard_0","true","guard_1","CONTROL_2","predicateArgument_10","predicateArgument_11","predicateArgument_12","predicateArgument_13","predicateArgument_14","predicateArgument_15","CONTROL_3","predicateArgument_16","predicateArgument_17","predicateArgument_18","predicateArgument_19","predicateArgument_20","predicateArgument_21","+","-11",">=","100","=","=","=","=","guard_2","+","-10","-","+","=","10",">=","91","guard_3","guard_4","CONTROL_4","predicateArgument_22","predicateArgument_23","predicateArgument_24","predicateArgument_25","predicateArgument_26","predicateArgument_27","=","=","=","=","guard_5","guard_6",">=","2147483647",">=","-2147483648","guard_7","FALSE",">=","90",">=","101",">=","guard_8"],
"falseIndices":[72],
"initialIndices":[1],
"argumentIndices":[3,4,5,6,7,9,10,11,12,13,22,23,24,25,26,27,29,30,31,32,33,34,55,56,57,58,59,60],
"argumentBoundList":[["None","None"],["None","None"],["None","None"],["None","None"],["None","None"],["None","None"],["None","None"],["None","None"],["None","None"],["None","None"],["None","None"],["None","None"],["None","None"],["None","None"],["None","None"],["None","None"],["None","None"],["None","None"],["None","None"],["None","None"],["None","None"],["None","None"],["None","None"],["None","None"],["None","None"],["None","None"],["None","None"],["None","None"]],
"argumentBinaryOccurrenceList":[0,0,0,0,0,0,0,0,0,0,0,0,0,0,0,0,0,0,0,0,0,0,0,0,0,0,0,0],
"argumentOccurrence":[0,0,0,0,0,0,0,0,0,0,0,0,0,0,0,0,0,0,0,0,0,0,0,0,0,0,0,0],
"templateIndices":[],
"templateRelevanceLabel":[],
"templateCostLabel":[],
"clauseIndices":[],
"guardIndices":[18,20,43,52,53,65,66,71,78],
"clauseBinaryOccurrenceInCounterExampleList":[0,0,0,1,0,0,0,1,1],
"predictedLabel":[],
"controlLocationIndices":[2,8,21,28,54],
"binaryAdjacentList":[[2,2],[3,2],[3,16],[3,44],[3,67],[3,69],[4,2],[5,2],[6,2],[7,2],[8,8],[9,8],[9,14],[10,8],[11,8],[12,8],[13,8],[15,14],[16,18],[17,16],[19,20],[19,53],[19,66],[21,21],[22,21],[22,37],[23,21],[23,41],[24,21],[24,42],[25,21],[25,39],[26,21],[26,40],[27,21],[28,28],[29,28],[29,35],[29,47],[29,75],[29,77],[30,28],[30,41],[30,62],[31,28],[31,42],[31,61],[32,28],[32,39],[32,64],[33,28],[33,40],[33,63],[34,28],[34,46],[34,50],[34,73],[36,35],[37,43],[38,37],[39,43],[40,43],[41,43],[42,43],[45,44],[46,47],[47,48],[48,52],[49,48],[50,52],[51,50],[54,54],[55,54],[56,54],[56,62],[57,54],[57,61],[58,54],[58,64],[59,54],[59,63],[60,54],[61,65],[62,65],[63,65],[64,65],[67,71],[68,67],[69,71],[70,69],[70,77],[73,78],[74,73],[75,78],[76,75],[77,78]],
"ternaryAdjacencyList":[[8,18,2],[14,18,3],[10,18,4],[11,18,5],[12,18,6],[13,18,7],[2,20,8],[3,20,9],[4,20,10],[5,20,11],[6,20,12],[7,20,13],[2,43,21],[28,43,21],[35,43,22],[3,43,22],[30,43,23],[31,43,24],[32,43,25],[33,43,26],[34,43,27],[2,52,28],[4,52,30],[5,52,31],[6,52,32],[7,52,33],[44,52,34],[21,53,2],[27,53,3],[23,53,4],[24,53,5],[25,53,6],[26,53,7],[21,65,54],[28,65,54],[22,65,55],[30,65,56],[31,65,57],[32,65,58],[33,65,59],[34,65,60],[54,66,28],[55,66,29],[56,66,30],[57,66,31],[58,66,32],[59,66,33],[60,66,34],[1,71,2],[28,78,72]],
"unknownEdges":[],
"argumentIDList":[18,19,20,21,22,23,24,25,26,27,6,7,8,9,10,11,0,1,2,3,4,5,12,13,14,15,16,17],
"argumentNameList":["<Main: int f(int)>_pre:argument0","<Main: int f(int)>_pre:argument1","<Main: int f(int)>_pre:argument2","<Main: int f(int)>_pre:argument3","<Main: int f(int)>_pre:argument4","<Main: int f(int)>_pre_0_1:argument0","<Main: int f(int)>_pre_0_1:argument1","<Main: int f(int)>_pre_0_1:argument2","<Main: int f(int)>_pre_0_1:argument3","<Main: int f(int)>_pre_0_1:argument4","<Main: int f(int)>_Block2_2:argument0","<Main: int f(int)>_Block2_2:argument1","<Main: int f(int)>_Block2_2:argument2","<Main: int f(int)>_Block2_2:argument3","<Main: int f(int)>_Block2_2:argument4","<Main: int f(int)>_Block2_2:argument5","<Main: int f(int)>_Block0:argument0","<Main: int f(int)>_Block0:argument1","<Main: int f(int)>_Block0:argument2","<Main: int f(int)>_Block0:argument3","<Main: int f(int)>_Block0:argument4","<Main: int f(int)>_Block0:argument5","<Main: int f(int)>_Block5_1:argument0","<Main: int f(int)>_Block5_1:argument1","<Main: int f(int)>_Block5_1:argument2","<Main: int f(int)>_Block5_1:argument3","<Main: int f(int)>_Block5_1:argument4","<Main: int f(int)>_Block5_1:argument5"],
"predicateIndices":[2,8,21,28,54],
"predicateOccurrenceInClause":[6,2,3,5,2],
"predicateStrongConnectedComponent":[1,1,1,1,1],
"argumentEdges":[[3,2],[4,2],[5,2],[6,2],[7,2],[9,8],[10,8],[11,8],[12,8],[13,8],[22,21],[23,21],[24,21],[25,21],[26,21],[27,21],[29,28],[30,28],[31,28],[32,28],[33,28],[34,28],[55,54],[56,54],[57,54],[58,54],[59,54],[60,54]],
"guardASTEdges":[[16,18],[19,20],[37,43],[39,43],[40,43],[41,43],[42,43],[48,52],[50,52],[19,53],[61,65],[62,65],[63,65],[64,65],[19,66],[67,71],[69,71],[73,78],[75,78],[77,78]],
"ASTEdges":[],
"AST_1Edges":[[15,14],[17,16],[36,35],[38,37],[32,39],[33,40],[30,41],[31,42],[45,44],[29,47],[47,48],[34,50],[31,61],[30,62],[33,63],[32,64],[68,67],[3,69],[34,73],[76,75],[29,77]],
"AST_2Edges":[[9,14],[3,16],[29,35],[22,37],[25,39],[26,40],[23,41],[24,42],[3,44],[34,46],[46,47],[49,48],[51,50],[57,61],[56,62],[59,63],[58,64],[3,67],[70,69],[74,73],[29,75],[70,77]],
"templateASTEdges":[],
"templateEdges":[],
"verifHintTplPredEdges":[],
"verifHintTplPredPosNegEdges":[],
"verifHintTplEqTermEdges":[],
"verifHintTplInEqTermEdges":[],
"verifHintTplInEqTermPosNegEdges":[],
"dataFlowASTEdges":[],
"controlFlowHyperEdges":[[8,18,2],[2,20,8],[2,43,21],[28,43,21],[2,52,28],[21,53,2],[21,65,54],[28,65,54],[54,66,28],[1,71,2],[28,78,72]],
"dataFlowHyperEdges":[[14,18,3],[10,18,4],[11,18,5],[12,18,6],[13,18,7],[3,20,9],[4,20,10],[5,20,11],[6,20,12],[7,20,13],[35,43,22],[3,43,22],[30,43,23],[31,43,24],[32,43,25],[33,43,26],[34,43,27],[4,52,30],[5,52,31],[6,52,32],[7,52,33],[44,52,34],[27,53,3],[23,53,4],[24,53,5],[25,53,6],[26,53,7],[22,65,55],[30,65,56],[31,65,57],[32,65,58],[33,65,59],[34,65,60],[55,66,29],[56,66,30],[57,66,31],[58,66,32],[59,66,33],[60,66,34]],
"controlLocationEdgeForSCC":[],
"predicateTransitiveEdges":[[54,54],[8,8],[2,2],[28,28],[21,21]],
"dummyFiled":[]
}