{
"nodeIds":[0,1,2,3,4,5,6,7,8,9,10,11,12,13,14,15,16,17,18,19,20,21,22,23,24,25,26,27,28,29,30,31,32,33,34,35,36,37,38,39,40,41,42,43,44,45,46,47,48,49,50,51,52,53,54,55,56,57,58,59,60,61,62,63,64,65],
"nodeSymbolList":["FALSE","clause_0","*","symbolicConstant_0","3","+","symbolicConstant_1","=","symbolicConstant_2","-","+","+","symbolicConstant_3","=","0","=","!","=","symbolicConstant_4","!","=","symbolicConstant_5","!",">=","symbolicConstant_6",">=",">=","-2",">=","2147483647",">=",">=","symbolicConstant_7",">=","2",">=","clauseHead_0","clause_1","*","symbolicConstant_8","+","symbolicConstant_9","=","symbolicConstant_10","-","+","+","symbolicConstant_11","=","=","symbolicConstant_12","!","=","symbolicConstant_13","!",">=","symbolicConstant_14",">=",">=",">=",">=",">=","symbolicConstant_15",">=",">=","clauseHead_1"],
"falseIndices":[0],
"initialIndices":[],
"argumentIndices":[],
"argumentBoundList":[],
"argumentBinaryOccurrenceList":[],
"argumentOccurrence":[],
"templateIndices":[],
"templateRelevanceLabel":[],
"templateCostLabel":[],
"clauseIndices":[1,37],
"guardIndices":[],
"clauseBinaryOccurrenceInCounterExampleList":[0,0],
"predictedLabel":[],
"controlLocationIndices":[],
"binaryAdjacentList":[[0,36],[0,65],[1,36],[2,5],[2,10],[2,25],[3,2],[4,2],[4,38],[5,7],[6,5],[7,1],[7,1],[8,7],[8,9],[8,15],[8,25],[8,28],[8,30],[9,10],[10,11],[10,26],[11,13],[12,11],[12,33],[12,35],[13,1],[14,13],[14,15],[14,17],[14,20],[14,23],[14,30],[14,31],[14,35],[14,48],[14,49],[14,52],[14,55],[14,60],[14,61],[14,63],[14,64],[15,16],[16,1],[17,19],[18,17],[19,1],[20,22],[21,20],[22,1],[23,1],[23,1],[24,23],[25,1],[25,1],[26,1],[26,1],[27,26],[27,58],[28,1],[28,1],[28,1],[29,28],[29,59],[30,1],[30,1],[30,1],[31,1],[32,31],[33,1],[34,33],[35,1],[37,65],[38,40],[38,45],[38,57],[39,38],[40,42],[41,40],[42,37],[42,37],[43,42],[43,44],[43,57],[43,59],[43,60],[44,45],[45,46],[45,58],[46,48],[47,46],[47,63],[47,64],[48,37],[49,51],[50,49],[51,37],[52,54],[53,52],[54,37],[55,37],[55,37],[56,55],[57,37],[57,37],[58,37],[58,37],[59,37],[59,37],[59,37],[60,37],[60,37],[60,37],[61,37],[62,61],[63,37],[64,37]],
"ternaryAdjacencyList":[],
"unknownEdges":[],
"argumentIDList":[],
"argumentNameList":[],
"predicateIndices":[],
"predicateOccurrenceInClause":[],
"predicateStrongConnectedComponent":[],
"predicateArgumentEdges":[],
"predicateInstanceEdges":[[0,36],[0,65]],
"argumentInstanceEdges":[],
"controlHeadEdges":[[1,36],[37,65]],
"controlBodyEdges":[],
"controlEdges":[],
"controlArgumentEdges":[],
"subTermEdges":[[3,2],[4,2],[6,5],[2,5],[5,7],[8,7],[8,9],[2,10],[9,10],[10,11],[12,11],[11,13],[14,13],[8,15],[14,15],[15,16],[18,17],[14,17],[17,19],[21,20],[14,20],[20,22],[24,23],[14,23],[8,25],[2,25],[10,26],[27,26],[29,28],[8,28],[8,30],[14,30],[32,31],[14,31],[34,33],[12,33],[12,35],[14,35],[39,38],[4,38],[41,40],[38,40],[40,42],[43,42],[43,44],[38,45],[44,45],[45,46],[47,46],[46,48],[14,48],[50,49],[14,49],[49,51],[53,52],[14,52],[52,54],[56,55],[14,55],[43,57],[38,57],[45,58],[27,58],[29,59],[43,59],[43,60],[14,60],[62,61],[14,61],[14,63],[47,63],[47,64],[14,64]],
"guardEdges":[[7,1],[7,1],[13,1],[16,1],[19,1],[22,1],[23,1],[25,1],[26,1],[28,1],[30,1],[23,1],[25,1],[26,1],[28,1],[30,1],[31,1],[28,1],[30,1],[33,1],[35,1],[42,37],[42,37],[48,37],[51,37],[54,37],[55,37],[57,37],[58,37],[59,37],[60,37],[55,37],[57,37],[58,37],[59,37],[60,37],[61,37],[59,37],[60,37],[63,37],[64,37]],
"dataEdges":[],
"predicateInstanceHeadEdges":[],
"predicateInstanceBodyEdges":[],
"controlArgumentHeadEdges":[],
"controlArgumentBodyEdges":[],
"guardConstantEdges":[],
"guardOperatorEdges":[],
"guardScEdges":[],
"dataConstantEdges":[],
"dataOperatorEdges":[],
"dataScEdges":[],
"subTermConstantOperatorEdges":[],
"subTermOperatorOperatorEdges":[],
"subTermScOperatorEdges":[],
"dummyFiled":[]
}