{
"nodeIds":[0,1,2,3,4,5,6,7,8,9,10,11,12,13,14,15,16,17,18,19,20,21,22,23,24,25,26,27,28,29,30,31,32,33,34,35,36,37,38,39,40,41,42,43,44,45,46,47,48,49,50,51,52,53],
"nodeSymbolList":["dummy","Initial","CONTROL_0","predicateArgument_0","predicateArgument_1","predicateArgument_2","0","1",">=","guard_0","CONTROL_1","predicateArgument_3","predicateArgument_4","predicateArgument_5","+","2","+","=","5","!",">=","guard_1","true","guard_2","CONTROL_2","predicateArgument_6","predicateArgument_7","predicateArgument_8","-10","=","4",">=","guard_3","=","guard_4","FALSE","=","!","*","-2","+","=","!","=","!",">=","guard_5","FALSE","=","-5","!","=",">=","guard_6"],
"falseIndices":[35,47],
"initialIndices":[1],
"argumentIndices":[3,4,5,11,12,13,25,26,27],
"argumentBoundList":[["None","None"],["None","None"],["None","None"],["None","None"],["None","None"],["None","None"],["None","None"],["None","None"],["None","None"]],
"argumentBinaryOccurrenceList":[0,0,0,0,0,0,0,0,0],
"argumentOccurrence":[0,0,0,0,0,0,0,0,0],
"templateIndices":[],
"templateRelevanceLabel":[],
"templateCostLabel":[],
"clauseIndices":[],
"guardIndices":[9,21,23,32,34,46,53],
"clauseBinaryOccurrenceInCounterExampleList":[1,1,1,0,0,0,0],
"predictedLabel":[],
"controlLocationIndices":[2,10,24],
"binaryAdjacentList":[[2,2],[3,2],[3,8],[3,20],[3,31],[3,38],[3,45],[3,48],[3,52],[4,2],[4,40],[4,43],[5,2],[5,17],[5,20],[5,33],[5,36],[5,45],[5,51],[7,8],[7,16],[8,9],[10,10],[11,10],[12,10],[12,14],[13,10],[13,16],[15,14],[17,19],[18,17],[18,31],[19,21],[20,21],[22,23],[24,24],[25,24],[26,24],[27,24],[27,29],[29,32],[30,29],[30,33],[30,36],[30,51],[30,52],[31,32],[33,34],[36,37],[37,46],[38,40],[39,38],[39,41],[39,43],[40,41],[41,42],[42,46],[43,44],[44,46],[45,46],[48,50],[49,48],[50,53],[51,53],[52,53]],
"ternaryAdjacencyList":[[1,9,2],[6,9,4],[7,9,5],[10,21,2],[11,21,3],[14,21,4],[16,21,5],[2,23,10],[3,23,11],[4,23,12],[5,23,13],[24,32,2],[25,32,3],[28,32,4],[18,32,5],[2,34,24],[3,34,25],[4,34,26],[30,34,27],[2,46,35],[2,53,47]],
"unknownEdges":[],
"argumentIDList":[0,1,2,3,4,5,6,7,8],
"argumentNameList":["main@.lr.ph:argument0","main@.lr.ph:argument1","main@.lr.ph:argument2","main@.lr.ph_1_1:argument0","main@.lr.ph_1_1:argument1","main@.lr.ph_1_1:argument2","main@.lr.ph_2_1:argument0","main@.lr.ph_2_1:argument1","main@.lr.ph_2_1:argument2"],
"predicateIndices":[2,10,24],
"predicateOccurrenceInClause":[7,2,2],
"predicateStrongConnectedComponent":[1,1,1],
"argumentEdges":[[3,2],[4,2],[5,2],[11,10],[12,10],[13,10],[25,24],[26,24],[27,24]],
"guardASTEdges":[[8,9],[19,21],[20,21],[22,23],[29,32],[31,32],[33,34],[37,46],[42,46],[44,46],[45,46],[50,53],[51,53],[52,53]],
"ASTEdges":[],
"AST_1Edges":[[3,8],[15,14],[7,16],[5,17],[17,19],[3,20],[27,29],[3,31],[5,33],[5,36],[36,37],[3,38],[4,40],[40,41],[41,42],[4,43],[43,44],[5,45],[3,48],[48,50],[5,51],[30,52]],
"AST_2Edges":[[7,8],[12,14],[13,16],[18,17],[5,20],[30,29],[18,31],[30,33],[30,36],[39,38],[38,40],[39,41],[39,43],[3,45],[49,48],[30,51],[3,52]],
"templateASTEdges":[],
"templateEdges":[],
"verifHintTplPredEdges":[],
"verifHintTplPredPosNegEdges":[],
"verifHintTplEqTermEdges":[],
"verifHintTplInEqTermEdges":[],
"verifHintTplInEqTermPosNegEdges":[],
"dataFlowASTEdges":[],
"controlFlowHyperEdges":[[1,9,2],[10,21,2],[2,23,10],[24,32,2],[2,34,24],[2,46,35],[2,53,47]],
"dataFlowHyperEdges":[[6,9,4],[7,9,5],[11,21,3],[14,21,4],[16,21,5],[3,23,11],[4,23,12],[5,23,13],[25,32,3],[28,32,4],[18,32,5],[3,34,25],[4,34,26],[30,34,27]],
"controlLocationEdgeForSCC":[],
"predicateTransitiveEdges":[[2,2],[10,10],[24,24]],
"dummyFiled":[]
}