{
"nodeIds":[0,1,2,3,4,5,6,7,8],
"nodeSymbolList":["dummy","Initial","CONTROL_0","true","guard_0","guard_1","guard_2","FALSE","guard_3"],
"falseIndices":[7],
"initialIndices":[1],
"argumentIndices":[],
"argumentBoundList":[],
"argumentBinaryOccurrenceList":[],
"argumentOccurrence":[],
"templateIndices":[],
"templateRelevanceLabel":[],
"templateCostLabel":[],
"clauseIndices":[],
"guardIndices":[4,5,6,8],
"clauseBinaryOccurrenceInCounterExampleList":[0,0,0,1],
"predictedLabel":[],
"controlLocationIndices":[2],
"binaryAdjacentList":[[3,4],[3,5],[3,6],[3,8]],
"ternaryAdjacencyList":[[1,4,2],[1,5,2],[1,6,2],[2,8,7]],
"unknownEdges":[],
"argumentIDList":[],
"argumentNameList":[],
"predicateIndices":[2],
"predicateOccurrenceInClause":[4],
"predicateStrongConnectedComponent":[0],
"argumentEdges":[],
"guardASTEdges":[[3,4],[3,5],[3,6],[3,8]],
"ASTEdges":[],
"AST_1Edges":[],
"AST_2Edges":[],
"templateASTEdges":[],
"templateEdges":[],
"verifHintTplPredEdges":[],
"verifHintTplPredPosNegEdges":[],
"verifHintTplEqTermEdges":[],
"verifHintTplInEqTermEdges":[],
"verifHintTplInEqTermPosNegEdges":[],
"dataFlowASTEdges":[],
"controlFlowHyperEdges":[[1,4,2],[1,5,2],[1,6,2],[2,8,7]],
"dataFlowHyperEdges":[],
"controlLocationEdgeForSCC":[],
"predicateTransitiveEdges":[],
"dummyFiled":[]
}