{
"nodeIds":[0,1,2,3,4,5,6,7,8,9,10,11,12,13,14,15,16,17,18,19,20,21,22,23,24,25,26,27,28,29,30,31,32,33,34,35,36,37,38,39,40,41,42,43,44,45,46,47,48,49,50,51,52,53,54,55,56,57],
"nodeSymbolList":["Initial","CONTROL_0","predicateArgument_0","predicateArgument_1","predicateArgument_2","predicateArgument_3","predicateArgument_4","CONTROL_1","predicateArgument_5","predicateArgument_6","predicateArgument_7","predicateArgument_8","predicateArgument_9","predicateArgument_10","predicateArgument_11","2","-","+",">=","1",">=",">=","=","guard_0","-","+",">=",">=",">=","=","guard_1","CONTROL_2","predicateArgument_12","predicateArgument_13","predicateArgument_14","predicateArgument_15","predicateArgument_16","predicateArgument_17","-","+",">=","+","=",">=",">=","guard_2",">=",">=",">=","=","guard_3","false","guard_4","3",">=","guard_5","FALSE","guard_6"],
"falseIndices":[56],
"initialIndices":[0],
"argumentIndices":[2,3,4,5,6,8,9,10,11,12,13,14,32,33,34,35,36,37],
"argumentBoundList":[[1,0],[1,1],[1,1],[1,1],[1,1],[1,0],[1,1],[0,0],[0,0],[1,1],[1,1],[1,1],[1,0],[1,1],[0,0],[0,0],[1,1],[1,1]],
"argumentBinaryOccurrenceList":[0,0,0,0,0,0,0,0,0,0,0,0,0,0,0,0,0,0],
"argumentOccurrence":[0,0,0,0,0,0,0,0,0,0,0,0,0,0,0,0,0,0],
"templateIndices":[],
"templateRelevanceLabel":[],
"templateCostLabel":[],
"clauseIndices":[],
"guardIndices":[23,30,45,50,52,55,57],
"clauseBinaryOccurrenceInCounterExampleList":[0,0,0,0,0,0,0],
"controlLocationIndices":[1,7,31],
"binaryAdjacentList":[[2,1],[2,21],[2,28],[3,1],[4,1],[5,1],[6,1],[6,20],[6,27],[8,7],[8,39],[8,43],[8,46],[8,48],[9,7],[9,38],[9,49],[10,7],[10,17],[10,25],[11,7],[11,16],[11,24],[12,7],[12,22],[12,29],[12,41],[12,48],[12,49],[13,7],[14,7],[14,44],[14,47],[15,21],[15,22],[15,28],[15,29],[15,54],[16,17],[17,18],[18,23],[19,18],[19,20],[19,26],[19,27],[19,40],[19,42],[19,43],[19,44],[19,46],[19,47],[20,23],[21,23],[22,23],[24,25],[25,26],[26,30],[27,30],[28,30],[29,30],[32,31],[32,54],[33,31],[34,31],[35,31],[36,31],[37,31],[38,39],[38,41],[39,40],[40,45],[41,42],[42,45],[43,45],[44,45],[46,50],[47,50],[48,50],[49,50],[51,52],[51,57],[54,55]],
"ternaryAdjacencyList":[[7,23,1],[8,23,2],[9,23,3],[15,23,4],[13,23,5],[14,23,6],[7,30,1],[8,30,2],[9,30,3],[15,30,4],[13,30,5],[14,30,6],[31,45,7],[32,45,8],[33,45,9],[34,45,10],[35,45,11],[36,45,13],[37,45,14],[31,50,7],[32,50,8],[34,50,10],[35,50,11],[33,50,12],[36,50,13],[37,50,14],[0,52,31],[0,55,31],[19,55,33],[53,55,36],[53,55,37],[1,57,56]],
"unknownEdges":[],
"argumentIDList":[7,8,9,10,11,0,1,2,3,4,5,6,12,13,14,15,16,17],
"argumentNameList":["predh157_90:argument0","predh157_90:argument1","predh157_90:argument2","predh157_90:argument3","predh157_90:argument4","predh104_102:argument0","predh104_102:argument1","predh104_102:argument2","predh104_102:argument3","predh104_102:argument4","predh104_102:argument5","predh104_102:argument6","predh78_108:argument0","predh78_108:argument1","predh78_108:argument2","predh78_108:argument3","predh78_108:argument4","predh78_108:argument5"],
"predicateIndices":[1,7,31],
"predicateOccurrenceInClause":[3,4,4],
"predicateStrongConnectedComponent":[0,0,0],
"argumentEdges":[[2,1],[3,1],[4,1],[5,1],[6,1],[8,7],[9,7],[10,7],[11,7],[12,7],[13,7],[14,7],[32,31],[33,31],[34,31],[35,31],[36,31],[37,31]],
"guardASTEdges":[[18,23],[20,23],[21,23],[22,23],[26,30],[27,30],[28,30],[29,30],[40,45],[42,45],[43,45],[44,45],[46,50],[47,50],[48,50],[49,50],[51,52],[54,55],[51,57]],
"ASTEdges":[],
"AST_1Edges":[[11,16],[16,17],[17,18],[6,20],[2,21],[12,22],[11,24],[24,25],[25,26],[6,27],[2,28],[12,29],[9,38],[38,39],[39,40],[12,41],[41,42],[8,43],[14,44],[8,46],[14,47],[12,48],[9,49],[32,54]],
"AST_2Edges":[[10,17],[19,18],[19,20],[15,21],[15,22],[10,25],[19,26],[19,27],[15,28],[15,29],[8,39],[19,40],[38,41],[19,42],[19,43],[19,44],[19,46],[19,47],[8,48],[12,49],[15,54]],
"templateASTEdges":[],
"templateEdges":[],
"verifHintTplPredEdges":[],
"verifHintTplPredPosNegEdges":[],
"verifHintTplEqTermEdges":[],
"verifHintTplInEqTermEdges":[],
"verifHintTplInEqTermPosNegEdges":[],
"dataFlowASTEdges":[],
"controlFlowHyperEdges":[[7,23,1],[7,30,1],[31,45,7],[31,50,7],[0,52,31],[0,55,31],[1,57,56]],
"dataFlowHyperEdges":[[8,23,2],[9,23,3],[15,23,4],[13,23,5],[14,23,6],[8,30,2],[9,30,3],[15,30,4],[13,30,5],[14,30,6],[32,45,8],[33,45,9],[34,45,10],[35,45,11],[36,45,13],[37,45,14],[32,50,8],[34,50,10],[35,50,11],[33,50,12],[36,50,13],[37,50,14],[19,55,33],[53,55,36],[53,55,37]],
"controlLocationEdgeForSCC":[],
"predicateTransitiveEdges":[],
"dummyFiled":[]
}