{
"nodeIds":[0,1,2,3,4,5,6,7,8,9,10,11,12,13,14,15,16,17,18,19,20,21,22,23,24,25,26,27,28,29,30,31,32,33,34,35,36,37,38,39,40,41],
"nodeSymbolList":["predicateName_0","predicateArgument_0","predicateArgument_1","FALSE","clause_0","=","symbolicConstant_0","0","!","=","symbolicConstant_1","!","=","symbolicConstant_2","clauseHead_0","clauseArgument_0","clauseArgument_1","clause_1","=","symbolicConstant_3","!","=","symbolicConstant_4","!","clauseHead_1","clauseArgument_2","clauseArgument_3","symbolicConstant_5","clauseBody_0","clauseArgument_4","+","1","clauseArgument_5","+","-1","clause_2","true","clauseHead_2","clauseBody_1","clauseArgument_6","clauseArgument_7","199"],
"falseIndices":[3],
"initialIndices":[],
"argumentIndices":[1,2],
"argumentBoundList":[[0,0],[1,0]],
"argumentBinaryOccurrenceList":[0,0],
"argumentOccurrence":[0,0],
"templateIndices":[],
"templateRelevanceLabel":[],
"templateCostLabel":[],
"clauseIndices":[4,17,35],
"guardIndices":[],
"clauseBinaryOccurrenceInCounterExampleList":[0,0,0],
"predictedLabel":[],
"controlLocationIndices":[],
"binaryAdjacentList":[[0,1],[0,2],[0,14],[0,24],[1,15],[1,25],[1,29],[1,39],[2,16],[2,26],[2,32],[2,40],[3,37],[4,14],[5,8],[6,5],[7,5],[7,9],[7,12],[7,18],[7,21],[8,4],[9,11],[10,9],[11,4],[12,4],[13,12],[14,15],[14,16],[15,6],[16,13],[17,24],[18,20],[19,18],[19,30],[20,17],[21,23],[22,21],[23,17],[24,25],[24,26],[25,19],[26,27],[27,33],[28,0],[28,17],[29,28],[30,29],[31,30],[31,39],[32,28],[33,32],[34,33],[35,37],[36,35],[38,0],[38,35],[39,38],[40,38],[41,40]],
"ternaryAdjacencyList":[],
"unknownEdges":[],
"argumentIDList":[0,1],
"argumentNameList":["main_1_1:argument0","main_1_1:argument1"],
"predicateIndices":[0],
"predicateOccurrenceInClause":[4],
"predicateStrongConnectedComponent":[1],
"predicateArgumentEdges":[[0,1],[0,2]],
"predicateInstanceEdges":[[0,14],[0,24],[28,0],[3,37],[38,0]],
"argumentInstanceEdges":[[1,15],[2,16],[1,25],[2,26],[1,29],[2,32],[1,39],[2,40]],
"controlHeadEdges":[[4,14],[17,24],[35,37]],
"controlBodyEdges":[[28,17],[38,35]],
"controlEdges":[],
"controlArgumentEdges":[[14,15],[14,16],[24,25],[24,26],[29,28],[32,28],[39,38],[40,38]],
"subTermEdges":[[6,5],[7,5],[5,8],[10,9],[7,9],[9,11],[13,12],[7,12],[19,18],[7,18],[18,20],[22,21],[7,21],[21,23],[19,30],[31,30],[27,33],[34,33]],
"guardEdges":[[8,4],[11,4],[12,4],[20,17],[23,17],[36,35]],
"dataEdges":[[15,6],[16,13],[25,19],[26,27],[30,29],[33,32],[31,39],[41,40]],
"predicateInstanceHeadEdges":[],
"predicateInstanceBodyEdges":[],
"controlArgumentHeadEdges":[],
"controlArgumentBodyEdges":[],
"guardConstantEdges":[],
"guardOperatorEdges":[],
"guardScEdges":[],
"dataConstantEdges":[],
"dataOperatorEdges":[],
"dataScEdges":[],
"subTermConstantOperatorEdges":[],
"subTermOperatorOperatorEdges":[],
"subTermScOperatorEdges":[],
"dummyFiled":[]
}