{
"nodeIds":[0,1,2,3,4,5,6,7,8,9,10,11,12,13,14,15,16,17,18,19,20,21,22,23,24,25,26,27,28,29,30,31,32,33,34,35,36,37,38,39,40,41,42,43,44,45,46,47],
"nodeSymbolList":["dummy","Initial","CONTROL_0","predicateArgument_0","predicateArgument_1","-","+",">=","1",">=","guard_0","CONTROL_1","true","guard_1","guard_2","guard_3","CONTROL_2","predicateArgument_2","predicateArgument_3","*","-2","-","+","+",">=",">=","guard_4","guard_5","*","2",">=",">=","0","guard_6","-","*","+",">=",">=","guard_7","-","*","+",">=",">=","guard_8","FALSE","guard_9"],
"falseIndices":[46],
"initialIndices":[1],
"argumentIndices":[3,4,17,18],
"argumentBoundList":[["None","None"],["None","None"],["None","None"],["None","None"]],
"argumentBinaryOccurrenceList":[0,0,0,0],
"argumentOccurrence":[0,0,0,0],
"templateIndices":[],
"templateRelevanceLabel":[],
"templateCostLabel":[],
"clauseIndices":[],
"guardIndices":[10,13,14,15,26,27,33,39,45,47],
"clauseBinaryOccurrenceInCounterExampleList":[1,1,1,1,0,0,0,1,0,1],
"predictedLabel":[],
"controlLocationIndices":[2,11,16],
"binaryAdjacentList":[[2,2],[3,2],[3,5],[3,9],[3,28],[3,31],[3,35],[3,38],[3,41],[3,44],[4,2],[4,6],[4,23],[4,30],[4,34],[4,40],[5,6],[6,7],[7,10],[8,7],[8,9],[8,22],[8,24],[8,25],[8,37],[8,38],[8,43],[9,10],[12,13],[12,14],[12,15],[12,27],[12,47],[16,16],[17,16],[17,19],[17,25],[18,16],[18,22],[19,21],[19,23],[20,19],[23,24],[24,26],[25,26],[28,30],[29,28],[29,35],[29,41],[30,33],[31,33],[32,31],[32,44],[34,36],[35,36],[36,37],[37,39],[38,39],[40,42],[41,42],[42,43],[43,45],[44,45]],
"ternaryAdjacencyList":[[1,10,2],[1,13,11],[1,14,11],[1,15,11],[16,26,2],[21,26,3],[22,26,4],[2,27,16],[3,27,17],[4,27,18],[2,33,11],[2,39,11],[2,45,11],[11,47,46]],
"unknownEdges":[],
"argumentIDList":[0,1,2,3],
"argumentNameList":["main_1_1:argument0","main_1_1:argument1","main_1_1_4_1:argument0","main_1_1_4_1:argument1"],
"predicateIndices":[2,11,16],
"predicateOccurrenceInClause":[6,7,2],
"predicateStrongConnectedComponent":[1,0,1],
"argumentEdges":[[3,2],[4,2],[17,16],[18,16]],
"guardASTEdges":[[7,10],[9,10],[12,13],[12,14],[12,15],[24,26],[25,26],[12,27],[30,33],[31,33],[37,39],[38,39],[43,45],[44,45],[12,47]],
"ASTEdges":[],
"AST_1Edges":[[4,6],[6,7],[3,9],[17,19],[19,21],[8,22],[4,23],[23,24],[17,25],[3,28],[4,30],[32,31],[4,34],[3,35],[34,36],[36,37],[3,38],[4,40],[3,41],[40,42],[42,43],[32,44]],
"AST_2Edges":[[3,5],[5,6],[8,7],[8,9],[20,19],[18,22],[19,23],[8,24],[8,25],[29,28],[28,30],[3,31],[29,35],[35,36],[8,37],[8,38],[29,41],[41,42],[8,43],[3,44]],
"templateASTEdges":[],
"templateEdges":[],
"verifHintTplPredEdges":[],
"verifHintTplPredPosNegEdges":[],
"verifHintTplEqTermEdges":[],
"verifHintTplInEqTermEdges":[],
"verifHintTplInEqTermPosNegEdges":[],
"dataFlowASTEdges":[],
"controlFlowHyperEdges":[[1,10,2],[1,13,11],[1,14,11],[1,15,11],[16,26,2],[2,27,16],[2,33,11],[2,39,11],[2,45,11],[11,47,46]],
"dataFlowHyperEdges":[[21,26,3],[22,26,4],[3,27,17],[4,27,18]],
"controlLocationEdgeForSCC":[],
"predicateTransitiveEdges":[[2,2],[16,16]],
"dummyFiled":[]
}