{
"nodeIds":[0,1,2,3,4,5,6,7,8,9,10,11,12,13,14,15,16,17,18,19,20,21,22,23,24,25,26,27,28,29,30,31,32,33,34,35,36,37,38,39,40,41,42,43,44,45,46,47,48,49,50,51,52,53,54,55,56],
"nodeSymbolList":["Initial","CONTROL_0","predicateArgument_0","predicateArgument_1","0",">=","2","guard_0","CONTROL_1","true","guard_1","CONTROL_2","predicateArgument_2","predicateArgument_3","+","1","+","-1","*",">=","guard_2","guard_3","CONTROL_3","predicateArgument_4","predicateArgument_5","+","*",">=","guard_4","guard_5","CONTROL_4","predicateArgument_6","predicateArgument_7","+","+",">=","guard_6","guard_7",">=","3","*","symbolicConstant_0","+","=","EX","guard_8",">=","*","symbolicConstant_1","-2","=","EX","guard_9",">=","guard_10","FALSE","guard_11"],
"falseIndices":[55],
"initialIndices":[0],
"argumentIndices":[2,3,12,13,23,24,31,32],
"argumentBoundList":[[1,0],[1,0],[1,0],[1,0],[1,0],[1,0],[1,0],[1,0]],
"argumentBinaryOccurrenceList":[0,0,0,0,0,0,0,0],
"argumentOccurrence":[0,0,0,0,0,0,0,0],
"templateIndices":[],
"templateRelevanceLabel":[],
"templateCostLabel":[],
"clauseIndices":[],
"guardIndices":[7,10,20,21,28,29,36,37,45,52,54,56],
"clauseBinaryOccurrenceInCounterExampleList":[0,0,0,0,0,0,0,0,0,0,0,0],
"controlLocationIndices":[1,8,11,22,30],
"binaryAdjacentList":[[2,1],[3,1],[3,5],[3,19],[3,27],[3,35],[3,38],[3,42],[3,46],[3,50],[3,53],[5,7],[6,5],[6,18],[6,19],[6,26],[6,27],[6,35],[6,40],[6,46],[6,53],[9,10],[9,21],[9,29],[9,37],[9,56],[12,11],[12,14],[13,11],[13,16],[15,14],[15,25],[15,33],[16,18],[17,16],[17,34],[17,43],[19,20],[23,22],[23,25],[24,22],[24,26],[27,28],[31,30],[31,33],[32,30],[32,34],[35,36],[38,45],[39,38],[40,42],[41,40],[42,43],[43,44],[44,45],[46,52],[47,50],[48,47],[49,47],[50,51],[51,52],[53,54]],
"ternaryAdjacencyList":[[0,7,1],[4,7,2],[0,10,8],[11,20,1],[14,20,2],[18,20,3],[1,21,11],[2,21,12],[3,21,13],[22,28,1],[25,28,2],[26,28,3],[1,29,22],[2,29,23],[3,29,24],[30,36,1],[33,36,2],[34,36,3],[1,37,30],[2,37,31],[3,37,32],[1,45,8],[1,52,8],[1,54,8],[8,56,55]],
"unknownEdges":[],
"argumentIDList":[0,1,2,3,4,5,6,7],
"argumentNameList":["main_1_1:argument0","main_1_1:argument1","main_1_1_2_1:argument0","main_1_1_2_1:argument1","main_1_1_3_1:argument0","main_1_1_3_1:argument1","main_1_1_4_1:argument0","main_1_1_4_1:argument1"],
"predicateIndices":[1,8,11,22,30],
"predicateOccurrenceInClause":[10,5,2,2,2],
"predicateStrongConnectedComponent":[1,0,1,1,1],
"argumentEdges":[[2,1],[3,1],[12,11],[13,11],[23,22],[24,22],[31,30],[32,30]],
"guardASTEdges":[[5,7],[9,10],[19,20],[9,21],[27,28],[9,29],[35,36],[9,37],[38,45],[44,45],[46,52],[51,52],[53,54],[9,56]],
"ASTEdges":[],
"AST_1Edges":[[3,5],[15,14],[17,16],[16,18],[3,19],[15,25],[24,26],[3,27],[15,33],[17,34],[3,35],[39,38],[41,40],[40,42],[42,43],[43,44],[6,46],[48,47],[3,50],[50,51],[6,53]],
"AST_2Edges":[[6,5],[12,14],[13,16],[6,18],[6,19],[23,25],[6,26],[6,27],[31,33],[32,34],[6,35],[3,38],[6,40],[3,42],[17,43],[3,46],[49,47],[47,50],[3,53]],
"templateASTEdges":[],
"templateEdges":[],
"verifHintTplPredEdges":[],
"verifHintTplPredPosNegEdges":[],
"verifHintTplEqTermEdges":[],
"verifHintTplInEqTermEdges":[],
"verifHintTplInEqTermPosNegEdges":[],
"dataFlowASTEdges":[],
"controlFlowHyperEdges":[[0,7,1],[0,10,8],[11,20,1],[1,21,11],[22,28,1],[1,29,22],[30,36,1],[1,37,30],[1,45,8],[1,52,8],[1,54,8],[8,56,55]],
"dataFlowHyperEdges":[[4,7,2],[14,20,2],[18,20,3],[2,21,12],[3,21,13],[25,28,2],[26,28,3],[2,29,23],[3,29,24],[33,36,2],[34,36,3],[2,37,31],[3,37,32]],
"controlLocationEdgeForSCC":[],
"predicateTransitiveEdges":[],
"dummyFiled":[]
}