{
"nodeIds":[0,1,2,3,4,5,6,7,8,9,10,11,12,13,14,15,16,17,18,19,20],
"nodeSymbolList":["predicateName_0","FALSE","clause_0",">=","symbolicConstant_0","0",">=","symbolicConstant_1",">=","symbolicConstant_2","clauseHead_0","clause_1",">=","symbolicConstant_3",">=","symbolicConstant_4","clauseHead_1","clause_2","true","clauseHead_2","clauseBody_0"],
"falseIndices":[1],
"initialIndices":[],
"argumentIndices":[],
"argumentBoundList":[],
"argumentBinaryOccurrenceList":[],
"argumentOccurrence":[],
"templateIndices":[],
"templateRelevanceLabel":[],
"templateCostLabel":[],
"clauseIndices":[2,11,17],
"guardIndices":[],
"clauseBinaryOccurrenceInCounterExampleList":[0,0,0],
"predictedLabel":[],
"controlLocationIndices":[],
"binaryAdjacentList":[[0,10],[0,16],[1,19],[2,10],[3,2],[4,3],[5,3],[5,6],[5,8],[5,12],[5,14],[6,2],[6,2],[6,2],[6,2],[7,6],[8,2],[9,8],[11,16],[12,11],[13,12],[14,11],[14,11],[15,14],[17,19],[18,17],[20,0],[20,17]],
"ternaryAdjacencyList":[],
"unknownEdges":[],
"argumentIDList":[],
"argumentNameList":[],
"predicateIndices":[0],
"predicateOccurrenceInClause":[3],
"predicateStrongConnectedComponent":[0],
"predicateArgumentEdges":[],
"predicateInstanceEdges":[[0,10],[0,16],[1,19],[20,0]],
"argumentInstanceEdges":[],
"controlHeadEdges":[[2,10],[11,16],[17,19]],
"controlBodyEdges":[[20,17]],
"controlEdges":[],
"controlArgumentEdges":[],
"subTermEdges":[[4,3],[5,3],[7,6],[5,6],[9,8],[5,8],[13,12],[5,12],[15,14],[5,14]],
"guardEdges":[[3,2],[6,2],[6,2],[8,2],[6,2],[6,2],[12,11],[14,11],[14,11],[18,17]],
"dataEdges":[],
"predicateInstanceHeadEdges":[],
"predicateInstanceBodyEdges":[],
"controlArgumentHeadEdges":[],
"controlArgumentBodyEdges":[],
"guardConstantEdges":[],
"guardOperatorEdges":[],
"guardScEdges":[],
"dataConstantEdges":[],
"dataOperatorEdges":[],
"dataScEdges":[],
"subTermConstantOperatorEdges":[],
"subTermOperatorOperatorEdges":[],
"subTermScOperatorEdges":[],
"dummyFiled":[]
}