{
"nodeIds":[0,1,2,3,4,5,6,7,8,9,10,11,12,13,14,15,16,17,18,19,20,21,22,23,24,25,26,27,28,29,30,31,32,33,34,35,36,37,38,39,40,41,42,43,44,45,46,47,48,49,50,51,52,53,54,55,56,57,58,59,60,61,62,63,64,65,66,67,68,69,70,71,72,73,74,75,76,77,78,79,80,81,82,83,84,85,86,87,88,89,90,91,92,93,94,95,96,97,98,99,100,101,102,103,104,105,106,107,108,109,110,111,112,113,114,115,116,117,118,119,120,121,122,123,124,125,126,127,128,129,130,131,132,133,134,135,136,137,138,139,140,141,142,143,144,145,146,147,148,149,150,151,152,153,154,155,156,157,158,159,160,161,162,163,164,165,166,167,168,169,170,171,172,173,174,175,176,177,178,179,180,181,182,183,184,185,186,187,188,189,190,191,192,193,194,195,196,197,198,199,200,201,202,203,204,205,206,207,208,209,210,211,212,213,214,215,216,217,218,219,220,221,222,223,224,225,226,227,228,229,230,231,232,233,234,235,236,237,238,239,240,241,242,243,244,245,246,247,248,249,250,251,252,253,254,255,256,257,258,259,260,261,262,263,264,265],
"nodeSymbolList":["dummy","Initial","CONTROL_0","predicateArgument_0","predicateArgument_1","predicateArgument_2","predicateArgument_3","predicateArgument_4","predicateArgument_5","predicateArgument_6","predicateArgument_7","predicateArgument_8","predicateArgument_9","predicateArgument_10","predicateArgument_11","predicateArgument_12","predicateArgument_13","predicateArgument_14","predicateArgument_15","2","3716","true","guard_0","CONTROL_1","predicateArgument_16","predicateArgument_17","predicateArgument_18","predicateArgument_19","predicateArgument_20","predicateArgument_21","predicateArgument_22","predicateArgument_23","predicateArgument_24","predicateArgument_25","predicateArgument_26","predicateArgument_27","predicateArgument_28","predicateArgument_29","predicateArgument_30","CONTROL_2","predicateArgument_31","predicateArgument_32","predicateArgument_33","predicateArgument_34","predicateArgument_35","predicateArgument_36","predicateArgument_37","predicateArgument_38","predicateArgument_39","predicateArgument_40","predicateArgument_41","predicateArgument_42","predicateArgument_43","predicateArgument_44","predicateArgument_45","predicateArgument_46","predicateArgument_47","predicateArgument_48","predicateArgument_49","predicateArgument_50","predicateArgument_51","CONTROL_3","predicateArgument_52","predicateArgument_53","predicateArgument_54","predicateArgument_55","predicateArgument_56","predicateArgument_57","predicateArgument_58","predicateArgument_59","predicateArgument_60","predicateArgument_61","predicateArgument_62","predicateArgument_63","predicateArgument_64","predicateArgument_65","predicateArgument_66","predicateArgument_67","predicateArgument_68","predicateArgument_69","predicateArgument_70","predicateArgument_71","predicateArgument_72","=","=","=","=","=","=","=","=","=","=","=","=","=","=","=","=","=","=","=","=","guard_1","=","=","=","guard_2","+","1","3796",">=","guard_3","CONTROL_4","predicateArgument_73","predicateArgument_74","predicateArgument_75","predicateArgument_76","predicateArgument_77","predicateArgument_78","predicateArgument_79","predicateArgument_80","predicateArgument_81","predicateArgument_82","predicateArgument_83","predicateArgument_84","predicateArgument_85","predicateArgument_86","predicateArgument_87","+","=",">=","=","=","=","=","=","=","=","=","=","=","=","guard_4","CONTROL_5","predicateArgument_88","predicateArgument_89","predicateArgument_90","predicateArgument_91","predicateArgument_92","predicateArgument_93","predicateArgument_94","predicateArgument_95","predicateArgument_96","predicateArgument_97","predicateArgument_98","predicateArgument_99","predicateArgument_100","predicateArgument_101","predicateArgument_102","CONTROL_6","predicateArgument_103","predicateArgument_104","predicateArgument_105","predicateArgument_106","predicateArgument_107","predicateArgument_108","predicateArgument_109","predicateArgument_110","predicateArgument_111","predicateArgument_112","predicateArgument_113","predicateArgument_114","predicateArgument_115","predicateArgument_116","predicateArgument_117","=","=","=","=","=","=","=","=","=","=","=","=","=","=","=","guard_5","guard_6","+","3898",">=","guard_7","CONTROL_7","predicateArgument_118","predicateArgument_119","predicateArgument_120","predicateArgument_121","predicateArgument_122","predicateArgument_123","predicateArgument_124","predicateArgument_125","predicateArgument_126","predicateArgument_127","predicateArgument_128","predicateArgument_129","predicateArgument_130","predicateArgument_131","predicateArgument_132","+","=",">=","=","=","=","=","=","=","=","=","=","=","=","guard_8","CONTROL_8","predicateArgument_133","CONTROL_9","predicateArgument_134","predicateArgument_135","predicateArgument_136","predicateArgument_137","predicateArgument_138","predicateArgument_139","predicateArgument_140","predicateArgument_141","predicateArgument_142","predicateArgument_143","predicateArgument_144","predicateArgument_145","predicateArgument_146","predicateArgument_147","predicateArgument_148","=","guard_9","guard_10","=","=","=","guard_11","=","=","=","guard_12","CONTROL_10",">=","guard_13",">=","guard_14",">=","guard_15","FALSE","guard_16"],
"falseIndices":[264],
"initialIndices":[1],
"argumentIndices":[3,4,5,6,7,8,9,10,11,12,13,14,15,16,17,18,24,25,26,27,28,29,30,31,32,33,34,35,36,37,38,40,41,42,43,44,45,46,47,48,49,50,51,52,53,54,55,56,57,58,59,60,62,63,64,65,66,67,68,69,70,71,72,73,74,75,76,77,78,79,80,81,82,114,115,116,117,118,119,120,121,122,123,124,125,126,127,128,145,146,147,148,149,150,151,152,153,154,155,156,157,158,159,161,162,163,164,165,166,167,168,169,170,171,172,173,174,175,198,199,200,201,202,203,204,205,206,207,208,209,210,211,212,229,231,232,233,234,235,236,237,238,239,240,241,242,243,244,245],
"argumentBoundList":[[1,1],[1,1],[0,0],[0,0],[0,0],[0,0],[0,0],[0,0],[0,0],[0,0],[0,0],[0,0],[0,0],[0,0],[0,0],[0,0],[1,1],[0,0],[0,0],[0,0],[0,0],[0,0],[0,0],[0,0],[0,0],[0,0],[0,0],[0,0],[0,0],[0,0],[0,0],[1,1],[1,1],[1,1],[0,0],[0,0],[0,0],[0,0],[0,0],[0,0],[0,0],[0,0],[0,0],[0,0],[0,0],[0,0],[0,0],[0,0],[0,0],[0,0],[0,0],[0,0],[1,1],[1,1],[1,1],[0,0],[0,0],[0,0],[0,0],[0,0],[0,0],[0,0],[0,0],[0,0],[0,0],[0,0],[0,0],[0,0],[0,0],[0,0],[0,0],[0,0],[0,0],[1,1],[1,1],[1,1],[1,1],[1,1],[1,1],[1,1],[1,1],[1,1],[1,1],[1,1],[1,1],[1,1],[1,1],[1,1],[1,1],[1,1],[1,1],[1,1],[1,1],[1,1],[1,1],[1,1],[1,1],[1,1],[1,1],[1,1],[1,1],[1,1],[1,1],[1,1],[1,1],[1,1],[1,1],[1,1],[1,1],[1,1],[1,1],[1,1],[1,1],[1,1],[1,1],[1,1],[1,1],[1,1],[1,1],[1,1],[1,1],[1,1],[1,1],[1,1],[1,1],[1,1],[1,1],[1,1],[1,1],[1,1],[1,1],[1,1],[1,1],[1,1],[1,1],[1,1],[1,1],[1,1],[1,1],[1,1],[1,1],[1,1],[1,1],[1,1],[1,1],[1,1],[1,1],[1,1],[1,1]],
"argumentBinaryOccurrenceList":[0,0,0,0,0,0,0,0,0,0,0,0,0,0,0,0,0,0,0,0,0,0,0,0,0,0,0,0,0,0,0,0,0,0,0,0,0,0,0,0,0,0,0,0,0,0,0,0,0,0,0,0,0,0,0,0,0,0,0,0,0,0,0,0,0,0,0,0,0,0,0,0,0,0,0,0,0,0,0,0,0,0,0,0,0,0,0,0,0,0,0,0,0,0,0,0,0,0,0,0,0,0,0,0,0,0,0,0,0,0,0,0,0,0,0,0,0,0,0,0,0,0,0,0,0,0,0,0,0,0,0,0,0,0,0,0,0,0,0,0,0,0,0,0,0,0,0,0,0],
"argumentOccurrence":[0,0,0,0,0,0,0,0,0,0,0,0,0,0,0,0,0,0,0,0,0,0,0,0,0,0,0,0,0,0,0,0,0,0,0,0,0,0,0,0,0,0,0,0,0,0,0,0,0,0,0,0,0,0,0,0,0,0,0,0,0,0,0,0,0,0,0,0,0,0,0,0,0,0,0,0,0,0,0,0,0,0,0,0,0,0,0,0,0,0,0,0,0,0,0,0,0,0,0,0,0,0,0,0,0,0,0,0,0,0,0,0,0,0,0,0,0,0,0,0,0,0,0,0,0,0,0,0,0,0,0,0,0,0,0,0,0,0,0,0,0,0,0,0,0,0,0,0,0],
"templateIndices":[],
"templateRelevanceLabel":[],
"templateCostLabel":[],
"clauseIndices":[],
"guardIndices":[22,103,107,112,143,191,192,196,227,247,248,252,256,259,261,263,265],
"clauseBinaryOccurrenceInCounterExampleList":[0,0,0,0,0,0,0,0,0,0,0,0,0,0,0,0,0],
"predictedLabel":[],
"controlLocationIndices":[2,23,39,61,113,144,160,197,228,230,257],
"binaryAdjacentList":[[2,2],[3,2],[3,111],[3,195],[3,249],[3,253],[4,2],[5,2],[6,2],[7,2],[8,2],[9,2],[10,2],[11,2],[12,2],[13,2],[14,2],[15,2],[16,2],[17,2],[18,2],[19,83],[19,84],[19,85],[19,86],[19,104],[19,105],[19,111],[19,131],[19,195],[19,215],[19,253],[19,258],[19,260],[19,262],[20,87],[20,88],[20,106],[21,22],[21,192],[21,248],[21,265],[23,23],[24,23],[24,108],[24,129],[24,258],[25,23],[25,100],[26,23],[26,94],[27,23],[27,90],[28,23],[28,98],[29,23],[29,93],[30,23],[30,99],[31,23],[31,95],[32,23],[32,89],[33,23],[33,101],[34,23],[34,97],[35,23],[35,102],[36,23],[36,92],[37,23],[37,96],[38,23],[38,91],[39,39],[40,39],[40,83],[40,104],[41,39],[41,87],[41,106],[41,130],[41,214],[42,39],[42,84],[42,105],[42,132],[42,219],[43,39],[43,142],[43,222],[44,39],[44,138],[44,221],[45,39],[45,139],[45,225],[46,39],[46,140],[46,226],[47,39],[47,254],[48,39],[48,255],[49,39],[49,133],[49,216],[50,39],[50,137],[50,220],[51,39],[51,136],[51,217],[52,39],[52,141],[52,223],[53,39],[53,134],[53,218],[54,39],[54,135],[54,224],[55,39],[55,251],[56,39],[56,250],[57,39],[57,254],[58,39],[58,255],[59,39],[59,251],[60,39],[60,250],[61,61],[62,61],[62,85],[63,61],[63,88],[64,61],[64,86],[65,61],[65,100],[66,61],[66,94],[67,61],[67,90],[68,61],[68,98],[69,61],[70,61],[71,61],[71,95],[72,61],[72,89],[73,61],[73,101],[74,61],[74,97],[75,61],[75,102],[76,61],[76,92],[77,61],[78,61],[79,61],[79,93],[80,61],[80,99],[81,61],[81,96],[82,61],[82,91],[83,103],[84,103],[85,103],[86,103],[87,103],[88,103],[89,103],[90,103],[91,103],[92,103],[93,103],[94,103],[95,103],[96,103],[97,103],[98,103],[99,103],[100,103],[101,103],[102,103],[104,107],[105,107],[106,107],[109,108],[109,129],[109,193],[109,213],[109,249],[110,130],[111,112],[113,113],[114,113],[114,131],[114,132],[115,113],[115,142],[116,113],[116,138],[117,113],[117,139],[118,113],[118,140],[119,113],[120,113],[121,113],[121,133],[122,113],[122,137],[123,113],[123,136],[124,113],[124,141],[125,113],[125,134],[126,113],[126,135],[127,113],[128,113],[130,143],[131,143],[132,143],[133,143],[134,143],[135,143],[136,143],[137,143],[138,143],[139,143],[140,143],[141,143],[142,143],[144,144],[145,144],[145,183],[145,193],[145,213],[145,260],[146,144],[146,185],[147,144],[147,177],[148,144],[148,179],[149,144],[149,187],[150,144],[150,181],[151,144],[151,186],[152,144],[152,180],[153,144],[153,190],[154,144],[154,178],[155,144],[155,182],[156,144],[156,189],[157,144],[157,188],[158,144],[158,184],[159,144],[159,176],[160,160],[161,160],[161,183],[162,160],[162,185],[163,160],[163,177],[164,160],[164,179],[165,160],[165,187],[166,160],[166,181],[167,160],[167,186],[168,160],[168,180],[169,160],[169,190],[170,160],[170,178],[171,160],[171,182],[172,160],[172,189],[173,160],[173,188],[174,160],[174,184],[175,160],[175,176],[176,191],[177,191],[178,191],[179,191],[180,191],[181,191],[182,191],[183,191],[184,191],[185,191],[186,191],[187,191],[188,191],[189,191],[190,191],[194,214],[195,196],[198,197],[198,215],[198,219],[199,197],[199,222],[200,197],[200,221],[201,197],[201,225],[202,197],[202,226],[203,197],[204,197],[205,197],[205,216],[206,197],[206,220],[207,197],[207,217],[208,197],[208,223],[209,197],[209,218],[210,197],[210,224],[211,197],[212,197],[214,227],[215,227],[216,227],[217,227],[218,227],[219,227],[220,227],[221,227],[222,227],[223,227],[224,227],[225,227],[226,227],[229,228],[229,246],[229,262],[231,230],[231,246],[232,230],[233,230],[234,230],[235,230],[236,230],[237,230],[238,230],[239,230],[240,230],[241,230],[242,230],[243,230],[244,230],[245,230],[246,247],[249,252],[250,252],[251,252],[253,256],[254,256],[255,256],[258,259],[260,261],[262,263]],
"ternaryAdjacencyList":[[1,22,2],[19,22,3],[20,22,4],[39,103,23],[61,103,23],[19,103,24],[65,103,25],[66,103,26],[67,103,27],[68,103,28],[79,103,29],[80,103,30],[71,103,31],[72,103,32],[73,103,33],[74,103,34],[75,103,35],[76,103,36],[81,103,37],[82,103,38],[39,107,61],[19,107,62],[20,107,63],[19,107,64],[43,107,65],[44,107,66],[45,107,67],[46,107,68],[49,107,71],[50,107,72],[51,107,73],[52,107,74],[53,107,75],[54,107,76],[57,107,79],[58,107,80],[59,107,81],[60,107,82],[23,112,2],[108,112,3],[110,112,4],[25,112,5],[26,112,6],[27,112,7],[28,112,8],[29,112,9],[30,112,10],[31,112,11],[32,112,12],[33,112,13],[34,112,14],[35,112,15],[36,112,16],[37,112,17],[38,112,18],[23,143,113],[39,143,113],[129,143,114],[42,143,114],[43,143,115],[44,143,116],[45,143,117],[46,143,118],[57,143,119],[58,143,120],[49,143,121],[50,143,122],[51,143,123],[52,143,124],[53,143,125],[54,143,126],[59,143,127],[60,143,128],[113,191,144],[160,191,144],[161,191,145],[162,191,146],[163,191,147],[164,191,148],[165,191,149],[166,191,150],[167,191,151],[168,191,152],[169,191,153],[170,191,154],[171,191,155],[172,191,156],[173,191,157],[174,191,158],[175,191,159],[113,192,160],[114,192,161],[115,192,162],[116,192,163],[117,192,164],[118,192,165],[119,192,166],[120,192,167],[121,192,168],[122,192,169],[123,192,170],[124,192,171],[125,192,172],[126,192,173],[127,192,174],[128,192,175],[144,196,2],[193,196,3],[194,196,4],[146,196,5],[147,196,6],[148,196,7],[149,196,8],[150,196,9],[151,196,10],[152,196,11],[153,196,12],[154,196,13],[155,196,14],[156,196,15],[157,196,16],[158,196,17],[159,196,18],[144,227,197],[39,227,197],[213,227,198],[42,227,198],[43,227,199],[44,227,200],[45,227,201],[46,227,202],[57,227,203],[58,227,204],[49,227,205],[50,227,206],[51,227,207],[52,227,208],[53,227,209],[54,227,210],[59,227,211],[60,227,212],[197,247,228],[230,247,228],[231,247,229],[197,248,230],[198,248,231],[199,248,232],[200,248,233],[201,248,234],[202,248,235],[203,248,236],[204,248,237],[205,248,238],[206,248,239],[207,248,240],[208,248,241],[209,248,242],[210,248,243],[211,248,244],[212,248,245],[2,252,39],[109,252,40],[4,252,41],[109,252,42],[5,252,43],[6,252,44],[7,252,45],[8,252,46],[9,252,47],[10,252,48],[11,252,49],[12,252,50],[13,252,51],[14,252,52],[15,252,53],[16,252,54],[17,252,59],[18,252,60],[2,256,39],[19,256,40],[4,256,41],[19,256,42],[5,256,43],[6,256,44],[7,256,45],[8,256,46],[9,256,47],[10,256,48],[11,256,49],[12,256,50],[13,256,51],[14,256,52],[15,256,53],[16,256,54],[17,256,55],[18,256,56],[23,259,257],[144,261,257],[228,263,257],[257,265,264]],
"unknownEdges":[],
"argumentIDList":[133,134,135,136,137,138,139,140,141,142,143,144,145,146,147,148,76,77,78,79,80,81,82,83,84,85,86,87,88,89,90,91,92,93,94,95,96,97,98,99,100,101,102,103,104,105,106,107,108,109,110,111,112,113,114,115,116,117,118,119,120,121,122,123,124,125,126,127,128,129,130,131,132,0,1,2,3,4,5,6,7,8,9,10,11,12,13,14,30,31,32,33,34,35,36,37,38,39,40,41,42,43,44,15,16,17,18,19,20,21,22,23,24,25,26,27,28,29,45,46,47,48,49,50,51,52,53,54,55,56,57,58,59,75,60,61,62,63,64,65,66,67,68,69,70,71,72,73,74],
"argumentNameList":["<java.lang.Long: void <init>(long)>_pre:argument0","<java.lang.Long: void <init>(long)>_pre:argument1","<java.lang.Long: void <init>(long)>_pre:argument2","<java.lang.Long: void <init>(long)>_pre:argument3","<java.lang.Long: void <init>(long)>_pre:argument4","<java.lang.Long: void <init>(long)>_pre:argument5","<java.lang.Long: void <init>(long)>_pre:argument6","<java.lang.Long: void <init>(long)>_pre:argument7","<java.lang.Long: void <init>(long)>_pre:argument8","<java.lang.Long: void <init>(long)>_pre:argument9","<java.lang.Long: void <init>(long)>_pre:argument10","<java.lang.Long: void <init>(long)>_pre:argument11","<java.lang.Long: void <init>(long)>_pre:argument12","<java.lang.Long: void <init>(long)>_pre:argument13","<java.lang.Long: void <init>(long)>_pre:argument14","<java.lang.Long: void <init>(long)>_pre:argument15","<Main: void main(JayArray_java_lang_String)>_Block1_9:argument0","<Main: void main(JayArray_java_lang_String)>_Block1_9:argument1","<Main: void main(JayArray_java_lang_String)>_Block1_9:argument2","<Main: void main(JayArray_java_lang_String)>_Block1_9:argument3","<Main: void main(JayArray_java_lang_String)>_Block1_9:argument4","<Main: void main(JayArray_java_lang_String)>_Block1_9:argument5","<Main: void main(JayArray_java_lang_String)>_Block1_9:argument6","<Main: void main(JayArray_java_lang_String)>_Block1_9:argument7","<Main: void main(JayArray_java_lang_String)>_Block1_9:argument8","<Main: void main(JayArray_java_lang_String)>_Block1_9:argument9","<Main: void main(JayArray_java_lang_String)>_Block1_9:argument10","<Main: void main(JayArray_java_lang_String)>_Block1_9:argument11","<Main: void main(JayArray_java_lang_String)>_Block1_9:argument12","<Main: void main(JayArray_java_lang_String)>_Block1_9:argument13","<Main: void main(JayArray_java_lang_String)>_Block1_9:argument14","<java.lang.Long: void <init>(long)>_Block0_4:argument0","<java.lang.Long: void <init>(long)>_Block0_4:argument1","<java.lang.Long: void <init>(long)>_Block0_4:argument2","<java.lang.Long: void <init>(long)>_Block0_4:argument3","<java.lang.Long: void <init>(long)>_Block0_4:argument4","<java.lang.Long: void <init>(long)>_Block0_4:argument5","<java.lang.Long: void <init>(long)>_Block0_4:argument6","<java.lang.Long: void <init>(long)>_Block0_4:argument7","<java.lang.Long: void <init>(long)>_Block0_4:argument8","<java.lang.Long: void <init>(long)>_Block0_4:argument9","<java.lang.Long: void <init>(long)>_Block0_4:argument10","<java.lang.Long: void <init>(long)>_Block0_4:argument11","<java.lang.Long: void <init>(long)>_Block0_4:argument12","<java.lang.Long: void <init>(long)>_Block0_4:argument13","<java.lang.Long: void <init>(long)>_Block0_4:argument14","<java.lang.Long: void <init>(long)>_Block0_4:argument15","<java.lang.Long: void <init>(long)>_Block0_4:argument16","<java.lang.Long: void <init>(long)>_Block0_4:argument17","<java.lang.Long: void <init>(long)>_Block0_4:argument18","<java.lang.Long: void <init>(long)>_Block0_4:argument19","<java.lang.Long: void <init>(long)>_Block0_4:argument20","<java.lang.Long: void <init>(long)>_Block0_4_1_1:argument0","<java.lang.Long: void <init>(long)>_Block0_4_1_1:argument1","<java.lang.Long: void <init>(long)>_Block0_4_1_1:argument2","<java.lang.Long: void <init>(long)>_Block0_4_1_1:argument3","<java.lang.Long: void <init>(long)>_Block0_4_1_1:argument4","<java.lang.Long: void <init>(long)>_Block0_4_1_1:argument5","<java.lang.Long: void <init>(long)>_Block0_4_1_1:argument6","<java.lang.Long: void <init>(long)>_Block0_4_1_1:argument7","<java.lang.Long: void <init>(long)>_Block0_4_1_1:argument8","<java.lang.Long: void <init>(long)>_Block0_4_1_1:argument9","<java.lang.Long: void <init>(long)>_Block0_4_1_1:argument10","<java.lang.Long: void <init>(long)>_Block0_4_1_1:argument11","<java.lang.Long: void <init>(long)>_Block0_4_1_1:argument12","<java.lang.Long: void <init>(long)>_Block0_4_1_1:argument13","<java.lang.Long: void <init>(long)>_Block0_4_1_1:argument14","<java.lang.Long: void <init>(long)>_Block0_4_1_1:argument15","<java.lang.Long: void <init>(long)>_Block0_4_1_1:argument16","<java.lang.Long: void <init>(long)>_Block0_4_1_1:argument17","<java.lang.Long: void <init>(long)>_Block0_4_1_1:argument18","<java.lang.Long: void <init>(long)>_Block0_4_1_1:argument19","<java.lang.Long: void <init>(long)>_Block0_4_1_1:argument20","<Main: void main(JayArray_java_lang_String)>_Block1_12:argument0","<Main: void main(JayArray_java_lang_String)>_Block1_12:argument1","<Main: void main(JayArray_java_lang_String)>_Block1_12:argument2","<Main: void main(JayArray_java_lang_String)>_Block1_12:argument3","<Main: void main(JayArray_java_lang_String)>_Block1_12:argument4","<Main: void main(JayArray_java_lang_String)>_Block1_12:argument5","<Main: void main(JayArray_java_lang_String)>_Block1_12:argument6","<Main: void main(JayArray_java_lang_String)>_Block1_12:argument7","<Main: void main(JayArray_java_lang_String)>_Block1_12:argument8","<Main: void main(JayArray_java_lang_String)>_Block1_12:argument9","<Main: void main(JayArray_java_lang_String)>_Block1_12:argument10","<Main: void main(JayArray_java_lang_String)>_Block1_12:argument11","<Main: void main(JayArray_java_lang_String)>_Block1_12:argument12","<Main: void main(JayArray_java_lang_String)>_Block1_12:argument13","<Main: void main(JayArray_java_lang_String)>_Block1_12:argument14","<Main: void main(JayArray_java_lang_String)>_Block1_13:argument0","<Main: void main(JayArray_java_lang_String)>_Block1_13:argument1","<Main: void main(JayArray_java_lang_String)>_Block1_13:argument2","<Main: void main(JayArray_java_lang_String)>_Block1_13:argument3","<Main: void main(JayArray_java_lang_String)>_Block1_13:argument4","<Main: void main(JayArray_java_lang_String)>_Block1_13:argument5","<Main: void main(JayArray_java_lang_String)>_Block1_13:argument6","<Main: void main(JayArray_java_lang_String)>_Block1_13:argument7","<Main: void main(JayArray_java_lang_String)>_Block1_13:argument8","<Main: void main(JayArray_java_lang_String)>_Block1_13:argument9","<Main: void main(JayArray_java_lang_String)>_Block1_13:argument10","<Main: void main(JayArray_java_lang_String)>_Block1_13:argument11","<Main: void main(JayArray_java_lang_String)>_Block1_13:argument12","<Main: void main(JayArray_java_lang_String)>_Block1_13:argument13","<Main: void main(JayArray_java_lang_String)>_Block1_13:argument14","<Main: void main(JayArray_java_lang_String)>_Block1_12_4_1:argument0","<Main: void main(JayArray_java_lang_String)>_Block1_12_4_1:argument1","<Main: void main(JayArray_java_lang_String)>_Block1_12_4_1:argument2","<Main: void main(JayArray_java_lang_String)>_Block1_12_4_1:argument3","<Main: void main(JayArray_java_lang_String)>_Block1_12_4_1:argument4","<Main: void main(JayArray_java_lang_String)>_Block1_12_4_1:argument5","<Main: void main(JayArray_java_lang_String)>_Block1_12_4_1:argument6","<Main: void main(JayArray_java_lang_String)>_Block1_12_4_1:argument7","<Main: void main(JayArray_java_lang_String)>_Block1_12_4_1:argument8","<Main: void main(JayArray_java_lang_String)>_Block1_12_4_1:argument9","<Main: void main(JayArray_java_lang_String)>_Block1_12_4_1:argument10","<Main: void main(JayArray_java_lang_String)>_Block1_12_4_1:argument11","<Main: void main(JayArray_java_lang_String)>_Block1_12_4_1:argument12","<Main: void main(JayArray_java_lang_String)>_Block1_12_4_1:argument13","<Main: void main(JayArray_java_lang_String)>_Block1_12_4_1:argument14","<Main: void main(JayArray_java_lang_String)>_Block1_17:argument0","<Main: void main(JayArray_java_lang_String)>_Block1_17:argument1","<Main: void main(JayArray_java_lang_String)>_Block1_17:argument2","<Main: void main(JayArray_java_lang_String)>_Block1_17:argument3","<Main: void main(JayArray_java_lang_String)>_Block1_17:argument4","<Main: void main(JayArray_java_lang_String)>_Block1_17:argument5","<Main: void main(JayArray_java_lang_String)>_Block1_17:argument6","<Main: void main(JayArray_java_lang_String)>_Block1_17:argument7","<Main: void main(JayArray_java_lang_String)>_Block1_17:argument8","<Main: void main(JayArray_java_lang_String)>_Block1_17:argument9","<Main: void main(JayArray_java_lang_String)>_Block1_17:argument10","<Main: void main(JayArray_java_lang_String)>_Block1_17:argument11","<Main: void main(JayArray_java_lang_String)>_Block1_17:argument12","<Main: void main(JayArray_java_lang_String)>_Block1_17:argument13","<Main: void main(JayArray_java_lang_String)>_Block1_17:argument14","<Main: void main(JayArray_java_lang_String)>_Block1_18:argument0","<Main: void main(JayArray_java_lang_String)>_Block1_17_7_1:argument0","<Main: void main(JayArray_java_lang_String)>_Block1_17_7_1:argument1","<Main: void main(JayArray_java_lang_String)>_Block1_17_7_1:argument2","<Main: void main(JayArray_java_lang_String)>_Block1_17_7_1:argument3","<Main: void main(JayArray_java_lang_String)>_Block1_17_7_1:argument4","<Main: void main(JayArray_java_lang_String)>_Block1_17_7_1:argument5","<Main: void main(JayArray_java_lang_String)>_Block1_17_7_1:argument6","<Main: void main(JayArray_java_lang_String)>_Block1_17_7_1:argument7","<Main: void main(JayArray_java_lang_String)>_Block1_17_7_1:argument8","<Main: void main(JayArray_java_lang_String)>_Block1_17_7_1:argument9","<Main: void main(JayArray_java_lang_String)>_Block1_17_7_1:argument10","<Main: void main(JayArray_java_lang_String)>_Block1_17_7_1:argument11","<Main: void main(JayArray_java_lang_String)>_Block1_17_7_1:argument12","<Main: void main(JayArray_java_lang_String)>_Block1_17_7_1:argument13","<Main: void main(JayArray_java_lang_String)>_Block1_17_7_1:argument14"],
"predicateIndices":[2,23,39,61,113,144,160,197,228,230,257],
"predicateOccurrenceInClause":[5,4,6,2,3,4,2,3,2,2,4],
"predicateStrongConnectedComponent":[1,1,1,1,1,1,1,0,0,0,0],
"argumentEdges":[[3,2],[4,2],[5,2],[6,2],[7,2],[8,2],[9,2],[10,2],[11,2],[12,2],[13,2],[14,2],[15,2],[16,2],[17,2],[18,2],[24,23],[25,23],[26,23],[27,23],[28,23],[29,23],[30,23],[31,23],[32,23],[33,23],[34,23],[35,23],[36,23],[37,23],[38,23],[40,39],[41,39],[42,39],[43,39],[44,39],[45,39],[46,39],[47,39],[48,39],[49,39],[50,39],[51,39],[52,39],[53,39],[54,39],[55,39],[56,39],[57,39],[58,39],[59,39],[60,39],[62,61],[63,61],[64,61],[65,61],[66,61],[67,61],[68,61],[69,61],[70,61],[71,61],[72,61],[73,61],[74,61],[75,61],[76,61],[77,61],[78,61],[79,61],[80,61],[81,61],[82,61],[114,113],[115,113],[116,113],[117,113],[118,113],[119,113],[120,113],[121,113],[122,113],[123,113],[124,113],[125,113],[126,113],[127,113],[128,113],[145,144],[146,144],[147,144],[148,144],[149,144],[150,144],[151,144],[152,144],[153,144],[154,144],[155,144],[156,144],[157,144],[158,144],[159,144],[161,160],[162,160],[163,160],[164,160],[165,160],[166,160],[167,160],[168,160],[169,160],[170,160],[171,160],[172,160],[173,160],[174,160],[175,160],[198,197],[199,197],[200,197],[201,197],[202,197],[203,197],[204,197],[205,197],[206,197],[207,197],[208,197],[209,197],[210,197],[211,197],[212,197],[229,228],[231,230],[232,230],[233,230],[234,230],[235,230],[236,230],[237,230],[238,230],[239,230],[240,230],[241,230],[242,230],[243,230],[244,230],[245,230]],
"guardASTEdges":[[21,22],[83,103],[84,103],[85,103],[86,103],[87,103],[88,103],[89,103],[90,103],[91,103],[92,103],[93,103],[94,103],[95,103],[96,103],[97,103],[98,103],[99,103],[100,103],[101,103],[102,103],[104,107],[105,107],[106,107],[111,112],[130,143],[131,143],[132,143],[133,143],[134,143],[135,143],[136,143],[137,143],[138,143],[139,143],[140,143],[141,143],[142,143],[176,191],[177,191],[178,191],[179,191],[180,191],[181,191],[182,191],[183,191],[184,191],[185,191],[186,191],[187,191],[188,191],[189,191],[190,191],[21,192],[195,196],[214,227],[215,227],[216,227],[217,227],[218,227],[219,227],[220,227],[221,227],[222,227],[223,227],[224,227],[225,227],[226,227],[246,247],[21,248],[249,252],[250,252],[251,252],[253,256],[254,256],[255,256],[258,259],[260,261],[262,263],[21,265]],
"ASTEdges":[],
"AST_1Edges":[[40,83],[42,84],[62,85],[64,86],[41,87],[63,88],[72,89],[67,90],[82,91],[76,92],[79,93],[66,94],[71,95],[81,96],[74,97],[68,98],[80,99],[65,100],[73,101],[75,102],[40,104],[42,105],[41,106],[109,108],[19,111],[109,129],[41,130],[19,131],[42,132],[49,133],[53,134],[54,135],[51,136],[50,137],[44,138],[45,139],[46,140],[52,141],[43,142],[175,176],[163,177],[170,178],[164,179],[168,180],[166,181],[171,182],[161,183],[174,184],[162,185],[167,186],[165,187],[173,188],[172,189],[169,190],[109,193],[19,195],[109,213],[41,214],[19,215],[49,216],[51,217],[53,218],[42,219],[50,220],[44,221],[43,222],[52,223],[54,224],[45,225],[46,226],[231,246],[3,249],[56,250],[55,251],[3,253],[57,254],[58,255],[24,258],[145,260],[229,262]],
"AST_2Edges":[[19,83],[19,84],[19,85],[19,86],[20,87],[20,88],[32,89],[27,90],[38,91],[36,92],[29,93],[26,94],[31,95],[37,96],[34,97],[28,98],[30,99],[25,100],[33,101],[35,102],[19,104],[19,105],[20,106],[24,108],[3,111],[24,129],[110,130],[114,131],[114,132],[121,133],[125,134],[126,135],[123,136],[122,137],[116,138],[117,139],[118,140],[124,141],[115,142],[159,176],[147,177],[154,178],[148,179],[152,180],[150,181],[155,182],[145,183],[158,184],[146,185],[151,186],[149,187],[157,188],[156,189],[153,190],[145,193],[3,195],[145,213],[194,214],[198,215],[205,216],[207,217],[209,218],[198,219],[206,220],[200,221],[199,222],[208,223],[210,224],[201,225],[202,226],[229,246],[109,249],[60,250],[59,251],[19,253],[47,254],[48,255],[19,258],[19,260],[19,262]],
"templateASTEdges":[],
"templateEdges":[],
"verifHintTplPredEdges":[],
"verifHintTplPredPosNegEdges":[],
"verifHintTplEqTermEdges":[],
"verifHintTplInEqTermEdges":[],
"verifHintTplInEqTermPosNegEdges":[],
"dataFlowASTEdges":[],
"controlFlowHyperEdges":[[1,22,2],[39,103,23],[61,103,23],[39,107,61],[23,112,2],[23,143,113],[39,143,113],[113,191,144],[160,191,144],[113,192,160],[144,196,2],[144,227,197],[39,227,197],[197,247,228],[230,247,228],[197,248,230],[2,252,39],[2,256,39],[23,259,257],[144,261,257],[228,263,257],[257,265,264]],
"dataFlowHyperEdges":[[19,22,3],[20,22,4],[19,103,24],[65,103,25],[66,103,26],[67,103,27],[68,103,28],[79,103,29],[80,103,30],[71,103,31],[72,103,32],[73,103,33],[74,103,34],[75,103,35],[76,103,36],[81,103,37],[82,103,38],[19,107,62],[20,107,63],[19,107,64],[43,107,65],[44,107,66],[45,107,67],[46,107,68],[49,107,71],[50,107,72],[51,107,73],[52,107,74],[53,107,75],[54,107,76],[57,107,79],[58,107,80],[59,107,81],[60,107,82],[108,112,3],[110,112,4],[25,112,5],[26,112,6],[27,112,7],[28,112,8],[29,112,9],[30,112,10],[31,112,11],[32,112,12],[33,112,13],[34,112,14],[35,112,15],[36,112,16],[37,112,17],[38,112,18],[129,143,114],[42,143,114],[43,143,115],[44,143,116],[45,143,117],[46,143,118],[57,143,119],[58,143,120],[49,143,121],[50,143,122],[51,143,123],[52,143,124],[53,143,125],[54,143,126],[59,143,127],[60,143,128],[161,191,145],[162,191,146],[163,191,147],[164,191,148],[165,191,149],[166,191,150],[167,191,151],[168,191,152],[169,191,153],[170,191,154],[171,191,155],[172,191,156],[173,191,157],[174,191,158],[175,191,159],[114,192,161],[115,192,162],[116,192,163],[117,192,164],[118,192,165],[119,192,166],[120,192,167],[121,192,168],[122,192,169],[123,192,170],[124,192,171],[125,192,172],[126,192,173],[127,192,174],[128,192,175],[193,196,3],[194,196,4],[146,196,5],[147,196,6],[148,196,7],[149,196,8],[150,196,9],[151,196,10],[152,196,11],[153,196,12],[154,196,13],[155,196,14],[156,196,15],[157,196,16],[158,196,17],[159,196,18],[213,227,198],[42,227,198],[43,227,199],[44,227,200],[45,227,201],[46,227,202],[57,227,203],[58,227,204],[49,227,205],[50,227,206],[51,227,207],[52,227,208],[53,227,209],[54,227,210],[59,227,211],[60,227,212],[231,247,229],[198,248,231],[199,248,232],[200,248,233],[201,248,234],[202,248,235],[203,248,236],[204,248,237],[205,248,238],[206,248,239],[207,248,240],[208,248,241],[209,248,242],[210,248,243],[211,248,244],[212,248,245],[109,252,40],[4,252,41],[109,252,42],[5,252,43],[6,252,44],[7,252,45],[8,252,46],[9,252,47],[10,252,48],[11,252,49],[12,252,50],[13,252,51],[14,252,52],[15,252,53],[16,252,54],[17,252,59],[18,252,60],[19,256,40],[4,256,41],[19,256,42],[5,256,43],[6,256,44],[7,256,45],[8,256,46],[9,256,47],[10,256,48],[11,256,49],[12,256,50],[13,256,51],[14,256,52],[15,256,53],[16,256,54],[17,256,55],[18,256,56]],
"controlLocationEdgeForSCC":[],
"predicateTransitiveEdges":[[23,23],[2,2],[113,113],[61,61],[39,39],[160,160],[144,144]],
"dummyFiled":[]
}