{
"nodeIds":[0,1,2,3,4,5,6,7,8,9,10,11,12,13,14,15,16,17,18,19,20,21,22,23,24,25,26,27,28,29,30,31,32,33,34,35,36,37,38,39,40,41,42,43,44,45,46,47,48,49,50,51,52,53,54,55,56,57,58,59,60,61,62,63,64,65,66,67,68,69,70],
"nodeSymbolList":["dummy","Initial","CONTROL_0","predicateArgument_0","predicateArgument_1","=","!",">=","2","guard_0","CONTROL_1","predicateArgument_2","predicateArgument_3","true","guard_1","CONTROL_2","predicateArgument_4","predicateArgument_5","+","1","-","-",">=","3","=","guard_2","+","-","-","=","!",">=","guard_3","+","-","-",">=","=","guard_4","+","-","-",">=","=","guard_5","+","-","-","=","!",">=","guard_6","CONTROL_3","predicateArgument_6","predicateArgument_7","+","-","-",">=","=","guard_7","=","!",">=","guard_8","guard_9","FALSE","=","4","=","guard_10"],
"falseIndices":[66],
"initialIndices":[1],
"argumentIndices":[3,4,11,12,16,17,53,54],
"argumentBoundList":[["None","None"],["None","None"],["None","None"],["None","None"],["None","None"],["None","None"],["None","None"],["None","None"]],
"argumentBinaryOccurrenceList":[0,0,0,0,0,0,0,0],
"argumentOccurrence":[0,0,0,0,0,0,0,0],
"templateIndices":[],
"templateRelevanceLabel":[],
"templateCostLabel":[],
"clauseIndices":[],
"guardIndices":[9,14,25,32,38,44,51,60,64,65,70],
"clauseBinaryOccurrenceInCounterExampleList":[1,1,0,0,0,0,1,0,0,0,1],
"predictedLabel":[],
"controlLocationIndices":[2,10,15,52],
"binaryAdjacentList":[[2,2],[3,2],[3,7],[3,36],[4,2],[4,5],[5,6],[6,9],[7,9],[8,7],[8,63],[10,10],[11,10],[11,22],[11,31],[11,39],[11,45],[11,55],[11,67],[12,10],[12,43],[12,48],[12,59],[12,69],[13,14],[13,65],[15,15],[16,15],[16,18],[16,26],[16,33],[16,42],[16,50],[17,15],[17,24],[17,29],[17,37],[19,18],[19,26],[19,33],[19,39],[19,45],[19,55],[20,21],[22,25],[23,22],[23,31],[23,36],[23,42],[23,50],[23,58],[24,25],[27,28],[29,30],[30,32],[31,32],[34,35],[36,38],[37,38],[40,41],[42,44],[43,44],[46,47],[48,49],[49,51],[50,51],[52,52],[53,52],[53,58],[53,63],[54,52],[54,61],[56,57],[58,60],[59,60],[61,62],[62,64],[63,64],[67,70],[68,67],[69,70]],
"ternaryAdjacencyList":[[1,9,2],[2,14,10],[3,14,11],[4,14,12],[15,25,10],[18,25,11],[21,25,12],[15,32,10],[26,32,11],[28,32,12],[15,38,2],[33,38,3],[35,38,4],[10,44,15],[39,44,16],[41,44,17],[10,51,15],[45,51,16],[47,51,17],[10,60,52],[55,60,53],[57,60,54],[1,64,52],[52,65,15],[53,65,16],[54,65,17],[10,70,66]],
"unknownEdges":[],
"argumentIDList":[6,7,4,5,0,1,2,3],
"argumentNameList":["f_fFINAL:argument0","f_fFINAL:argument1","f_fEXIT:argument0","f_fEXIT:argument1","f2_f2EXIT:argument0","f2_f2EXIT:argument1","f2_f2FINAL:argument0","f2_f2FINAL:argument1"],
"predicateIndices":[2,10,15,52],
"predicateOccurrenceInClause":[3,7,6,3],
"predicateStrongConnectedComponent":[1,1,1,1],
"argumentEdges":[[3,2],[4,2],[11,10],[12,10],[16,15],[17,15],[53,52],[54,52]],
"guardASTEdges":[[6,9],[7,9],[13,14],[22,25],[24,25],[30,32],[31,32],[36,38],[37,38],[42,44],[43,44],[49,51],[50,51],[58,60],[59,60],[62,64],[63,64],[13,65],[67,70],[69,70]],
"ASTEdges":[],
"AST_1Edges":[[4,5],[5,6],[8,7],[19,18],[20,21],[11,22],[17,24],[19,26],[27,28],[17,29],[29,30],[11,31],[19,33],[34,35],[3,36],[17,37],[19,39],[40,41],[16,42],[12,43],[19,45],[46,47],[12,48],[48,49],[16,50],[19,55],[56,57],[53,58],[12,59],[54,61],[61,62],[8,63],[11,67],[12,69]],
"AST_2Edges":[[3,7],[16,18],[23,22],[16,26],[23,31],[16,33],[23,36],[11,39],[23,42],[11,45],[23,50],[11,55],[23,58],[53,63],[68,67]],
"templateASTEdges":[],
"templateEdges":[],
"verifHintTplPredEdges":[],
"verifHintTplPredPosNegEdges":[],
"verifHintTplEqTermEdges":[],
"verifHintTplInEqTermEdges":[],
"verifHintTplInEqTermPosNegEdges":[],
"dataFlowASTEdges":[],
"controlFlowHyperEdges":[[1,9,2],[2,14,10],[15,25,10],[15,32,10],[15,38,2],[10,44,15],[10,51,15],[10,60,52],[1,64,52],[52,65,15],[10,70,66]],
"dataFlowHyperEdges":[[3,14,11],[4,14,12],[18,25,11],[21,25,12],[26,32,11],[28,32,12],[33,38,3],[35,38,4],[39,44,16],[41,44,17],[45,51,16],[47,51,17],[55,60,53],[57,60,54],[53,65,16],[54,65,17]],
"controlLocationEdgeForSCC":[],
"predicateTransitiveEdges":[[2,2],[15,15],[52,52],[10,10]],
"dummyFiled":[]
}