{
"nodeIds":[0,1,2,3,4,5,6,7,8,9,10,11,12,13,14,15,16,17,18,19,20,21,22,23,24,25,26,27,28,29,30,31,32,33,34,35,36,37,38,39,40,41,42,43,44,45,46,47,48,49,50,51,52,53,54,55,56,57,58,59,60,61,62,63,64,65,66,67,68,69,70,71,72,73,74,75,76,77,78,79,80,81,82,83,84,85,86,87,88,89,90,91,92,93,94,95,96,97,98,99,100,101,102,103,104,105,106,107,108,109,110,111,112,113,114,115,116,117,118,119,120,121,122,123,124,125,126,127,128,129,130,131,132,133,134,135,136,137,138,139,140,141,142,143,144,145,146,147,148,149,150,151,152,153,154,155,156,157,158,159,160,161,162,163,164,165,166,167,168,169,170,171,172,173,174,175,176,177,178,179,180,181,182,183,184,185,186,187,188,189,190,191,192,193,194,195,196,197,198,199,200,201,202,203,204,205,206,207,208,209,210,211,212,213,214,215,216,217,218,219,220,221,222,223,224,225,226,227,228,229,230,231,232,233,234,235,236,237,238,239,240,241,242,243,244,245,246,247,248,249,250,251,252,253,254,255,256,257,258,259,260,261,262,263,264,265,266,267,268,269,270,271,272,273,274,275,276,277,278,279,280,281,282,283,284],
"nodeSymbolList":["predicateName_0","predicateName_1","FALSE","clause_0","=","symbolicConstant_0","0","!","=","symbolicConstant_1","!","=","symbolicConstant_2","!","=","symbolicConstant_3","!","=","symbolicConstant_4","!","=","symbolicConstant_5","!","=","symbolicConstant_6","!","clauseHead_0","clause_1","=","symbolicConstant_7","!","=","symbolicConstant_8","!","=","symbolicConstant_9","!","=","symbolicConstant_10","!","=","symbolicConstant_11","!","=","symbolicConstant_12","!","=","symbolicConstant_13","!","=","symbolicConstant_14","!","clauseHead_1","clause_2","=","symbolicConstant_15","!","=","symbolicConstant_16","!","=","symbolicConstant_17","!","=","symbolicConstant_18","!","=","symbolicConstant_19","!","=","symbolicConstant_20","!","=","symbolicConstant_21","!","clauseHead_2","clause_3","=","symbolicConstant_22","!","=","symbolicConstant_23","!","=","symbolicConstant_24","!","=","symbolicConstant_25","!","=","symbolicConstant_26","!","=","symbolicConstant_27","!","=","symbolicConstant_28","!","=","symbolicConstant_29","!","=","symbolicConstant_30","!","=","symbolicConstant_31","!","=","symbolicConstant_32","!","=","symbolicConstant_33","!","clauseHead_3","clause_4","=","symbolicConstant_34","!","=","symbolicConstant_35","!","=","symbolicConstant_36","!","=","symbolicConstant_37","!","=","symbolicConstant_38","!","=","symbolicConstant_39","!","=","symbolicConstant_40","!","=","symbolicConstant_41","!","=","symbolicConstant_42","!","=","symbolicConstant_43","!","=","symbolicConstant_44","!","=","symbolicConstant_45","!","clauseHead_4","clause_5","=","symbolicConstant_46","!","=","symbolicConstant_47","!","=","symbolicConstant_48","!","=","symbolicConstant_49","!","=","symbolicConstant_50","!","=","symbolicConstant_51","!","=","symbolicConstant_52","!","=","symbolicConstant_53","!","=","symbolicConstant_54","!","clauseHead_5","clause_6","=","symbolicConstant_55","!","=","symbolicConstant_56","!","=","symbolicConstant_57","!","=","symbolicConstant_58","!","=","symbolicConstant_59","!","=","symbolicConstant_60","!","=","symbolicConstant_61","!","=","symbolicConstant_62","!","=","symbolicConstant_63","!","=","symbolicConstant_64","!","=","symbolicConstant_65","!","clauseHead_6","clause_7","=","symbolicConstant_66","!","=","symbolicConstant_67","!","=","symbolicConstant_68","!","=","symbolicConstant_69","!","=","symbolicConstant_70","!","=","symbolicConstant_71","!","=","symbolicConstant_72","!","=","symbolicConstant_73","!","=","symbolicConstant_74","!","=","symbolicConstant_75","!","=","symbolicConstant_76","!","clauseHead_7","clause_8","=","symbolicConstant_77","!","=","symbolicConstant_78","!","clauseHead_8","clauseBody_0","clause_9","=","symbolicConstant_79","!","=","symbolicConstant_80","!","=","symbolicConstant_81","!","clauseHead_9","clauseBody_1","clause_10","=","symbolicConstant_82","!","=","symbolicConstant_83","!","clauseHead_10","clauseBody_2","clause_11","true","clauseHead_11","clauseBody_3"],
"falseIndices":[2],
"initialIndices":[],
"argumentIndices":[],
"argumentBoundList":[],
"argumentBinaryOccurrenceList":[],
"argumentOccurrence":[],
"templateIndices":[],
"templateRelevanceLabel":[],
"templateCostLabel":[],
"clauseIndices":[3,27,53,76,114,152,181,216,251,260,272,281],
"guardIndices":[],
"clauseBinaryOccurrenceInCounterExampleList":[0,0,0,0,0,0,0,0,0,0,0,0],
"predictedLabel":[],
"controlLocationIndices":[],
"binaryAdjacentList":[[0,26],[0,52],[0,258],[1,75],[1,113],[1,151],[1,180],[1,215],[1,250],[1,270],[1,279],[2,283],[3,26],[4,7],[5,4],[6,4],[6,8],[6,11],[6,14],[6,17],[6,20],[6,23],[6,28],[6,31],[6,34],[6,37],[6,40],[6,43],[6,46],[6,49],[6,54],[6,57],[6,60],[6,63],[6,66],[6,69],[6,72],[6,77],[6,80],[6,83],[6,86],[6,89],[6,92],[6,95],[6,98],[6,101],[6,104],[6,107],[6,110],[6,115],[6,118],[6,121],[6,124],[6,127],[6,130],[6,133],[6,136],[6,139],[6,142],[6,145],[6,148],[6,153],[6,156],[6,159],[6,162],[6,165],[6,168],[6,171],[6,174],[6,177],[6,182],[6,185],[6,188],[6,191],[6,194],[6,197],[6,200],[6,203],[6,206],[6,209],[6,212],[6,217],[6,220],[6,223],[6,226],[6,229],[6,232],[6,235],[6,238],[6,241],[6,244],[6,247],[6,252],[6,255],[6,261],[6,264],[6,267],[6,273],[6,276],[7,3],[8,10],[9,8],[10,3],[11,13],[12,11],[13,3],[14,16],[15,14],[16,3],[17,19],[18,17],[19,3],[20,22],[21,20],[22,3],[23,25],[24,23],[25,3],[27,52],[28,30],[29,28],[30,27],[31,33],[32,31],[33,27],[34,36],[35,34],[36,27],[37,39],[38,37],[39,27],[40,42],[41,40],[42,27],[43,45],[44,43],[45,27],[46,48],[47,46],[48,27],[49,51],[50,49],[51,27],[53,75],[54,56],[55,54],[56,53],[57,59],[58,57],[59,53],[60,62],[61,60],[62,53],[63,65],[64,63],[65,53],[66,68],[67,66],[68,53],[69,71],[70,69],[71,53],[72,74],[73,72],[74,53],[76,113],[77,79],[78,77],[79,76],[80,82],[81,80],[82,76],[83,85],[84,83],[85,76],[86,88],[87,86],[88,76],[89,91],[90,89],[91,76],[92,94],[93,92],[94,76],[95,97],[96,95],[97,76],[98,100],[99,98],[100,76],[101,103],[102,101],[103,76],[104,106],[105,104],[106,76],[107,109],[108,107],[109,76],[110,112],[111,110],[112,76],[114,151],[115,117],[116,115],[117,114],[118,120],[119,118],[120,114],[121,123],[122,121],[123,114],[124,126],[125,124],[126,114],[127,129],[128,127],[129,114],[130,132],[131,130],[132,114],[133,135],[134,133],[135,114],[136,138],[137,136],[138,114],[139,141],[140,139],[141,114],[142,144],[143,142],[144,114],[145,147],[146,145],[147,114],[148,150],[149,148],[150,114],[152,180],[153,155],[154,153],[155,152],[156,158],[157,156],[158,152],[159,161],[160,159],[161,152],[162,164],[163,162],[164,152],[165,167],[166,165],[167,152],[168,170],[169,168],[170,152],[171,173],[172,171],[173,152],[174,176],[175,174],[176,152],[177,179],[178,177],[179,152],[181,215],[182,184],[183,182],[184,181],[185,187],[186,185],[187,181],[188,190],[189,188],[190,181],[191,193],[192,191],[193,181],[194,196],[195,194],[196,181],[197,199],[198,197],[199,181],[200,202],[201,200],[202,181],[203,205],[204,203],[205,181],[206,208],[207,206],[208,181],[209,211],[210,209],[211,181],[212,214],[213,212],[214,181],[216,250],[217,219],[218,217],[219,216],[220,222],[221,220],[222,216],[223,225],[224,223],[225,216],[226,228],[227,226],[228,216],[229,231],[230,229],[231,216],[232,234],[233,232],[234,216],[235,237],[236,235],[237,216],[238,240],[239,238],[240,216],[241,243],[242,241],[243,216],[244,246],[245,244],[246,216],[247,249],[248,247],[249,216],[251,258],[252,254],[253,252],[254,251],[255,257],[256,255],[257,251],[259,0],[259,251],[260,270],[261,263],[262,261],[263,260],[264,266],[265,264],[266,260],[267,269],[268,267],[269,260],[271,0],[271,260],[272,279],[273,275],[274,273],[275,272],[276,278],[277,276],[278,272],[280,0],[280,272],[281,283],[282,281],[284,1],[284,281]],
"ternaryAdjacencyList":[],
"unknownEdges":[],
"argumentIDList":[],
"argumentNameList":[],
"predicateIndices":[0,1],
"predicateOccurrenceInClause":[6,9],
"predicateStrongConnectedComponent":[1,0],
"predicateArgumentEdges":[],
"predicateInstanceEdges":[[0,26],[0,52],[1,75],[1,113],[1,151],[1,180],[1,215],[1,250],[0,258],[259,0],[1,270],[271,0],[1,279],[280,0],[2,283],[284,1]],
"argumentInstanceEdges":[],
"controlHeadEdges":[[3,26],[27,52],[53,75],[76,113],[114,151],[152,180],[181,215],[216,250],[251,258],[260,270],[272,279],[281,283]],
"controlBodyEdges":[[259,251],[271,260],[280,272],[284,281]],
"controlEdges":[],
"controlArgumentEdges":[],
"subTermEdges":[[5,4],[6,4],[4,7],[9,8],[6,8],[8,10],[12,11],[6,11],[11,13],[15,14],[6,14],[14,16],[18,17],[6,17],[17,19],[21,20],[6,20],[20,22],[24,23],[6,23],[23,25],[29,28],[6,28],[28,30],[32,31],[6,31],[31,33],[35,34],[6,34],[34,36],[38,37],[6,37],[37,39],[41,40],[6,40],[40,42],[44,43],[6,43],[43,45],[47,46],[6,46],[46,48],[50,49],[6,49],[49,51],[55,54],[6,54],[54,56],[58,57],[6,57],[57,59],[61,60],[6,60],[60,62],[64,63],[6,63],[63,65],[67,66],[6,66],[66,68],[70,69],[6,69],[69,71],[73,72],[6,72],[72,74],[78,77],[6,77],[77,79],[81,80],[6,80],[80,82],[84,83],[6,83],[83,85],[87,86],[6,86],[86,88],[90,89],[6,89],[89,91],[93,92],[6,92],[92,94],[96,95],[6,95],[95,97],[99,98],[6,98],[98,100],[102,101],[6,101],[101,103],[105,104],[6,104],[104,106],[108,107],[6,107],[107,109],[111,110],[6,110],[110,112],[116,115],[6,115],[115,117],[119,118],[6,118],[118,120],[122,121],[6,121],[121,123],[125,124],[6,124],[124,126],[128,127],[6,127],[127,129],[131,130],[6,130],[130,132],[134,133],[6,133],[133,135],[137,136],[6,136],[136,138],[140,139],[6,139],[139,141],[143,142],[6,142],[142,144],[146,145],[6,145],[145,147],[149,148],[6,148],[148,150],[154,153],[6,153],[153,155],[157,156],[6,156],[156,158],[160,159],[6,159],[159,161],[163,162],[6,162],[162,164],[166,165],[6,165],[165,167],[169,168],[6,168],[168,170],[172,171],[6,171],[171,173],[175,174],[6,174],[174,176],[178,177],[6,177],[177,179],[183,182],[6,182],[182,184],[186,185],[6,185],[185,187],[189,188],[6,188],[188,190],[192,191],[6,191],[191,193],[195,194],[6,194],[194,196],[198,197],[6,197],[197,199],[201,200],[6,200],[200,202],[204,203],[6,203],[203,205],[207,206],[6,206],[206,208],[210,209],[6,209],[209,211],[213,212],[6,212],[212,214],[218,217],[6,217],[217,219],[221,220],[6,220],[220,222],[224,223],[6,223],[223,225],[227,226],[6,226],[226,228],[230,229],[6,229],[229,231],[233,232],[6,232],[232,234],[236,235],[6,235],[235,237],[239,238],[6,238],[238,240],[242,241],[6,241],[241,243],[245,244],[6,244],[244,246],[248,247],[6,247],[247,249],[253,252],[6,252],[252,254],[256,255],[6,255],[255,257],[262,261],[6,261],[261,263],[265,264],[6,264],[264,266],[268,267],[6,267],[267,269],[274,273],[6,273],[273,275],[277,276],[6,276],[276,278]],
"guardEdges":[[7,3],[10,3],[13,3],[16,3],[19,3],[22,3],[25,3],[30,27],[33,27],[36,27],[39,27],[42,27],[45,27],[48,27],[51,27],[56,53],[59,53],[62,53],[65,53],[68,53],[71,53],[74,53],[79,76],[82,76],[85,76],[88,76],[91,76],[94,76],[97,76],[100,76],[103,76],[106,76],[109,76],[112,76],[117,114],[120,114],[123,114],[126,114],[129,114],[132,114],[135,114],[138,114],[141,114],[144,114],[147,114],[150,114],[155,152],[158,152],[161,152],[164,152],[167,152],[170,152],[173,152],[176,152],[179,152],[184,181],[187,181],[190,181],[193,181],[196,181],[199,181],[202,181],[205,181],[208,181],[211,181],[214,181],[219,216],[222,216],[225,216],[228,216],[231,216],[234,216],[237,216],[240,216],[243,216],[246,216],[249,216],[254,251],[257,251],[263,260],[266,260],[269,260],[275,272],[278,272],[282,281]],
"dataEdges":[],
"predicateInstanceHeadEdges":[],
"predicateInstanceBodyEdges":[],
"controlArgumentHeadEdges":[],
"controlArgumentBodyEdges":[],
"guardConstantEdges":[],
"guardOperatorEdges":[],
"guardScEdges":[],
"dataConstantEdges":[],
"dataOperatorEdges":[],
"dataScEdges":[],
"subTermConstantOperatorEdges":[],
"subTermOperatorOperatorEdges":[],
"subTermScOperatorEdges":[],
"dummyFiled":[]
}