{
"nodeIds":[0,1,2,3,4,5,6,7,8,9,10,11,12,13,14,15,16,17,18,19,20,21,22,23,24,25,26,27,28,29,30,31,32,33,34],
"nodeSymbolList":["dummy","Initial","CONTROL_0","predicateArgument_0","predicateArgument_1","predicateArgument_2","predicateArgument_3","=","0","!","guard_0","CONTROL_1","true","guard_1","CONTROL_2","predicateArgument_4","predicateArgument_5","predicateArgument_6","predicateArgument_7","+","-1","+","1","=","!","guard_2","guard_3","-","+","+","=","=","guard_4","FALSE","guard_5"],
"falseIndices":[33],
"initialIndices":[1],
"argumentIndices":[3,4,5,6,15,16,17,18],
"argumentBoundList":[["None","None"],["None","None"],["None","None"],["None","None"],["None","None"],["None","None"],["None","None"],["None","None"]],
"argumentBinaryOccurrenceList":[0,0,0,0,0,0,0,0],
"argumentOccurrence":[0,0,0,0,0,0,0,0],
"templateIndices":[],
"templateRelevanceLabel":[],
"templateCostLabel":[],
"clauseIndices":[],
"guardIndices":[10,13,25,26,32,34],
"clauseBinaryOccurrenceInCounterExampleList":[0,0,0,0,0,1],
"predictedLabel":[],
"controlLocationIndices":[2,11,14],
"binaryAdjacentList":[[2,2],[3,2],[3,29],[4,2],[4,28],[5,2],[5,7],[5,23],[5,31],[6,2],[6,27],[7,9],[8,7],[8,23],[9,10],[12,13],[12,26],[12,34],[14,14],[15,14],[16,14],[17,14],[17,19],[18,14],[18,21],[20,19],[22,21],[22,30],[22,31],[23,24],[24,25],[27,28],[28,29],[29,30],[30,32],[31,32]],
"ternaryAdjacencyList":[[1,10,2],[1,13,11],[14,25,2],[15,25,3],[16,25,4],[19,25,5],[21,25,6],[2,26,14],[3,26,15],[4,26,16],[5,26,17],[6,26,18],[2,32,11],[11,34,33]],
"unknownEdges":[],
"argumentIDList":[0,1,2,3,4,5,6,7],
"argumentNameList":["main_1_1:argument0","main_1_1:argument1","main_1_1:argument2","main_1_1:argument3","main_1_1_2_1:argument0","main_1_1_2_1:argument1","main_1_1_2_1:argument2","main_1_1_2_1:argument3"],
"predicateIndices":[2,11,14],
"predicateOccurrenceInClause":[4,3,2],
"predicateStrongConnectedComponent":[1,0,1],
"argumentEdges":[[3,2],[4,2],[5,2],[6,2],[15,14],[16,14],[17,14],[18,14]],
"guardASTEdges":[[9,10],[12,13],[24,25],[12,26],[30,32],[31,32],[12,34]],
"ASTEdges":[],
"AST_1Edges":[[5,7],[7,9],[20,19],[22,21],[5,23],[23,24],[4,28],[3,29],[29,30],[5,31]],
"AST_2Edges":[[8,7],[17,19],[18,21],[8,23],[6,27],[27,28],[28,29],[22,30],[22,31]],
"templateASTEdges":[],
"templateEdges":[],
"verifHintTplPredEdges":[],
"verifHintTplPredPosNegEdges":[],
"verifHintTplEqTermEdges":[],
"verifHintTplInEqTermEdges":[],
"verifHintTplInEqTermPosNegEdges":[],
"dataFlowASTEdges":[],
"controlFlowHyperEdges":[[1,10,2],[1,13,11],[14,25,2],[2,26,14],[2,32,11],[11,34,33]],
"dataFlowHyperEdges":[[15,25,3],[16,25,4],[19,25,5],[21,25,6],[3,26,15],[4,26,16],[5,26,17],[6,26,18]],
"controlLocationEdgeForSCC":[],
"predicateTransitiveEdges":[[2,2],[14,14]],
"dummyFiled":[]
}