{
"nodeIds":[0,1,2,3,4,5,6,7,8,9,10,11,12,13,14,15,16,17,18,19,20,21,22,23,24,25,26,27,28,29,30,31,32,33,34,35,36,37,38,39,40,41,42,43,44,45,46,47,48,49,50,51,52,53,54,55,56,57,58,59,60,61,62,63,64,65,66,67,68,69,70,71,72,73,74,75,76,77,78,79,80,81,82,83,84,85,86,87,88,89,90,91,92,93,94,95,96,97,98,99,100,101,102,103,104,105,106,107,108,109,110,111,112,113,114,115,116,117,118,119,120,121,122,123,124,125,126,127,128,129,130,131,132,133,134,135,136,137,138,139,140,141,142,143,144,145,146,147,148,149,150,151,152,153,154,155,156,157,158,159,160,161,162,163,164,165,166,167,168,169,170,171,172,173],
"nodeSymbolList":["predicateName_0","predicateArgument_0","predicateArgument_1","predicateName_1","predicateArgument_2","predicateArgument_3","predicateName_2","FALSE","clause_0","=","symbolicConstant_0","0","!",">=","symbolicConstant_1","symbolicConstant_2",">=","1","clauseHead_0","clauseArgument_0","clauseArgument_1","clause_1","-","symbolicConstant_3","+","symbolicConstant_4",">=",">=",">=","clauseHead_1","clauseArgument_2","clauseArgument_3","clause_2","+","symbolicConstant_5","symbolicConstant_6","=","symbolicConstant_7","+","symbolicConstant_8","=","+","symbolicConstant_9","=","=","symbolicConstant_10","!","=","symbolicConstant_11","!","-","+",">=",">=","clauseHead_2","clause_3","+","symbolicConstant_12","symbolicConstant_13","=","symbolicConstant_14","+","symbolicConstant_15","=","+","symbolicConstant_16","=","=","symbolicConstant_17","!","=","symbolicConstant_18","!",">=",">=","clauseHead_3","clause_4","+","symbolicConstant_19","symbolicConstant_20","=","symbolicConstant_21","+","symbolicConstant_22","=","+","symbolicConstant_23","=","=","symbolicConstant_24","!","=","symbolicConstant_25","!","=","symbolicConstant_26","!",">=",">=","clauseHead_4","clause_5","+","symbolicConstant_27",">=","!","clauseHead_5","clauseArgument_4","symbolicConstant_28","clauseArgument_5","clauseBody_0","clauseArgument_6","clauseArgument_7","clause_6","+","symbolicConstant_29","symbolicConstant_30","=","symbolicConstant_31","+","symbolicConstant_32","=","+","symbolicConstant_33","=","+","symbolicConstant_34","=","+","symbolicConstant_35","=","=","symbolicConstant_36","!",">=","clauseHead_6","clauseBody_1","clauseArgument_8","clauseArgument_9","clause_7","+","symbolicConstant_37",">=","!","clauseHead_7","clauseArgument_10","symbolicConstant_38","clauseArgument_11","clauseBody_2","clauseArgument_12","clauseArgument_13","clause_8","+","symbolicConstant_39","symbolicConstant_40","=","symbolicConstant_41","+","symbolicConstant_42","=","+","symbolicConstant_43","=","=","symbolicConstant_44","!",">=","clauseHead_8","clauseBody_3","clauseArgument_14","clauseArgument_15","clause_9","true","clauseHead_9","clauseBody_4"],
"falseIndices":[7],
"initialIndices":[],
"argumentIndices":[1,2,4,5],
"argumentBoundList":[["None","None"],["None","None"],["None","None"],["None","None"]],
"argumentBinaryOccurrenceList":[0,0,0,0],
"argumentOccurrence":[0,0,0,0],
"templateIndices":[],
"templateRelevanceLabel":[],
"templateCostLabel":[],
"clauseIndices":[8,21,32,55,76,100,112,138,150,170],
"guardIndices":[],
"clauseBinaryOccurrenceInCounterExampleList":[1,1,1,1,1,1,1,1,1,1],
"predictedLabel":[],
"controlLocationIndices":[],
"binaryAdjacentList":[[0,1],[0,2],[0,18],[0,105],[1,19],[1,106],[1,110],[1,136],[2,20],[2,108],[2,111],[2,137],[3,4],[3,5],[3,29],[3,143],[4,30],[4,144],[4,148],[4,168],[5,31],[5,146],[5,149],[5,169],[6,54],[6,75],[6,99],[6,134],[6,166],[7,172],[8,18],[9,12],[10,9],[11,9],[11,44],[11,47],[11,53],[11,67],[11,70],[11,88],[11,91],[11,94],[11,97],[11,103],[11,130],[11,141],[11,162],[11,165],[12,8],[13,8],[14,13],[15,13],[15,16],[16,8],[17,16],[17,26],[17,27],[17,28],[17,52],[17,74],[17,101],[17,139],[18,19],[18,20],[19,15],[20,14],[21,29],[22,24],[23,22],[23,28],[24,26],[25,24],[25,27],[26,21],[27,21],[28,21],[29,30],[29,31],[30,23],[31,25],[32,54],[33,36],[34,33],[35,33],[35,38],[35,41],[35,50],[35,53],[36,32],[37,36],[37,40],[37,43],[37,51],[38,40],[39,38],[40,32],[41,43],[42,41],[43,32],[44,46],[45,44],[46,32],[47,49],[48,47],[49,32],[50,51],[51,52],[52,32],[53,32],[55,75],[56,59],[57,56],[58,56],[58,61],[58,64],[58,73],[58,74],[59,55],[60,59],[60,63],[60,66],[60,73],[61,63],[62,61],[63,55],[64,66],[65,64],[66,55],[67,69],[68,67],[69,55],[70,72],[71,70],[72,55],[73,55],[74,55],[76,99],[77,80],[78,77],[79,77],[79,82],[79,85],[79,97],[79,98],[80,76],[81,80],[81,84],[81,87],[81,98],[82,84],[83,82],[84,76],[85,87],[86,85],[87,76],[88,90],[89,88],[90,76],[91,93],[92,91],[93,76],[94,96],[95,94],[96,76],[97,76],[98,76],[100,105],[101,103],[101,111],[102,101],[103,104],[104,100],[105,106],[105,108],[106,107],[107,110],[108,102],[109,0],[109,100],[110,109],[111,109],[112,134],[113,116],[114,113],[114,137],[115,113],[115,118],[115,121],[115,124],[115,127],[115,133],[115,136],[116,112],[117,116],[117,120],[117,123],[117,126],[117,129],[117,133],[118,120],[119,118],[120,112],[121,123],[122,121],[123,112],[124,126],[125,124],[126,112],[127,129],[128,127],[129,112],[130,132],[131,130],[132,112],[133,112],[135,0],[135,112],[136,135],[137,135],[138,143],[139,141],[139,149],[140,139],[141,142],[142,138],[143,144],[143,146],[144,145],[145,148],[146,140],[147,3],[147,138],[148,147],[149,147],[150,166],[151,154],[152,151],[152,168],[153,151],[153,156],[153,159],[153,165],[153,169],[154,150],[155,154],[155,158],[155,161],[156,158],[157,156],[158,150],[159,161],[160,159],[161,150],[162,164],[163,162],[164,150],[165,150],[167,3],[167,150],[168,167],[169,167],[170,172],[171,170],[173,6],[173,170]],
"ternaryAdjacencyList":[],
"unknownEdges":[],
"argumentIDList":[0,1,2,3],
"argumentNameList":["main_1_1:argument0","main_1_1:argument1","main_1_2:argument0","main_1_2:argument1"],
"predicateIndices":[0,3,6],
"predicateOccurrenceInClause":[4,4,6],
"predicateStrongConnectedComponent":[1,1,0],
"predicateArgumentEdges":[[0,1],[0,2],[3,4],[3,5]],
"predicateInstanceEdges":[[0,18],[3,29],[6,54],[6,75],[6,99],[0,105],[109,0],[6,134],[135,0],[3,143],[147,3],[6,166],[167,3],[7,172],[173,6]],
"argumentInstanceEdges":[[1,19],[2,20],[4,30],[5,31],[1,106],[2,108],[1,110],[2,111],[1,136],[2,137],[4,144],[5,146],[4,148],[5,149],[4,168],[5,169]],
"controlHeadEdges":[[8,18],[21,29],[32,54],[55,75],[76,99],[100,105],[112,134],[138,143],[150,166],[170,172]],
"controlBodyEdges":[[109,100],[135,112],[147,138],[167,150],[173,170]],
"controlEdges":[],
"controlArgumentEdges":[[18,19],[18,20],[29,30],[29,31],[105,106],[105,108],[110,109],[111,109],[136,135],[137,135],[143,144],[143,146],[148,147],[149,147],[168,167],[169,167]],
"subTermEdges":[[10,9],[11,9],[9,12],[14,13],[15,13],[15,16],[17,16],[23,22],[25,24],[22,24],[24,26],[17,26],[25,27],[17,27],[23,28],[17,28],[34,33],[35,33],[33,36],[37,36],[39,38],[35,38],[38,40],[37,40],[42,41],[35,41],[41,43],[37,43],[45,44],[11,44],[44,46],[48,47],[11,47],[47,49],[35,50],[50,51],[37,51],[51,52],[17,52],[11,53],[35,53],[57,56],[58,56],[56,59],[60,59],[62,61],[58,61],[61,63],[60,63],[65,64],[58,64],[64,66],[60,66],[68,67],[11,67],[67,69],[71,70],[11,70],[70,72],[58,73],[60,73],[58,74],[17,74],[78,77],[79,77],[77,80],[81,80],[83,82],[79,82],[82,84],[81,84],[86,85],[79,85],[85,87],[81,87],[89,88],[11,88],[88,90],[92,91],[11,91],[91,93],[95,94],[11,94],[94,96],[11,97],[79,97],[79,98],[81,98],[102,101],[17,101],[11,103],[101,103],[103,104],[114,113],[115,113],[113,116],[117,116],[119,118],[115,118],[118,120],[117,120],[122,121],[115,121],[121,123],[117,123],[125,124],[115,124],[124,126],[117,126],[128,127],[115,127],[127,129],[117,129],[131,130],[11,130],[130,132],[115,133],[117,133],[140,139],[17,139],[11,141],[139,141],[141,142],[152,151],[153,151],[151,154],[155,154],[157,156],[153,156],[156,158],[155,158],[160,159],[153,159],[159,161],[155,161],[163,162],[11,162],[162,164],[11,165],[153,165]],
"guardEdges":[[12,8],[13,8],[16,8],[26,21],[27,21],[28,21],[36,32],[40,32],[43,32],[46,32],[49,32],[52,32],[53,32],[59,55],[63,55],[66,55],[69,55],[72,55],[73,55],[74,55],[80,76],[84,76],[87,76],[90,76],[93,76],[96,76],[97,76],[98,76],[104,100],[116,112],[120,112],[123,112],[126,112],[129,112],[132,112],[133,112],[142,138],[154,150],[158,150],[161,150],[164,150],[165,150],[171,170]],
"dataEdges":[[19,15],[20,14],[30,23],[31,25],[106,107],[108,102],[107,110],[101,111],[115,136],[114,137],[144,145],[146,140],[145,148],[139,149],[152,168],[153,169]],
"predicateInstanceHeadEdges":[],
"predicateInstanceBodyEdges":[],
"controlArgumentHeadEdges":[],
"controlArgumentBodyEdges":[],
"guardConstantEdges":[],
"guardOperatorEdges":[],
"guardScEdges":[],
"dataConstantEdges":[],
"dataOperatorEdges":[],
"dataScEdges":[],
"subTermConstantOperatorEdges":[],
"subTermOperatorOperatorEdges":[],
"subTermScOperatorEdges":[],
"dummyFiled":[]
}