{
"nodeIds":[0,1,2,3,4,5,6,7,8,9,10,11,12,13,14,15,16,17,18,19,20,21,22,23,24,25,26,27,28,29,30,31,32,33],
"nodeSymbolList":["predicateName_0","FALSE","clause_0",">=","-1","symbolicConstant_0","!",">=","symbolicConstant_1","0",">=","symbolicConstant_2",">=","symbolicConstant_3",">=","symbolicConstant_4","clauseHead_0","clause_1",">=","symbolicConstant_5","!",">=","symbolicConstant_6",">=","symbolicConstant_7",">=","symbolicConstant_8",">=","symbolicConstant_9","clauseHead_1","clause_2","true","clauseHead_2","clauseBody_0"],
"falseIndices":[1],
"initialIndices":[],
"argumentIndices":[],
"argumentBoundList":[],
"argumentBinaryOccurrenceList":[],
"argumentOccurrence":[],
"templateIndices":[],
"templateRelevanceLabel":[],
"templateCostLabel":[],
"clauseIndices":[2,17,30],
"guardIndices":[],
"clauseBinaryOccurrenceInCounterExampleList":[0,0,0],
"predictedLabel":[],
"controlLocationIndices":[],
"binaryAdjacentList":[[0,16],[0,29],[1,32],[2,16],[3,2],[3,6],[4,3],[4,18],[5,3],[6,2],[7,2],[7,2],[7,2],[7,2],[8,7],[9,7],[9,10],[9,12],[9,14],[9,21],[9,23],[9,25],[9,27],[10,2],[10,2],[10,2],[10,2],[10,2],[10,2],[10,2],[10,2],[10,2],[10,2],[10,2],[10,2],[10,2],[10,2],[10,2],[10,2],[11,10],[12,2],[12,2],[12,2],[12,2],[12,2],[12,2],[12,2],[12,2],[13,12],[14,2],[14,2],[14,2],[14,2],[15,14],[17,29],[18,20],[19,18],[20,17],[20,17],[21,17],[21,17],[21,17],[21,17],[22,21],[23,17],[23,17],[23,17],[23,17],[23,17],[23,17],[23,17],[23,17],[23,17],[23,17],[23,17],[23,17],[23,17],[23,17],[23,17],[23,17],[24,23],[25,17],[25,17],[25,17],[25,17],[25,17],[25,17],[25,17],[25,17],[26,25],[27,17],[27,17],[27,17],[27,17],[28,27],[30,32],[31,30],[33,0],[33,30]],
"ternaryAdjacencyList":[],
"unknownEdges":[],
"argumentIDList":[],
"argumentNameList":[],
"predicateIndices":[0],
"predicateOccurrenceInClause":[3],
"predicateStrongConnectedComponent":[0],
"predicateArgumentEdges":[],
"predicateInstanceEdges":[[0,16],[0,29],[1,32],[33,0]],
"argumentInstanceEdges":[],
"controlHeadEdges":[[2,16],[17,29],[30,32]],
"controlBodyEdges":[[33,30]],
"controlEdges":[],
"controlArgumentEdges":[],
"subTermEdges":[[4,3],[5,3],[3,6],[8,7],[9,7],[11,10],[9,10],[13,12],[9,12],[15,14],[9,14],[4,18],[19,18],[18,20],[22,21],[9,21],[24,23],[9,23],[26,25],[9,25],[28,27],[9,27]],
"guardEdges":[[3,2],[6,2],[7,2],[10,2],[12,2],[10,2],[14,2],[10,2],[12,2],[10,2],[7,2],[10,2],[12,2],[10,2],[14,2],[10,2],[12,2],[10,2],[7,2],[10,2],[12,2],[10,2],[14,2],[10,2],[12,2],[10,2],[7,2],[10,2],[12,2],[10,2],[14,2],[10,2],[12,2],[10,2],[20,17],[20,17],[21,17],[23,17],[25,17],[23,17],[27,17],[23,17],[25,17],[23,17],[21,17],[23,17],[25,17],[23,17],[27,17],[23,17],[25,17],[23,17],[21,17],[23,17],[25,17],[23,17],[27,17],[23,17],[25,17],[23,17],[21,17],[23,17],[25,17],[23,17],[27,17],[23,17],[25,17],[23,17],[31,30]],
"dataEdges":[],
"predicateInstanceHeadEdges":[],
"predicateInstanceBodyEdges":[],
"controlArgumentHeadEdges":[],
"controlArgumentBodyEdges":[],
"guardConstantEdges":[],
"guardOperatorEdges":[],
"guardScEdges":[],
"dataConstantEdges":[],
"dataOperatorEdges":[],
"dataScEdges":[],
"subTermConstantOperatorEdges":[],
"subTermOperatorOperatorEdges":[],
"subTermScOperatorEdges":[],
"dummyFiled":[]
}