{
"nodeIds":[0,1,2,3,4,5,6,7,8,9,10,11,12,13,14,15,16,17,18,19,20,21,22,23,24,25,26,27,28,29,30,31,32,33,34,35,36,37,38,39,40,41,42,43,44,45,46,47,48,49,50,51,52,53,54,55,56,57,58,59,60,61,62,63,64,65,66,67,68,69,70,71,72,73,74,75,76,77,78,79,80,81,82,83,84,85,86,87,88,89,90,91,92,93,94,95,96,97,98,99,100,101,102,103,104,105,106,107,108,109,110,111,112,113,114,115,116,117,118,119,120,121,122,123,124,125,126,127,128],
"nodeSymbolList":["dummy","Initial","CONTROL_0","predicateArgument_0","CONTROL_1","CONTROL_2","3","true","guard_0","guard_1","CONTROL_3","predicateArgument_1","guard_2","CONTROL_4","predicateArgument_2","predicateArgument_3","predicateArgument_4","predicateArgument_5","34575","guard_3","guard_4",">=","34574",">=","-9223372036854775803","guard_5",">=",">=","guard_6",">=","34576",">=","9223372036854775812","guard_7","CONTROL_5","predicateArgument_6","CONTROL_6","predicateArgument_7","predicateArgument_8","predicateArgument_9","predicateArgument_10","=","0","!","=","!","=","5","=","guard_8","=","guard_9","CONTROL_7","predicateArgument_11","predicateArgument_12","predicateArgument_13","predicateArgument_14","=","!","=","!","=",">=","6","guard_10","=","guard_11","CONTROL_8","predicateArgument_15","predicateArgument_16","predicateArgument_17","predicateArgument_18","=","!","=","!","=",">=","guard_12","guard_13","CONTROL_9","predicateArgument_19","predicateArgument_20","predicateArgument_21","predicateArgument_22","=","!","=","!",">=","guard_14","guard_15","=","guard_16","CONTROL_10","predicateArgument_23","CONTROL_11","predicateArgument_24","predicateArgument_25","predicateArgument_26","predicateArgument_27","=","!","=","!",">=","4","guard_17","guard_18","=","guard_19","CONTROL_12","=","!","guard_20","guard_21","=","!","guard_22","CONTROL_13","=","!","guard_23","guard_24","guard_25","guard_26","guard_27","FALSE","guard_28"],
"falseIndices":[127],
"initialIndices":[1],
"argumentIndices":[3,11,14,15,16,17,35,37,38,39,40,53,54,55,56,68,69,70,71,81,82,83,84,95,97,98,99,100],
"argumentBoundList":[["None","None"],["None","None"],["None","None"],["None","None"],["None","None"],["None","None"],["None","None"],["None","None"],["None","None"],["None","None"],["None","None"],["None","None"],["None","None"],["None","None"],["None","None"],["None","None"],["None","None"],["None","None"],["None","None"],["None","None"],["None","None"],["None","None"],["None","None"],["None","None"],["None","None"],["None","None"],["None","None"],["None","None"]],
"argumentBinaryOccurrenceList":[0,0,0,0,0,0,0,0,0,0,0,0,0,0,0,0,0,0,0,0,0,0,0,0,0,0,0,0],
"argumentOccurrence":[0,0,0,0,0,0,0,0,0,0,0,0,0,0,0,0,0,0,0,0,0,0,0,0,0,0,0,0],
"templateIndices":[],
"templateRelevanceLabel":[],
"templateCostLabel":[],
"clauseIndices":[],
"guardIndices":[8,9,12,19,20,25,28,33,49,51,64,66,78,79,90,91,93,107,108,110,114,115,118,122,123,124,125,126,128],
"clauseBinaryOccurrenceInCounterExampleList":[0,0,0,0,0,0,0,0,0,0,0,0,0,0,0,0,0,0,0,0,0,0,0,0,1,1,1,1,1],
"predictedLabel":[],
"controlLocationIndices":[2,4,5,10,13,34,36,52,67,80,94,96,111,119],
"binaryAdjacentList":[[3,2],[7,8],[7,9],[7,12],[7,19],[7,20],[7,79],[7,91],[7,108],[7,115],[7,123],[7,124],[7,125],[7,126],[7,128],[11,10],[11,120],[14,13],[15,13],[15,21],[15,23],[15,26],[15,27],[15,29],[15,31],[15,46],[15,50],[15,61],[15,65],[15,77],[16,13],[16,41],[16,57],[16,72],[16,85],[17,13],[17,101],[21,25],[22,21],[22,26],[23,25],[24,23],[24,27],[26,28],[27,28],[29,33],[30,29],[31,33],[32,31],[35,34],[35,44],[35,59],[35,74],[35,87],[35,92],[35,112],[37,36],[38,36],[38,48],[39,36],[40,36],[41,43],[42,41],[42,44],[42,57],[42,59],[42,72],[42,74],[42,85],[42,87],[42,92],[42,101],[42,103],[42,109],[42,112],[42,116],[42,120],[43,49],[44,45],[45,49],[46,49],[47,46],[47,48],[47,50],[47,61],[47,65],[47,76],[48,49],[50,51],[53,52],[54,52],[54,62],[55,52],[56,52],[57,58],[58,64],[59,60],[60,64],[61,64],[62,64],[63,62],[63,77],[63,89],[65,66],[68,67],[69,67],[69,76],[70,67],[71,67],[72,73],[73,78],[74,75],[75,78],[76,78],[77,78],[81,80],[82,80],[82,89],[83,80],[84,80],[85,86],[86,90],[87,88],[88,90],[89,90],[89,90],[92,93],[95,94],[95,103],[95,109],[95,116],[97,96],[98,96],[98,105],[99,96],[100,96],[101,102],[102,107],[103,104],[104,107],[105,107],[105,107],[106,105],[109,110],[112,113],[113,114],[116,117],[117,118],[120,121],[121,122]],
"ternaryAdjacencyList":[[4,8,2],[5,8,2],[6,8,3],[4,9,5],[2,12,10],[3,12,11],[1,19,13],[18,19,15],[1,20,13],[18,20,15],[1,25,13],[1,28,13],[1,33,13],[13,49,34],[36,49,34],[39,49,35],[13,51,36],[14,51,37],[47,51,38],[13,64,34],[52,64,34],[55,64,35],[13,66,52],[14,66,53],[13,78,34],[67,78,34],[70,78,35],[13,79,67],[14,79,68],[47,79,69],[13,90,34],[80,90,34],[83,90,35],[13,91,80],[14,91,81],[34,93,4],[13,107,94],[96,107,94],[100,107,95],[13,108,96],[14,108,97],[94,110,4],[34,114,111],[111,115,10],[42,115,11],[94,118,111],[10,122,119],[1,123,119],[1,124,119],[1,125,119],[1,126,119],[119,128,127]],
"unknownEdges":[],
"argumentIDList":[1,0,2,3,4,5,26,14,15,16,17,18,19,20,21,22,23,24,25,6,7,8,9,27,10,11,12,13],
"argumentNameList":["<Main: void main(JayArray_java_lang_String)>_Block12_3:argument0","<Main: void main(JayArray_java_lang_String)>_Block10:argument0","<Main: void main(JayArray_java_lang_String)>_Block19:argument0","<Main: void main(JayArray_java_lang_String)>_Block19:argument1","<Main: void main(JayArray_java_lang_String)>_Block19:argument2","<Main: void main(JayArray_java_lang_String)>_Block19:argument3","<Main: void main(JayArray_java_lang_String)>_Block21_3:argument0","<Main: void main(JayArray_java_lang_String)>_Block19_7_1:argument0","<Main: void main(JayArray_java_lang_String)>_Block19_7_1:argument1","<Main: void main(JayArray_java_lang_String)>_Block19_7_1:argument2","<Main: void main(JayArray_java_lang_String)>_Block19_7_1:argument3","<Main: void main(JayArray_java_lang_String)>_Block19_8_1:argument0","<Main: void main(JayArray_java_lang_String)>_Block19_8_1:argument1","<Main: void main(JayArray_java_lang_String)>_Block19_8_1:argument2","<Main: void main(JayArray_java_lang_String)>_Block19_8_1:argument3","<Main: void main(JayArray_java_lang_String)>_Block19_9_1:argument0","<Main: void main(JayArray_java_lang_String)>_Block19_9_1:argument1","<Main: void main(JayArray_java_lang_String)>_Block19_9_1:argument2","<Main: void main(JayArray_java_lang_String)>_Block19_9_1:argument3","<Main: void main(JayArray_java_lang_String)>_Block19_10_1:argument0","<Main: void main(JayArray_java_lang_String)>_Block19_10_1:argument1","<Main: void main(JayArray_java_lang_String)>_Block19_10_1:argument2","<Main: void main(JayArray_java_lang_String)>_Block19_10_1:argument3","<Main: void main(JayArray_java_lang_String)>_Block22_3:argument0","<Main: void main(JayArray_java_lang_String)>_Block19_12_1:argument0","<Main: void main(JayArray_java_lang_String)>_Block19_12_1:argument1","<Main: void main(JayArray_java_lang_String)>_Block19_12_1:argument2","<Main: void main(JayArray_java_lang_String)>_Block19_12_1:argument3"],
"predicateIndices":[2,4,5,10,13,34,36,52,67,80,94,96,111,119],
"predicateOccurrenceInClause":[2,4,2,3,15,6,2,2,2,2,3,2,3,6],
"predicateStrongConnectedComponent":[0,0,0,0,0,0,0,0,0,0,0,0,0,0],
"argumentEdges":[[3,2],[11,10],[14,13],[15,13],[16,13],[17,13],[35,34],[37,36],[38,36],[39,36],[40,36],[53,52],[54,52],[55,52],[56,52],[68,67],[69,67],[70,67],[71,67],[81,80],[82,80],[83,80],[84,80],[95,94],[97,96],[98,96],[99,96],[100,96]],
"guardASTEdges":[[7,8],[7,9],[7,12],[7,19],[7,20],[21,25],[23,25],[26,28],[27,28],[29,33],[31,33],[43,49],[45,49],[46,49],[48,49],[50,51],[58,64],[60,64],[61,64],[62,64],[65,66],[73,78],[75,78],[76,78],[77,78],[7,79],[86,90],[88,90],[89,90],[89,90],[7,91],[92,93],[102,107],[104,107],[105,107],[105,107],[7,108],[109,110],[113,114],[7,115],[117,118],[121,122],[7,123],[7,124],[7,125],[7,126],[7,128]],
"ASTEdges":[],
"AST_1Edges":[[22,21],[15,23],[22,26],[15,27],[15,29],[32,31],[16,41],[41,43],[35,44],[44,45],[15,46],[38,48],[15,50],[16,57],[57,58],[35,59],[59,60],[15,61],[54,62],[15,65],[16,72],[72,73],[35,74],[74,75],[69,76],[15,77],[16,85],[85,86],[35,87],[87,88],[82,89],[35,92],[17,101],[101,102],[95,103],[103,104],[106,105],[95,109],[35,112],[112,113],[95,116],[116,117],[11,120],[120,121]],
"AST_2Edges":[[15,21],[24,23],[15,26],[24,27],[30,29],[15,31],[42,41],[42,44],[47,46],[47,48],[47,50],[42,57],[42,59],[47,61],[63,62],[47,65],[42,72],[42,74],[47,76],[63,77],[42,85],[42,87],[63,89],[42,92],[42,101],[42,103],[98,105],[42,109],[42,112],[42,116],[42,120]],
"templateASTEdges":[],
"templateEdges":[],
"verifHintTplPredEdges":[],
"verifHintTplPredPosNegEdges":[],
"verifHintTplEqTermEdges":[],
"verifHintTplInEqTermEdges":[],
"verifHintTplInEqTermPosNegEdges":[],
"dataFlowASTEdges":[],
"controlFlowHyperEdges":[[4,8,2],[5,8,2],[4,9,5],[2,12,10],[1,19,13],[1,20,13],[1,25,13],[1,28,13],[1,33,13],[13,49,34],[36,49,34],[13,51,36],[13,64,34],[52,64,34],[13,66,52],[13,78,34],[67,78,34],[13,79,67],[13,90,34],[80,90,34],[13,91,80],[34,93,4],[13,107,94],[96,107,94],[13,108,96],[94,110,4],[34,114,111],[111,115,10],[94,118,111],[10,122,119],[1,123,119],[1,124,119],[1,125,119],[1,126,119],[119,128,127]],
"dataFlowHyperEdges":[[6,8,3],[3,12,11],[18,19,15],[18,20,15],[39,49,35],[14,51,37],[47,51,38],[55,64,35],[14,66,53],[70,78,35],[14,79,68],[47,79,69],[83,90,35],[14,91,81],[100,107,95],[14,108,97],[42,115,11]],
"controlLocationEdgeForSCC":[],
"predicateTransitiveEdges":[],
"dummyFiled":[]
}