{
"nodeIds":[0,1,2,3,4,5,6,7,8,9,10,11,12,13,14,15,16,17,18,19,20,21],
"nodeSymbolList":["Initial","CONTROL_0","predicateArgument_0","true","guard_0","CONTROL_1","predicateArgument_1",">=","1","*","2",">=","guard_1","guard_2","CONTROL_2",">=","guard_3",">=","0","guard_4","FALSE","guard_5"],
"falseIndices":[20],
"initialIndices":[0],
"argumentIndices":[2,6],
"argumentBoundList":[[0,0],[0,0]],
"argumentBinaryOccurrenceList":[0,0],
"argumentOccurrence":[0,0],
"templateIndices":[],
"templateRelevanceLabel":[],
"templateCostLabel":[],
"clauseIndices":[],
"guardIndices":[4,12,13,16,19,21],
"clauseBinaryOccurrenceInCounterExampleList":[0,0,0,0,0,0],
"controlLocationIndices":[1,5,14],
"binaryAdjacentList":[[2,1],[2,9],[2,15],[2,17],[3,4],[3,13],[3,21],[6,5],[6,7],[6,11],[7,12],[8,7],[8,15],[9,11],[10,9],[11,12],[15,16],[17,19],[18,17]],
"ternaryAdjacencyList":[[0,4,1],[5,12,1],[1,13,5],[2,13,6],[1,16,14],[1,19,14],[14,21,20]],
"unknownEdges":[],
"argumentIDList":[0,1],
"argumentNameList":["main_1_1:argument0","main_1_1_1_1:argument0"],
"predicateIndices":[1,5,14],
"predicateOccurrenceInClause":[5,2,3],
"predicateStrongConnectedComponent":[1,1,0],
"argumentEdges":[[2,1],[6,5]],
"guardASTEdges":[[3,4],[7,12],[11,12],[3,13],[15,16],[17,19],[3,21]],
"ASTEdges":[],
"AST_1Edges":[[6,7],[2,9],[6,11],[2,15],[18,17]],
"AST_2Edges":[[8,7],[10,9],[9,11],[8,15],[2,17]],
"templateASTEdges":[],
"templateEdges":[],
"verifHintTplPredEdges":[],
"verifHintTplPredPosNegEdges":[],
"verifHintTplEqTermEdges":[],
"verifHintTplInEqTermEdges":[],
"verifHintTplInEqTermPosNegEdges":[],
"dataFlowASTEdges":[],
"controlFlowHyperEdges":[[0,4,1],[5,12,1],[1,13,5],[1,16,14],[1,19,14],[14,21,20]],
"dataFlowHyperEdges":[[2,13,6]],
"controlLocationEdgeForSCC":[],
"predicateTransitiveEdges":[],
"dummyFiled":[]
}