{
"nodeIds":[0,1,2,3,4,5,6,7,8,9,10,11,12,13,14,15,16,17,18,19,20,21,22,23,24,25,26,27,28,29,30,31,32,33,34,35,36,37,38,39,40,41,42,43,44,45,46,47,48,49,50,51,52,53,54,55,56,57,58,59,60,61,62,63,64,65,66,67,68,69,70,71,72,73,74,75,76,77,78,79,80,81,82,83,84,85,86,87,88,89,90,91,92,93,94,95,96,97,98,99,100,101,102,103,104,105,106,107,108,109,110,111,112,113,114,115,116,117,118,119,120,121,122,123,124,125,126,127,128,129,130,131,132,133,134,135,136,137,138,139,140,141,142,143,144,145,146,147,148,149,150,151,152,153,154,155,156,157,158,159,160,161,162,163,164,165,166,167,168,169,170,171,172,173,174,175,176,177,178,179,180,181,182,183,184,185,186,187,188,189,190,191,192,193,194,195,196,197,198,199,200,201,202,203,204,205,206,207,208,209,210,211,212,213,214,215,216,217,218,219,220,221,222,223,224,225,226,227,228,229,230,231,232,233,234,235,236,237,238,239,240,241,242,243,244,245,246,247,248,249,250,251,252,253,254,255,256,257,258,259,260,261,262,263,264,265,266,267,268,269,270,271,272,273,274,275,276,277,278,279,280,281,282,283,284,285,286,287,288,289,290,291,292,293,294,295,296,297,298,299,300,301,302,303,304,305,306,307,308,309,310,311,312,313,314,315,316,317,318,319,320,321,322,323,324,325,326,327,328,329,330,331,332,333,334,335,336,337,338,339,340,341,342,343,344,345,346,347,348,349,350,351,352,353,354,355,356,357,358,359,360,361,362,363,364,365,366,367,368,369,370,371,372,373,374,375,376,377,378,379,380,381,382,383,384,385,386,387,388,389,390,391,392,393,394,395,396,397,398,399,400,401,402,403,404,405,406,407,408,409,410,411,412,413,414,415,416,417,418,419,420,421,422,423,424,425,426,427,428,429,430,431,432,433,434,435,436,437,438,439,440,441,442,443,444,445,446,447,448,449,450,451,452,453,454,455,456,457,458,459,460,461,462,463,464,465,466,467,468,469,470,471,472,473,474,475,476,477,478,479,480,481,482,483,484,485,486,487,488,489,490,491,492,493,494,495,496,497,498,499,500,501,502,503,504,505,506,507,508,509,510,511,512,513,514,515,516,517,518,519,520,521,522,523,524,525,526,527,528,529,530,531,532,533,534,535,536,537,538,539,540,541,542,543,544,545,546,547,548,549,550,551,552,553,554,555,556,557,558,559,560,561,562,563,564,565,566,567,568,569,570,571,572,573,574,575,576,577,578,579,580,581,582,583,584,585,586,587,588,589,590,591,592,593,594,595,596,597,598,599,600,601,602,603,604,605,606,607,608,609,610,611,612,613,614,615,616,617,618,619,620,621,622,623,624,625,626,627,628,629,630,631,632,633,634,635,636,637,638,639,640,641,642,643,644,645,646,647,648,649,650,651,652,653,654,655,656,657,658,659,660,661,662,663,664],
"nodeSymbolList":["dummy","Initial","CONTROL_0","predicateArgument_0","predicateArgument_1","predicateArgument_2","predicateArgument_3","predicateArgument_4","predicateArgument_5","0","-","-","true","guard_0","-","-","guard_1","-","-","guard_2","-","-","guard_3","-","-","=","!","guard_4","-","-","=","!","guard_5","-","-","guard_6","-","-","guard_7","-","-","guard_8","-","-","guard_9","-","-","=","!","guard_10","-","-","=","!","guard_11","CONTROL_1","predicateArgument_6","predicateArgument_7","predicateArgument_8","predicateArgument_9","predicateArgument_10","predicateArgument_11","=","!","=","!","=","!","=","=","&","=","&","=","!","-","+","=","1","!",">=","2",">=","&","|","=","!",">=","3","&","|","&","|","&","|","=","!","|","|","&",">=",">=","|","&","|","&","|","&","&","|","&","&","|","&","&","|","&","&","|","=","10","!","!","!","!","|","&","|",">=","4","|","|","&","|","&","&","|",">=","|","|","&","|","|","|","&","|","&","&","|","&","|","&","|","|","|","&","|","&","|","&","|","|","&","|","&","|","&","|","&","|","&","&","|","&","|","&","|","=","&","&","|","|","&","&","|","&","|","|","&","|","|","&","|","&","&","|","&","|","&","|","&","&","|","&","|","|","&","|","&","&","|","&","|","=","!","|","|","|","&","&","|","|","|","&","&","|","&","&","|","&","|","&","|","&","|","&","|","&","|","&","&","|","&","|","&","|","&","|","|","|","&","|","|","|","&","|","|","&","|","&","|","&","|","&","|","!","|","|","|","&","&","|","&","|","|","&","|","&","|","|","|","&","|","|","|","&","|","&","|","|","&","&","|","&","|","|","|","&","|","&","|","&","|","&","&","|","&","&","|","&","&","|","|","|","&","|","|","&","|","&","|","|",">=","|","|","&","&","|","|","&","|","&","|","&","&","|","&","&","&","|","|","&","|","&","|","|","|","&","&","&","|","&","&","|","&","&","|","&","&","|","&","|","&","|","|","&","|","|","&","&","|","|","&","&","|","&","|","&","&","|","&","|","&","|","&","|","|","&","|","|","&","&","|","&","|","&","|","&","|","&","&","|","&","|","&","|","|","&","|","&","&","&","&","|","&","&","|","&","|","&","&","&","|","&","|","|","&","&","&","|","&","|","&","|","&","|","&","|","|","|","|","&","|","&","|","&","&","&","|","|","|","&","&","&","|","&","|","&","&","|","&","|","&","|","-","+","=","!","-","+","=","!","=","9","!",">=","|",">=","|","|","&","|","&","|","=","!","|","&","|","&","|","&","|",">=","|","&","|","&","|","&","|","&","|","=","!","|","|","&","&",">=","&","&","|","|","&","|","&","|","&","|","|","|","&","|","&","|","|","|","&","|","&","|","|","&","|","&","|","&","|","&","&","|","&","&","|","&","|","&","&","|","&","|","&","&","&","|","&","&","&","&","|","|","&","|","|","|","&","&","|","&","&","|","&","|","&","&","|","|","|","&","|","&","|","|","|","&","|","&","|","&","|","&","|","&","&","|","&","&","|","|","|","|","|","&","&","|","|","|","|","|","&","&","&","|","&","&","|","&","|","|","|","&","|","|","|","|","&","|","&","&","|","&","&","|","&","|","&","|","&","|","|","|","|","&","|","&","|","&","&","|","&","|","|","&","|","&","&","&","|","guard_12","guard_13","FALSE","=","!","guard_14"],
"falseIndices":[661],
"initialIndices":[1],
"argumentIndices":[3,4,5,6,7,8,56,57,58,59,60,61],
"argumentBoundList":[[1,0],[1,1],[1,0],[0,0],[0,0],[0,0],[1,0],[1,1],[1,0],[0,0],[0,0],[0,0]],
"argumentBinaryOccurrenceList":[0,0,0,0,0,0,0,0,0,0,0,0],
"argumentOccurrence":[0,0,0,0,0,0,0,0,0,0,0,0],
"templateIndices":[],
"templateRelevanceLabel":[],
"templateCostLabel":[],
"clauseIndices":[],
"guardIndices":[13,16,19,22,27,32,35,38,41,44,49,54,659,660,664],
"clauseBinaryOccurrenceInCounterExampleList":[0,0,0,0,0,0,0,0,0,0,0,0,0,0,0],
"predictedLabel":[],
"controlLocationIndices":[2,55],
"binaryAdjacentList":[[2,2],[3,2],[3,76],[3,85],[4,2],[4,68],[4,177],[4,465],[5,2],[5,64],[5,469],[5,503],[6,2],[6,66],[7,2],[7,25],[7,30],[7,47],[7,52],[7,73],[8,2],[8,71],[8,662],[9,95],[9,177],[9,509],[10,11],[12,13],[12,16],[12,19],[12,22],[12,35],[12,38],[12,41],[12,44],[12,660],[14,15],[17,18],[20,21],[23,24],[25,26],[26,27],[28,29],[30,31],[31,32],[33,34],[36,37],[39,40],[42,43],[45,46],[47,48],[48,49],[50,51],[52,53],[53,54],[55,55],[56,55],[56,75],[56,80],[56,85],[56,87],[56,100],[56,128],[57,55],[57,68],[57,82],[57,95],[57,101],[57,137],[57,213],[57,322],[57,464],[57,475],[57,477],[57,484],[57,493],[57,509],[58,55],[58,64],[58,119],[58,468],[58,472],[59,55],[59,69],[60,55],[60,62],[61,55],[62,63],[62,658],[63,538],[64,65],[64,513],[64,521],[64,527],[65,463],[65,637],[66,67],[66,249],[66,256],[66,268],[66,305],[66,312],[66,318],[66,328],[66,353],[66,438],[66,498],[66,606],[66,608],[66,642],[67,118],[67,245],[67,248],[67,255],[67,267],[67,294],[67,327],[67,421],[67,449],[67,492],[67,515],[67,560],[67,598],[67,618],[67,623],[67,625],[67,639],[67,641],[68,70],[68,122],[68,184],[68,241],[68,273],[68,307],[68,355],[68,435],[68,527],[69,70],[69,123],[69,174],[69,236],[69,262],[69,276],[69,284],[69,289],[69,298],[69,300],[69,381],[69,386],[69,394],[69,399],[69,532],[69,580],[69,583],[69,590],[69,633],[70,72],[70,540],[71,72],[71,124],[71,148],[71,151],[71,156],[71,167],[71,171],[71,179],[71,202],[71,230],[71,247],[71,258],[71,270],[71,280],[71,292],[71,314],[71,330],[71,364],[71,396],[71,400],[71,428],[71,435],[71,447],[71,481],[71,490],[71,508],[71,539],[72,117],[73,74],[73,112],[73,115],[73,158],[73,172],[73,210],[73,234],[73,403],[73,461],[73,536],[74,94],[74,109],[74,150],[74,169],[74,204],[74,232],[74,361],[74,398],[74,416],[74,534],[74,539],[75,76],[76,77],[77,79],[77,92],[77,111],[77,114],[77,151],[77,153],[77,170],[77,178],[77,399],[77,425],[77,430],[77,443],[77,453],[78,77],[78,470],[78,475],[78,484],[78,493],[79,84],[79,104],[79,127],[79,141],[79,189],[79,197],[79,205],[79,221],[79,278],[79,339],[79,366],[79,424],[79,442],[79,541],[79,544],[79,564],[79,588],[79,599],[79,606],[79,623],[80,83],[80,97],[80,98],[80,125],[80,139],[80,181],[80,541],[81,80],[81,82],[81,466],[81,477],[82,83],[82,89],[82,187],[82,190],[83,84],[83,111],[84,91],[84,542],[85,86],[85,92],[85,163],[85,166],[85,229],[85,394],[85,529],[85,652],[86,90],[86,106],[86,133],[86,145],[86,192],[86,199],[86,220],[86,222],[86,308],[86,356],[86,367],[86,371],[86,388],[86,525],[86,546],[86,551],[86,573],[86,577],[86,601],[86,608],[86,618],[86,651],[87,89],[87,105],[87,131],[87,143],[87,479],[87,510],[87,546],[87,549],[88,87],[88,100],[88,101],[88,213],[88,322],[89,90],[90,91],[90,548],[91,93],[92,93],[92,108],[92,135],[92,147],[92,161],[92,194],[92,201],[92,224],[92,310],[92,358],[92,369],[92,374],[92,391],[92,406],[92,407],[92,554],[92,558],[92,589],[92,611],[92,626],[93,94],[94,110],[95,96],[95,98],[95,153],[95,156],[95,163],[95,170],[95,216],[95,252],[95,253],[95,262],[95,266],[95,324],[95,374],[95,401],[95,438],[95,549],[95,564],[95,577],[95,586],[95,612],[95,619],[96,97],[96,152],[96,161],[96,225],[96,247],[96,315],[96,408],[96,425],[96,444],[96,555],[96,583],[96,592],[96,627],[97,99],[98,99],[98,543],[99,103],[99,114],[100,102],[100,138],[100,180],[100,187],[100,196],[100,221],[100,233],[100,240],[100,313],[100,316],[100,321],[100,323],[100,450],[100,584],[100,585],[100,607],[100,624],[101,102],[101,105],[101,125],[101,130],[101,131],[102,103],[102,126],[103,104],[104,107],[105,106],[106,107],[107,108],[108,109],[109,110],[110,113],[111,112],[112,113],[113,116],[114,115],[115,116],[116,117],[117,118],[118,246],[119,121],[119,243],[119,359],[119,459],[119,505],[119,520],[119,635],[120,119],[120,503],[121,186],[121,311],[121,422],[121,437],[121,540],[121,571],[122,176],[122,238],[122,264],[122,335],[122,405],[122,418],[122,429],[122,448],[122,526],[122,563],[122,582],[122,605],[122,622],[123,160],[123,180],[123,181],[123,212],[123,239],[123,260],[123,274],[123,282],[123,283],[123,288],[123,295],[123,296],[123,312],[123,332],[123,344],[123,346],[123,370],[123,376],[123,379],[123,385],[123,389],[123,392],[123,406],[123,439],[123,449],[123,531],[123,561],[123,576],[123,585],[123,616],[123,654],[124,136],[124,154],[124,165],[124,195],[124,207],[124,228],[124,251],[124,279],[124,286],[124,302],[124,320],[124,342],[124,350],[124,363],[124,383],[124,413],[124,433],[124,456],[124,476],[124,488],[124,496],[125,126],[125,188],[125,317],[126,127],[126,248],[126,249],[126,363],[127,134],[127,378],[128,130],[128,142],[128,190],[128,198],[128,215],[128,217],[128,222],[128,340],[128,345],[128,478],[128,486],[128,489],[128,494],[128,578],[128,609],[128,640],[129,128],[129,137],[130,132],[130,295],[130,298],[130,349],[131,132],[131,191],[131,219],[131,296],[131,300],[131,341],[132,133],[132,279],[132,283],[132,284],[133,134],[133,162],[134,135],[134,373],[135,136],[136,149],[137,138],[137,139],[137,142],[137,143],[137,196],[137,198],[138,140],[138,252],[139,140],[139,253],[140,141],[140,364],[141,146],[141,391],[142,144],[142,291],[143,144],[143,288],[143,289],[144,145],[144,166],[144,280],[144,385],[144,386],[145,146],[146,147],[147,148],[147,389],[148,149],[149,150],[150,159],[151,152],[152,155],[152,208],[152,402],[153,154],[153,206],[153,427],[153,446],[153,567],[153,594],[153,629],[154,155],[155,157],[156,157],[156,209],[157,158],[158,159],[159,160],[160,175],[161,162],[161,372],[161,373],[161,566],[162,164],[163,164],[163,227],[163,381],[163,579],[163,621],[164,165],[165,168],[166,167],[167,168],[168,169],[169,173],[170,171],[171,172],[171,233],[172,173],[173,174],[174,175],[175,176],[176,185],[177,178],[177,265],[177,273],[178,179],[179,183],[179,239],[180,182],[181,182],[181,452],[182,183],[182,267],[182,268],[182,430],[182,565],[183,184],[184,185],[184,420],[185,186],[186,244],[187,188],[187,205],[187,543],[188,189],[189,193],[190,191],[190,550],[190,573],[191,192],[192,193],[193,194],[194,195],[195,203],[196,197],[197,200],[198,199],[198,229],[199,200],[200,201],[201,202],[202,203],[203,204],[204,211],[205,206],[205,574],[206,207],[207,208],[208,209],[209,210],[210,211],[211,212],[212,237],[213,214],[213,216],[213,340],[214,215],[214,321],[215,218],[216,217],[216,316],[217,218],[218,219],[219,220],[220,226],[221,223],[222,223],[222,589],[223,224],[224,225],[225,226],[226,227],[227,228],[228,231],[229,230],[230,231],[231,232],[232,235],[233,234],[234,235],[235,236],[236,237],[237,238],[238,242],[239,240],[240,241],[241,242],[242,243],[243,244],[244,245],[245,246],[246,362],[247,261],[248,250],[248,319],[249,250],[250,251],[251,259],[252,254],[253,254],[253,326],[254,255],[254,256],[255,257],[256,257],[257,258],[258,259],[259,260],[260,261],[261,263],[262,263],[262,334],[262,424],[262,441],[263,264],[264,272],[265,266],[265,568],[265,595],[265,613],[265,630],[266,271],[266,431],[266,454],[267,269],[268,269],[269,270],[270,271],[271,272],[271,336],[272,275],[273,274],[273,276],[273,432],[273,455],[273,570],[273,597],[273,615],[273,632],[274,275],[274,337],[275,277],[276,277],[276,338],[277,278],[278,309],[279,281],[280,281],[280,343],[281,282],[281,367],[282,287],[282,303],[283,285],[284,285],[285,286],[285,371],[286,287],[287,293],[288,290],[289,290],[290,291],[291,292],[292,293],[292,304],[292,352],[293,294],[294,306],[294,354],[295,297],[296,297],[296,347],[297,299],[298,299],[299,301],[300,301],[300,348],[301,302],[302,303],[303,304],[304,305],[305,306],[306,307],[307,308],[308,309],[309,310],[310,311],[311,360],[312,313],[313,314],[313,443],[313,451],[314,315],[315,333],[316,317],[317,318],[318,319],[319,320],[320,331],[321,325],[322,323],[322,345],[323,324],[323,440],[323,600],[324,325],[325,326],[326,327],[326,328],[327,329],[328,329],[329,330],[330,331],[331,332],[332,333],[333,334],[334,335],[335,336],[336,337],[337,338],[338,339],[339,357],[340,341],[341,342],[342,343],[343,344],[344,351],[345,346],[345,602],[345,620],[346,347],[347,348],[348,349],[349,350],[350,351],[351,352],[352,353],[353,354],[354,355],[355,356],[356,357],[357,358],[358,359],[359,360],[360,361],[361,362],[362,423],[363,365],[364,365],[365,366],[366,368],[367,368],[368,369],[369,370],[370,384],[370,414],[371,372],[371,409],[372,377],[373,375],[374,375],[374,378],[374,557],[374,561],[374,575],[374,604],[375,376],[376,377],[376,410],[377,380],[378,379],[379,380],[379,411],[380,382],[381,382],[381,412],[381,562],[382,383],[383,384],[384,397],[385,387],[386,387],[387,388],[388,390],[389,390],[390,393],[391,392],[392,393],[393,395],[394,395],[395,396],[396,397],[396,415],[397,398],[398,404],[399,400],[400,401],[401,402],[402,403],[403,404],[403,417],[404,405],[405,419],[406,407],[406,591],[407,408],[408,409],[409,410],[410,411],[411,412],[412,413],[413,414],[414,415],[415,416],[416,417],[417,418],[418,419],[419,420],[420,421],[421,422],[422,423],[423,462],[424,426],[425,426],[426,427],[427,428],[428,429],[429,434],[430,431],[431,432],[432,433],[433,434],[434,436],[435,436],[435,458],[436,437],[437,460],[438,439],[438,599],[438,601],[439,440],[440,441],[441,442],[442,445],[443,444],[444,445],[445,446],[446,447],[447,448],[448,457],[449,450],[450,451],[451,452],[452,453],[453,454],[454,455],[455,456],[456,457],[457,458],[458,459],[459,460],[460,461],[461,462],[462,463],[463,535],[464,465],[465,466],[466,467],[466,523],[467,519],[467,649],[468,469],[469,470],[470,471],[470,513],[471,502],[471,512],[471,646],[472,474],[472,500],[472,505],[472,644],[473,472],[474,483],[474,508],[474,638],[475,476],[475,487],[475,495],[476,482],[477,478],[477,479],[477,489],[478,480],[479,480],[480,481],[481,482],[481,497],[482,483],[483,501],[484,485],[485,486],[486,487],[487,488],[488,491],[489,490],[490,491],[491,492],[492,499],[493,494],[494,495],[494,642],[495,496],[496,497],[497,498],[498,499],[499,500],[500,501],[501,502],[502,507],[503,504],[503,517],[503,521],[504,506],[504,520],[505,506],[506,507],[506,647],[507,516],[508,511],[509,510],[509,640],[510,511],[510,638],[511,512],[512,514],[513,514],[513,517],[514,515],[515,516],[516,518],[517,518],[517,648],[518,519],[519,524],[520,522],[521,522],[522,523],[522,526],[522,532],[522,536],[522,652],[523,524],[523,650],[524,525],[525,530],[526,528],[527,528],[528,529],[529,530],[530,531],[531,533],[532,533],[532,656],[533,534],[534,535],[535,537],[536,537],[537,538],[538,659],[539,657],[540,559],[541,542],[541,553],[542,545],[543,544],[544,545],[545,547],[546,547],[546,553],[547,548],[548,552],[549,550],[550,551],[551,552],[552,556],[553,554],[554,555],[555,556],[556,557],[557,558],[558,559],[559,560],[560,572],[561,562],[562,563],[563,569],[564,565],[565,566],[566,567],[567,568],[568,569],[569,570],[570,571],[571,572],[572,636],[573,574],[574,575],[575,576],[576,581],[577,578],[578,579],[579,580],[580,581],[581,582],[582,596],[583,584],[584,587],[585,586],[586,587],[587,588],[588,593],[589,590],[589,625],[590,591],[591,592],[592,593],[593,594],[594,595],[595,596],[596,597],[597,598],[598,617],[599,600],[600,603],[601,602],[602,603],[603,604],[604,605],[605,614],[606,607],[607,610],[608,609],[609,610],[610,611],[611,612],[612,613],[613,614],[614,615],[615,616],[616,617],[617,634],[618,619],[619,620],[620,621],[621,622],[622,631],[623,624],[624,628],[625,626],[626,627],[627,628],[628,629],[629,630],[630,631],[631,632],[632,633],[633,634],[634,635],[635,636],[636,637],[637,655],[638,639],[639,645],[640,641],[641,643],[642,643],[643,644],[644,645],[645,646],[646,647],[647,648],[648,649],[649,650],[650,651],[651,653],[652,653],[653,654],[654,655],[655,656],[656,657],[657,658],[658,659],[662,663],[663,664]],
"ternaryAdjacencyList":[[1,13,2],[9,13,3],[9,13,4],[9,13,5],[11,13,6],[11,13,7],[11,13,8],[1,16,2],[9,16,3],[9,16,4],[9,16,5],[15,16,6],[15,16,7],[15,16,8],[1,19,2],[9,19,3],[9,19,4],[9,19,5],[18,19,6],[18,19,7],[18,19,8],[1,22,2],[9,22,3],[9,22,4],[9,22,5],[21,22,6],[21,22,7],[21,22,8],[1,27,2],[9,27,3],[9,27,4],[9,27,5],[24,27,6],[24,27,8],[1,32,2],[9,32,3],[9,32,4],[9,32,5],[29,32,6],[29,32,8],[1,35,2],[9,35,3],[9,35,4],[9,35,5],[34,35,6],[34,35,7],[34,35,8],[1,38,2],[9,38,3],[9,38,4],[9,38,5],[37,38,6],[37,38,7],[37,38,8],[1,41,2],[9,41,3],[9,41,4],[9,41,5],[40,41,6],[40,41,7],[40,41,8],[1,44,2],[9,44,3],[9,44,4],[9,44,5],[43,44,6],[43,44,7],[43,44,8],[1,49,2],[9,49,3],[9,49,4],[9,49,5],[46,49,6],[46,49,8],[1,54,2],[9,54,3],[9,54,4],[9,54,5],[51,54,6],[51,54,8],[55,659,2],[2,660,55],[3,660,56],[4,660,57],[5,660,58],[6,660,59],[7,660,60],[8,660,61],[2,664,661]],
"unknownEdges":[],
"argumentIDList":[0,1,2,3,4,5,6,7,8,9,10,11],
"argumentNameList":["MAIN:argument0","MAIN:argument1","MAIN:argument2","MAIN:argument3","MAIN:argument4","MAIN:argument5","MAIN_12_1:argument0","MAIN_12_1:argument1","MAIN_12_1:argument2","MAIN_12_1:argument3","MAIN_12_1:argument4","MAIN_12_1:argument5"],
"predicateIndices":[2,55],
"predicateOccurrenceInClause":[15,2],
"predicateStrongConnectedComponent":[1,1],
"argumentEdges":[[3,2],[4,2],[5,2],[6,2],[7,2],[8,2],[56,55],[57,55],[58,55],[59,55],[60,55],[61,55]],
"guardASTEdges":[[12,13],[12,16],[12,19],[12,22],[26,27],[31,32],[12,35],[12,38],[12,41],[12,44],[48,49],[53,54],[538,659],[658,659],[12,660],[663,664]],
"ASTEdges":[],
"AST_1Edges":[[10,11],[14,15],[17,18],[20,21],[23,24],[7,25],[25,26],[28,29],[7,30],[30,31],[33,34],[36,37],[39,40],[42,43],[45,46],[7,47],[47,48],[50,51],[7,52],[52,53],[60,62],[62,63],[5,64],[64,65],[6,66],[66,67],[4,68],[59,69],[68,70],[8,71],[70,72],[7,73],[73,74],[3,76],[76,77],[77,79],[81,80],[81,82],[80,83],[79,84],[3,85],[85,86],[88,87],[87,89],[86,90],[84,91],[77,92],[91,93],[74,94],[57,95],[95,96],[96,97],[95,98],[97,99],[56,100],[88,101],[100,102],[99,103],[79,104],[87,105],[86,106],[104,107],[107,108],[74,109],[94,110],[77,111],[73,112],[110,113],[77,114],[73,115],[113,116],[72,117],[67,118],[58,119],[119,121],[68,122],[69,123],[71,124],[80,125],[102,126],[79,127],[56,128],[128,130],[87,131],[130,132],[86,133],[127,134],[134,135],[124,136],[57,137],[100,138],[80,139],[138,140],[79,141],[128,142],[87,143],[142,144],[86,145],[141,146],[146,147],[71,148],[136,149],[74,150],[77,151],[96,152],[77,153],[124,154],[152,155],[95,156],[155,157],[73,158],[150,159],[123,160],[96,161],[133,162],[85,163],[162,164],[124,165],[85,166],[71,167],[165,168],[74,169],[77,170],[170,171],[73,172],[169,173],[69,174],[160,175],[122,176],[4,177],[77,178],[178,179],[123,180],[123,181],[180,182],[179,183],[68,184],[176,185],[121,186],[100,187],[187,188],[79,189],[128,190],[190,191],[86,192],[189,193],[193,194],[124,195],[100,196],[79,197],[128,198],[86,199],[197,200],[200,201],[71,202],[195,203],[74,204],[79,205],[205,206],[124,207],[152,208],[208,209],[73,210],[204,211],[123,212],[57,213],[213,214],[214,215],[213,216],[216,217],[215,218],[218,219],[86,220],[79,221],[86,222],[221,223],[223,224],[96,225],[220,226],[226,227],[124,228],[85,229],[71,230],[228,231],[74,232],[171,233],[73,234],[232,235],[69,236],[212,237],[122,238],[179,239],[239,240],[68,241],[238,242],[119,243],[186,244],[67,245],[118,246],[96,247],[67,248],[66,249],[248,250],[124,251],[95,252],[95,253],[252,254],[67,255],[66,256],[255,257],[71,258],[251,259],[123,260],[247,261],[95,262],[261,263],[122,264],[177,265],[265,266],[67,267],[66,268],[267,269],[71,270],[266,271],[264,272],[68,273],[123,274],[272,275],[273,276],[275,277],[79,278],[124,279],[71,280],[279,281],[123,282],[123,283],[69,284],[283,285],[124,286],[282,287],[123,288],[69,289],[288,290],[290,291],[71,292],[287,293],[67,294],[123,295],[123,296],[295,297],[69,298],[297,299],[69,300],[299,301],[124,302],[282,303],[303,304],[66,305],[294,306],[68,307],[86,308],[278,309],[309,310],[121,311],[123,312],[312,313],[71,314],[96,315],[216,316],[316,317],[66,318],[248,319],[124,320],[214,321],[57,322],[100,323],[95,324],[321,325],[325,326],[67,327],[66,328],[327,329],[71,330],[320,331],[123,332],[315,333],[333,334],[122,335],[335,336],[336,337],[337,338],[79,339],[213,340],[340,341],[124,342],[342,343],[123,344],[128,345],[123,346],[346,347],[347,348],[348,349],[124,350],[344,351],[351,352],[66,353],[294,354],[68,355],[86,356],[339,357],[357,358],[119,359],[311,360],[74,361],[246,362],[124,363],[71,364],[363,365],[79,366],[86,367],[366,368],[368,369],[123,370],[86,371],[371,372],[134,373],[92,374],[373,375],[123,376],[372,377],[127,378],[123,379],[377,380],[163,381],[380,382],[124,383],[370,384],[123,385],[69,386],[385,387],[86,388],[123,389],[388,390],[141,391],[123,392],[390,393],[85,394],[393,395],[71,396],[384,397],[74,398],[77,399],[399,400],[95,401],[152,402],[73,403],[398,404],[122,405],[123,406],[406,407],[96,408],[371,409],[409,410],[410,411],[411,412],[124,413],[370,414],[414,415],[74,416],[416,417],[122,418],[405,419],[419,420],[67,421],[121,422],[362,423],[79,424],[96,425],[424,426],[426,427],[71,428],[122,429],[77,430],[266,431],[431,432],[124,433],[429,434],[68,435],[434,436],[121,437],[66,438],[123,439],[439,440],[440,441],[79,442],[77,443],[96,444],[442,445],[445,446],[71,447],[122,448],[67,449],[449,450],[450,451],[451,452],[77,453],[266,454],[454,455],[124,456],[448,457],[457,458],[119,459],[437,460],[73,461],[423,462],[65,463],[4,465],[465,466],[466,467],[5,469],[469,470],[470,471],[58,472],[472,474],[78,475],[124,476],[57,477],[128,478],[87,479],[478,480],[71,481],[476,482],[474,483],[57,484],[484,485],[485,486],[475,487],[124,488],[128,489],[71,490],[488,491],[67,492],[57,493],[128,494],[475,495],[124,496],[496,497],[66,498],[492,499],[472,500],[483,501],[471,502],[5,503],[503,504],[119,505],[504,506],[502,507],[71,508],[9,509],[87,510],[508,511],[471,512],[470,513],[512,514],[67,515],[507,516],[513,517],[516,518],[467,519],[504,520],[64,521],[520,522],[466,523],[519,524],[86,525],[122,526],[68,527],[526,528],[85,529],[525,530],[123,531],[69,532],[531,533],[74,534],[463,535],[73,536],[535,537],[63,538],[71,539],[70,540],[79,541],[541,542],[98,543],[79,544],[542,545],[86,546],[545,547],[547,548],[95,549],[549,550],[86,551],[548,552],[541,553],[553,554],[96,555],[552,556],[556,557],[557,558],[540,559],[67,560],[123,561],[561,562],[122,563],[79,564],[564,565],[565,566],[566,567],[265,568],[563,569],[569,570],[121,571],[560,572],[86,573],[205,574],[574,575],[123,576],[86,577],[577,578],[578,579],[69,580],[576,581],[122,582],[96,583],[583,584],[123,585],[95,586],[584,587],[79,588],[222,589],[69,590],[406,591],[96,592],[588,593],[593,594],[265,595],[582,596],[596,597],[67,598],[79,599],[599,600],[86,601],[601,602],[600,603],[603,604],[122,605],[79,606],[606,607],[86,608],[608,609],[607,610],[610,611],[95,612],[265,613],[605,614],[614,615],[123,616],[598,617],[86,618],[618,619],[619,620],[620,621],[122,622],[79,623],[623,624],[67,625],[625,626],[96,627],[624,628],[628,629],[265,630],[622,631],[631,632],[69,633],[617,634],[119,635],[572,636],[65,637],[474,638],[67,639],[128,640],[67,641],[66,642],[641,643],[472,644],[639,645],[471,646],[646,647],[647,648],[467,649],[649,650],[86,651],[85,652],[651,653],[123,654],[637,655],[655,656],[539,657],[62,658],[8,662],[662,663]],
"AST_2Edges":[[58,64],[57,68],[69,70],[71,72],[56,75],[75,76],[78,77],[56,80],[57,82],[82,83],[83,84],[56,85],[56,87],[82,89],[89,90],[90,91],[85,92],[92,93],[93,94],[9,95],[80,97],[80,98],[98,99],[88,100],[57,101],[101,102],[102,103],[103,104],[101,105],[105,106],[106,107],[92,108],[108,109],[109,110],[83,111],[111,112],[112,113],[99,114],[114,115],[115,116],[116,117],[117,118],[120,119],[101,125],[125,126],[126,127],[129,128],[101,130],[101,131],[131,132],[132,133],[133,134],[92,135],[135,136],[129,137],[137,138],[137,139],[139,140],[140,141],[137,142],[137,143],[143,144],[144,145],[145,146],[92,147],[147,148],[148,149],[149,150],[71,151],[151,152],[95,153],[153,154],[154,155],[71,156],[156,157],[157,158],[158,159],[159,160],[92,161],[161,162],[95,163],[163,164],[164,165],[144,166],[166,167],[167,168],[168,169],[95,170],[71,171],[171,172],[172,173],[173,174],[174,175],[175,176],[9,177],[177,178],[71,179],[100,180],[80,181],[181,182],[182,183],[183,184],[184,185],[185,186],[82,187],[125,188],[188,189],[82,190],[131,191],[191,192],[192,193],[92,194],[194,195],[137,196],[196,197],[137,198],[198,199],[199,200],[92,201],[201,202],[202,203],[203,204],[187,205],[153,206],[206,207],[207,208],[156,209],[209,210],[210,211],[211,212],[88,213],[128,215],[95,216],[128,217],[217,218],[131,219],[219,220],[100,221],[128,222],[222,223],[92,224],[224,225],[225,226],[163,227],[227,228],[198,229],[229,230],[230,231],[231,232],[100,233],[233,234],[234,235],[235,236],[236,237],[237,238],[123,239],[100,240],[240,241],[241,242],[242,243],[243,244],[244,245],[245,246],[71,247],[126,248],[126,249],[249,250],[250,251],[138,252],[139,253],[253,254],[254,255],[254,256],[256,257],[257,258],[258,259],[259,260],[260,261],[69,262],[262,263],[263,264],[95,266],[182,267],[182,268],[268,269],[269,270],[270,271],[271,272],[177,273],[273,274],[274,275],[69,276],[276,277],[277,278],[132,279],[144,280],[280,281],[281,282],[132,283],[132,284],[284,285],[285,286],[286,287],[143,288],[143,289],[289,290],[142,291],[291,292],[292,293],[293,294],[130,295],[131,296],[296,297],[130,298],[298,299],[131,300],[300,301],[301,302],[302,303],[292,304],[304,305],[305,306],[306,307],[307,308],[308,309],[92,310],[310,311],[66,312],[100,313],[313,314],[314,315],[100,316],[125,317],[317,318],[318,319],[319,320],[100,321],[88,322],[322,323],[323,324],[324,325],[253,326],[326,327],[326,328],[328,329],[329,330],[330,331],[331,332],[332,333],[262,334],[334,335],[271,336],[274,337],[276,338],[338,339],[128,340],[131,341],[341,342],[280,343],[343,344],[322,345],[345,346],[296,347],[300,348],[130,349],[349,350],[350,351],[292,352],[352,353],[353,354],[354,355],[355,356],[356,357],[92,358],[358,359],[359,360],[360,361],[361,362],[126,363],[140,364],[364,365],[365,366],[281,367],[367,368],[92,369],[369,370],[285,371],[161,372],[161,373],[95,374],[374,375],[375,376],[376,377],[374,378],[378,379],[379,380],[69,381],[381,382],[382,383],[383,384],[144,385],[144,386],[386,387],[387,388],[147,389],[389,390],[92,391],[391,392],[392,393],[69,394],[394,395],[395,396],[396,397],[397,398],[69,399],[71,400],[400,401],[401,402],[402,403],[403,404],[404,405],[92,406],[92,407],[407,408],[408,409],[376,410],[379,411],[381,412],[412,413],[413,414],[396,415],[415,416],[403,417],[417,418],[418,419],[184,420],[420,421],[421,422],[422,423],[262,424],[77,425],[425,426],[153,427],[427,428],[428,429],[182,430],[430,431],[273,432],[432,433],[433,434],[71,435],[435,436],[436,437],[95,438],[438,439],[323,440],[262,441],[441,442],[313,443],[443,444],[444,445],[153,446],[446,447],[447,448],[123,449],[100,450],[313,451],[181,452],[452,453],[453,454],[273,455],[455,456],[456,457],[435,458],[458,459],[459,460],[460,461],[461,462],[462,463],[57,464],[464,465],[81,466],[58,468],[468,469],[78,470],[473,472],[57,475],[475,476],[81,477],[477,478],[477,479],[479,480],[480,481],[481,482],[482,483],[78,484],[128,486],[486,487],[487,488],[477,489],[489,490],[490,491],[491,492],[78,493],[493,494],[494,495],[495,496],[481,497],[497,498],[498,499],[499,500],[500,501],[501,502],[120,503],[472,505],[505,506],[506,507],[474,508],[57,509],[509,510],[510,511],[511,512],[64,513],[513,514],[514,515],[515,516],[503,517],[517,518],[518,519],[119,520],[503,521],[521,522],[522,523],[523,524],[524,525],[522,526],[64,527],[527,528],[528,529],[529,530],[530,531],[522,532],[532,533],[533,534],[534,535],[522,536],[536,537],[537,538],[74,539],[121,540],[80,541],[84,542],[187,543],[543,544],[544,545],[87,546],[546,547],[90,548],[87,549],[190,550],[550,551],[551,552],[546,553],[92,554],[554,555],[555,556],[374,557],[92,558],[558,559],[559,560],[374,561],[381,562],[562,563],[95,564],[182,565],[161,566],[153,567],[567,568],[568,569],[273,570],[570,571],[571,572],[190,573],[573,574],[374,575],[575,576],[95,577],[128,578],[163,579],[579,580],[580,581],[581,582],[69,583],[100,584],[100,585],[585,586],[586,587],[587,588],[92,589],[589,590],[590,591],[591,592],[592,593],[153,594],[594,595],[595,596],[273,597],[597,598],[438,599],[323,600],[438,601],[345,602],[602,603],[374,604],[604,605],[66,606],[100,607],[66,608],[128,609],[609,610],[92,611],[611,612],[612,613],[613,614],[273,615],[615,616],[616,617],[67,618],[95,619],[345,620],[163,621],[621,622],[67,623],[100,624],[589,625],[92,626],[626,627],[627,628],[153,629],[629,630],[630,631],[273,632],[632,633],[633,634],[634,635],[635,636],[636,637],[510,638],[638,639],[509,640],[640,641],[494,642],[642,643],[643,644],[644,645],[645,646],[506,647],[517,648],[648,649],[523,650],[650,651],[522,652],[652,653],[653,654],[654,655],[532,656],[656,657],[657,658]],
"templateASTEdges":[],
"templateEdges":[],
"verifHintTplPredEdges":[],
"verifHintTplPredPosNegEdges":[],
"verifHintTplEqTermEdges":[],
"verifHintTplInEqTermEdges":[],
"verifHintTplInEqTermPosNegEdges":[],
"dataFlowASTEdges":[],
"controlFlowHyperEdges":[[1,13,2],[1,16,2],[1,19,2],[1,22,2],[1,27,2],[1,32,2],[1,35,2],[1,38,2],[1,41,2],[1,44,2],[1,49,2],[1,54,2],[55,659,2],[2,660,55],[2,664,661]],
"dataFlowHyperEdges":[[9,13,3],[9,13,4],[9,13,5],[11,13,6],[11,13,7],[11,13,8],[9,16,3],[9,16,4],[9,16,5],[15,16,6],[15,16,7],[15,16,8],[9,19,3],[9,19,4],[9,19,5],[18,19,6],[18,19,7],[18,19,8],[9,22,3],[9,22,4],[9,22,5],[21,22,6],[21,22,7],[21,22,8],[9,27,3],[9,27,4],[9,27,5],[24,27,6],[24,27,8],[9,32,3],[9,32,4],[9,32,5],[29,32,6],[29,32,8],[9,35,3],[9,35,4],[9,35,5],[34,35,6],[34,35,7],[34,35,8],[9,38,3],[9,38,4],[9,38,5],[37,38,6],[37,38,7],[37,38,8],[9,41,3],[9,41,4],[9,41,5],[40,41,6],[40,41,7],[40,41,8],[9,44,3],[9,44,4],[9,44,5],[43,44,6],[43,44,7],[43,44,8],[9,49,3],[9,49,4],[9,49,5],[46,49,6],[46,49,8],[9,54,3],[9,54,4],[9,54,5],[51,54,6],[51,54,8],[3,660,56],[4,660,57],[5,660,58],[6,660,59],[7,660,60],[8,660,61]],
"controlLocationEdgeForSCC":[],
"predicateTransitiveEdges":[[2,2],[55,55]],
"dummyFiled":[]
}