{
"nodeIds":[0,1,2,3,4,5,6,7,8,9,10,11,12,13,14,15,16,17,18,19,20,21,22,23,24,25,26,27,28,29,30,31,32,33,34,35,36,37,38,39,40,41,42,43,44,45,46,47,48,49,50,51,52,53,54,55,56,57,58,59,60,61,62,63,64,65,66,67,68,69,70,71,72,73,74,75,76,77,78,79,80,81,82,83,84,85,86,87,88,89],
"nodeSymbolList":["predicateName_0","predicateArgument_0","predicateArgument_1","predicateArgument_2","predicateArgument_3","predicateArgument_4","FALSE","clause_0","=","symbolicConstant_0","0","!",">=","symbolicConstant_1",">=","symbolicConstant_2","1","=","symbolicConstant_3","=","symbolicConstant_4","=","symbolicConstant_5","clauseHead_0","clauseArgument_0","clauseArgument_1","clauseArgument_2","clauseArgument_3","clauseArgument_4","clause_1","=","symbolicConstant_6","!","=","symbolicConstant_7","!","clauseHead_1","clauseArgument_5","symbolicConstant_8","clauseArgument_6","symbolicConstant_9","clauseArgument_7","clauseArgument_8","symbolicConstant_10","clauseArgument_9","symbolicConstant_11","clauseBody_0","clauseArgument_10","clauseArgument_11","clauseArgument_12","+","clauseArgument_13","+","2","clauseArgument_14","+","-1","clause_2","+","symbolicConstant_12","symbolicConstant_13","=","+","symbolicConstant_14","=","+","symbolicConstant_15","=","+","symbolicConstant_16","=","+","symbolicConstant_17","=","+","symbolicConstant_18","-2","=","!","=","symbolicConstant_19","!","clauseHead_2","clauseBody_1","clauseArgument_15","symbolicConstant_20","clauseArgument_16","clauseArgument_17","clauseArgument_18","clauseArgument_19"],
"falseIndices":[6],
"initialIndices":[],
"argumentIndices":[1,2,3,4,5],
"argumentBoundList":[[1,0],[1,0],[1,0],[0,0],[1,0]],
"argumentBinaryOccurrenceList":[0,0,0,0,0],
"argumentOccurrence":[0,0,0,0,0],
"templateIndices":[],
"templateRelevanceLabel":[],
"templateCostLabel":[],
"clauseIndices":[7,29,57],
"guardIndices":[],
"clauseBinaryOccurrenceInCounterExampleList":[0,0,0],
"predictedLabel":[],
"controlLocationIndices":[],
"binaryAdjacentList":[[0,1],[0,2],[0,3],[0,4],[0,5],[0,23],[0,36],[1,24],[1,37],[1,47],[1,84],[2,25],[2,39],[2,48],[2,86],[3,26],[3,41],[3,49],[3,87],[4,27],[4,42],[4,51],[4,88],[5,28],[5,44],[5,54],[5,89],[6,82],[7,23],[8,11],[9,8],[10,8],[10,12],[10,21],[10,30],[10,33],[10,61],[10,64],[10,70],[10,73],[10,79],[11,7],[12,7],[13,12],[13,19],[14,7],[15,14],[15,17],[16,14],[16,50],[16,87],[17,7],[18,17],[19,7],[20,19],[21,7],[22,21],[23,24],[23,25],[23,26],[23,27],[23,28],[24,15],[25,13],[26,18],[27,20],[28,22],[29,36],[30,32],[31,30],[31,50],[32,29],[33,35],[34,33],[35,29],[36,37],[36,39],[36,41],[36,42],[36,44],[37,38],[38,47],[39,40],[40,48],[41,31],[42,43],[43,52],[44,45],[45,55],[46,0],[46,29],[47,46],[48,46],[49,46],[50,49],[51,46],[52,51],[53,52],[54,46],[55,54],[56,55],[56,67],[57,82],[58,61],[59,58],[60,58],[60,62],[60,65],[60,68],[60,71],[60,77],[61,57],[62,64],[63,62],[64,57],[65,67],[66,65],[66,89],[67,57],[68,70],[69,68],[70,57],[71,73],[72,71],[73,57],[74,77],[75,74],[75,88],[76,74],[77,78],[78,57],[79,81],[80,79],[81,57],[83,0],[83,57],[84,83],[85,84],[85,86],[86,83],[87,83],[88,83],[89,83]],
"ternaryAdjacencyList":[],
"unknownEdges":[],
"argumentIDList":[0,1,2,3,4],
"argumentNameList":["main_1_1:argument0","main_1_1:argument1","main_1_1:argument2","main_1_1:argument3","main_1_1:argument4"],
"predicateIndices":[0],
"predicateOccurrenceInClause":[4],
"predicateStrongConnectedComponent":[1],
"predicateArgumentEdges":[[0,1],[0,2],[0,3],[0,4],[0,5]],
"predicateInstanceEdges":[[0,23],[0,36],[46,0],[6,82],[83,0]],
"argumentInstanceEdges":[[1,24],[2,25],[3,26],[4,27],[5,28],[1,37],[2,39],[3,41],[4,42],[5,44],[1,47],[2,48],[3,49],[4,51],[5,54],[1,84],[2,86],[3,87],[4,88],[5,89]],
"controlHeadEdges":[[7,23],[29,36],[57,82]],
"controlBodyEdges":[[46,29],[83,57]],
"controlEdges":[],
"controlArgumentEdges":[[23,24],[23,25],[23,26],[23,27],[23,28],[36,37],[36,39],[36,41],[36,42],[36,44],[47,46],[48,46],[49,46],[51,46],[54,46],[84,83],[86,83],[87,83],[88,83],[89,83]],
"subTermEdges":[[9,8],[10,8],[8,11],[13,12],[10,12],[15,14],[16,14],[18,17],[15,17],[20,19],[13,19],[22,21],[10,21],[31,30],[10,30],[30,32],[34,33],[10,33],[33,35],[31,50],[16,50],[43,52],[53,52],[45,55],[56,55],[59,58],[60,58],[58,61],[10,61],[63,62],[60,62],[62,64],[10,64],[66,65],[60,65],[65,67],[56,67],[69,68],[60,68],[68,70],[10,70],[72,71],[60,71],[71,73],[10,73],[75,74],[76,74],[60,77],[74,77],[77,78],[80,79],[10,79],[79,81]],
"guardEdges":[[11,7],[12,7],[14,7],[17,7],[19,7],[21,7],[32,29],[35,29],[61,57],[64,57],[67,57],[70,57],[73,57],[78,57],[81,57]],
"dataEdges":[[24,15],[25,13],[26,18],[27,20],[28,22],[37,38],[39,40],[41,31],[42,43],[44,45],[38,47],[40,48],[50,49],[52,51],[55,54],[85,84],[85,86],[16,87],[75,88],[66,89]],
"predicateInstanceHeadEdges":[],
"predicateInstanceBodyEdges":[],
"controlArgumentHeadEdges":[],
"controlArgumentBodyEdges":[],
"guardConstantEdges":[],
"guardOperatorEdges":[],
"guardScEdges":[],
"dataConstantEdges":[],
"dataOperatorEdges":[],
"dataScEdges":[],
"subTermConstantOperatorEdges":[],
"subTermOperatorOperatorEdges":[],
"subTermScOperatorEdges":[],
"dummyFiled":[]
}