{
"nodeIds":[0,1,2,3,4,5,6,7,8,9,10,11,12,13,14,15,16,17,18,19,20,21,22,23,24,25,26,27,28,29,30,31,32,33,34,35,36,37,38,39,40,41,42,43,44,45],
"nodeSymbolList":["predicateName_0","predicateArgument_0","predicateName_1","FALSE","clause_0",">=","symbolicConstant_0","2","clauseHead_0","clauseArgument_0","clause_1","=","symbolicConstant_1","0","!",">=","1","symbolicConstant_2","clauseHead_1","clause_2","*","symbolicConstant_3","=","symbolicConstant_4",">=","!","clauseHead_2","clauseArgument_1","clauseBody_0","clauseArgument_2","clause_3","*","symbolicConstant_5","=","symbolicConstant_6","=","symbolicConstant_7","!",">=","clauseHead_3","clauseBody_1","clauseArgument_3","clause_4","true","clauseHead_4","clauseBody_2"],
"falseIndices":[3],
"initialIndices":[],
"argumentIndices":[1],
"argumentBoundList":[[1,0]],
"argumentBinaryOccurrenceList":[0],
"argumentOccurrence":[0],
"templateIndices":[],
"templateRelevanceLabel":[],
"templateCostLabel":[],
"clauseIndices":[4,10,19,30,42],
"guardIndices":[],
"clauseBinaryOccurrenceInCounterExampleList":[0,0,0,0,0],
"predictedLabel":[],
"controlLocationIndices":[],
"binaryAdjacentList":[[0,1],[0,8],[0,26],[1,9],[1,27],[1,29],[1,41],[2,18],[2,39],[3,44],[4,8],[5,4],[6,5],[7,5],[7,20],[7,31],[8,9],[9,6],[10,18],[11,14],[12,11],[13,11],[13,35],[14,10],[15,10],[16,15],[16,24],[16,38],[17,15],[19,26],[20,22],[21,20],[21,29],[22,19],[23,22],[23,24],[24,25],[25,19],[26,27],[27,23],[28,0],[28,19],[29,28],[30,39],[31,33],[32,31],[32,41],[33,30],[34,33],[34,38],[35,37],[36,35],[37,30],[38,30],[40,0],[40,30],[41,40],[42,44],[43,42],[45,2],[45,42]],
"ternaryAdjacencyList":[],
"unknownEdges":[],
"argumentIDList":[0],
"argumentNameList":["main_1_1:argument0"],
"predicateIndices":[0,2],
"predicateOccurrenceInClause":[4,3],
"predicateStrongConnectedComponent":[1,0],
"predicateArgumentEdges":[[0,1]],
"predicateInstanceEdges":[[0,8],[2,18],[0,26],[28,0],[2,39],[40,0],[3,44],[45,2]],
"argumentInstanceEdges":[[1,9],[1,27],[1,29],[1,41]],
"controlHeadEdges":[[4,8],[10,18],[19,26],[30,39],[42,44]],
"controlBodyEdges":[[28,19],[40,30],[45,42]],
"controlEdges":[],
"controlArgumentEdges":[[8,9],[26,27],[29,28],[41,40]],
"subTermEdges":[[6,5],[7,5],[12,11],[13,11],[11,14],[16,15],[17,15],[21,20],[7,20],[23,22],[20,22],[16,24],[23,24],[24,25],[32,31],[7,31],[31,33],[34,33],[36,35],[13,35],[35,37],[16,38],[34,38]],
"guardEdges":[[5,4],[14,10],[15,10],[22,19],[25,19],[33,30],[37,30],[38,30],[43,42]],
"dataEdges":[[9,6],[27,23],[21,29],[32,41]],
"predicateInstanceHeadEdges":[],
"predicateInstanceBodyEdges":[],
"controlArgumentHeadEdges":[],
"controlArgumentBodyEdges":[],
"guardConstantEdges":[],
"guardOperatorEdges":[],
"guardScEdges":[],
"dataConstantEdges":[],
"dataOperatorEdges":[],
"dataScEdges":[],
"subTermConstantOperatorEdges":[],
"subTermOperatorOperatorEdges":[],
"subTermScOperatorEdges":[],
"dummyFiled":[]
}