{
"nodeIds":[0,1,2,3,4,5,6,7,8,9,10,11,12,13,14,15,16,17,18,19,20,21,22,23,24,25,26,27,28,29,30,31,32,33,34,35,36,37,38,39,40,41,42,43,44,45,46,47,48,49,50,51,52,53,54,55,56,57,58,59,60,61,62,63,64,65,66,67,68,69,70,71,72,73,74,75,76,77,78,79,80,81,82,83,84,85,86,87,88,89,90,91,92,93,94,95,96,97,98,99,100,101,102,103,104,105,106,107,108,109,110],
"nodeSymbolList":["predicateName_0","predicateArgument_0","predicateArgument_1","predicateName_1","FALSE","clause_0","-","symbolicConstant_0","+","symbolicConstant_1",">=","1","clauseHead_0","clauseArgument_0","clauseArgument_1","clause_1","=","symbolicConstant_2","0","!",">=","symbolicConstant_3","symbolicConstant_4","clauseHead_1","clause_2","-","symbolicConstant_5","+","symbolicConstant_6","+","symbolicConstant_7","=","*","symbolicConstant_8","2","-","+","=","-1","+",">=","clauseHead_2","clauseArgument_2","clauseArgument_3","clauseBody_0","clauseArgument_4","clauseArgument_5","clause_3","-","symbolicConstant_9","+","symbolicConstant_10","+","symbolicConstant_11","=","*","symbolicConstant_12","=","+",">=","clauseHead_3","clauseArgument_6","clauseArgument_7","clauseBody_1","clauseArgument_8","clauseArgument_9","clause_4","*","symbolicConstant_13","-","symbolicConstant_14","+","=","+","symbolicConstant_15","=","symbolicConstant_16","=","symbolicConstant_17","!","+","+",">=","clauseHead_4","clauseBody_2","clauseArgument_10","clauseArgument_11","clause_5","*","symbolicConstant_18","=","symbolicConstant_19","+","symbolicConstant_20","=","symbolicConstant_21","=","symbolicConstant_22","!","-","+","+",">=","clauseHead_5","clauseBody_3","clauseArgument_12","clauseArgument_13","clause_6","true","clauseHead_6","clauseBody_4"],
"falseIndices":[4],
"initialIndices":[],
"argumentIndices":[1,2],
"argumentBoundList":[["None","None"],["None","None"]],
"argumentBinaryOccurrenceList":[0,0],
"argumentOccurrence":[0,0],
"templateIndices":[],
"templateRelevanceLabel":[],
"templateCostLabel":[],
"clauseIndices":[5,15,24,47,66,87,107],
"guardIndices":[],
"clauseBinaryOccurrenceInCounterExampleList":[1,1,0,0,1,1,1],
"predictedLabel":[],
"controlLocationIndices":[],
"binaryAdjacentList":[[0,1],[0,2],[0,12],[0,41],[0,60],[1,13],[1,42],[1,45],[1,61],[1,64],[1,85],[1,105],[2,14],[2,43],[2,46],[2,62],[2,65],[2,86],[2,106],[3,23],[3,83],[3,103],[4,109],[5,12],[6,8],[7,6],[8,10],[9,8],[10,5],[11,10],[11,40],[11,59],[12,13],[12,14],[13,9],[14,7],[15,23],[16,19],[17,16],[18,16],[18,31],[18,54],[18,77],[18,96],[18,102],[19,15],[20,15],[21,20],[22,20],[24,41],[25,27],[25,39],[26,25],[27,29],[28,27],[28,46],[29,31],[30,29],[30,35],[30,45],[31,24],[32,36],[33,32],[33,39],[34,32],[34,55],[34,67],[34,88],[35,36],[36,37],[37,24],[38,37],[38,72],[38,82],[39,40],[40,24],[41,42],[41,43],[42,33],[43,26],[44,0],[44,24],[45,44],[46,44],[47,60],[48,50],[48,58],[49,48],[50,52],[51,50],[51,65],[52,54],[53,52],[53,57],[53,64],[54,47],[55,57],[56,55],[56,58],[57,47],[58,59],[59,47],[60,61],[60,62],[61,56],[62,49],[63,0],[63,47],[64,63],[65,63],[66,83],[67,71],[68,67],[68,80],[69,71],[69,80],[70,69],[70,73],[70,85],[71,72],[72,66],[73,75],[74,73],[74,86],[75,66],[76,75],[76,81],[77,79],[78,77],[79,66],[80,81],[81,82],[82,66],[84,0],[84,66],[85,84],[86,84],[87,103],[88,90],[89,88],[89,100],[90,87],[91,90],[91,92],[91,99],[91,105],[92,94],[93,92],[93,106],[94,87],[95,94],[95,101],[96,98],[97,96],[98,87],[99,100],[100,101],[101,102],[102,87],[104,0],[104,87],[105,104],[106,104],[107,109],[108,107],[110,3],[110,107]],
"ternaryAdjacencyList":[],
"unknownEdges":[],
"argumentIDList":[0,1],
"argumentNameList":["main_1_1:argument0","main_1_1:argument1"],
"predicateIndices":[0,3],
"predicateOccurrenceInClause":[7,4],
"predicateStrongConnectedComponent":[1,0],
"predicateArgumentEdges":[[0,1],[0,2]],
"predicateInstanceEdges":[[0,12],[3,23],[0,41],[44,0],[0,60],[63,0],[3,83],[84,0],[3,103],[104,0],[4,109],[110,3]],
"argumentInstanceEdges":[[1,13],[2,14],[1,42],[2,43],[1,45],[2,46],[1,61],[2,62],[1,64],[2,65],[1,85],[2,86],[1,105],[2,106]],
"controlHeadEdges":[[5,12],[15,23],[24,41],[47,60],[66,83],[87,103],[107,109]],
"controlBodyEdges":[[44,24],[63,47],[84,66],[104,87],[110,107]],
"controlEdges":[],
"controlArgumentEdges":[[12,13],[12,14],[41,42],[41,43],[45,44],[46,44],[60,61],[60,62],[64,63],[65,63],[85,84],[86,84],[105,104],[106,104]],
"subTermEdges":[[7,6],[9,8],[6,8],[8,10],[11,10],[17,16],[18,16],[16,19],[21,20],[22,20],[26,25],[28,27],[25,27],[27,29],[30,29],[29,31],[18,31],[33,32],[34,32],[30,35],[32,36],[35,36],[36,37],[38,37],[25,39],[33,39],[39,40],[11,40],[49,48],[51,50],[48,50],[50,52],[53,52],[52,54],[18,54],[56,55],[34,55],[55,57],[53,57],[48,58],[56,58],[58,59],[11,59],[68,67],[34,67],[70,69],[67,71],[69,71],[71,72],[38,72],[74,73],[70,73],[73,75],[76,75],[78,77],[18,77],[77,79],[68,80],[69,80],[80,81],[76,81],[81,82],[38,82],[89,88],[34,88],[88,90],[91,90],[93,92],[91,92],[92,94],[95,94],[97,96],[18,96],[96,98],[91,99],[89,100],[99,100],[100,101],[95,101],[101,102],[18,102]],
"guardEdges":[[10,5],[19,15],[20,15],[31,24],[37,24],[40,24],[54,47],[57,47],[59,47],[72,66],[75,66],[79,66],[82,66],[90,87],[94,87],[98,87],[102,87],[108,107]],
"dataEdges":[[13,9],[14,7],[42,33],[43,26],[30,45],[28,46],[61,56],[62,49],[53,64],[51,65],[70,85],[74,86],[91,105],[93,106]],
"predicateInstanceHeadEdges":[],
"predicateInstanceBodyEdges":[],
"controlArgumentHeadEdges":[],
"controlArgumentBodyEdges":[],
"guardConstantEdges":[],
"guardOperatorEdges":[],
"guardScEdges":[],
"dataConstantEdges":[],
"dataOperatorEdges":[],
"dataScEdges":[],
"subTermConstantOperatorEdges":[],
"subTermOperatorOperatorEdges":[],
"subTermScOperatorEdges":[],
"dummyFiled":[]
}