{
"nodeIds":[0,1,2,3,4,5,6,7,8,9,10,11,12,13,14,15,16,17,18,19,20,21,22,23,24,25,26,27,28,29,30,31,32],
"nodeSymbolList":["Initial","CONTROL_0","predicateArgument_0","predicateArgument_1","true","guard_0","CONTROL_1","predicateArgument_2","predicateArgument_3","+","-1",">=",">=","0",">=","guard_1","guard_2","CONTROL_2","predicateArgument_4","predicateArgument_5","+",">=",">=","guard_3","guard_4","CONTROL_3",">=",">=","guard_5",">=","guard_6","FALSE","guard_7"],
"falseIndices":[31],
"initialIndices":[0],
"argumentIndices":[2,3,7,8,18,19],
"argumentBoundList":[[0,0],[0,0],[0,0],[0,0],[0,0],[0,0]],
"argumentBinaryOccurrenceList":[0,0,0,0,0,0],
"argumentOccurrence":[0,0,0,0,0,0],
"templateIndices":[],
"templateRelevanceLabel":[],
"templateCostLabel":[],
"clauseIndices":[],
"guardIndices":[5,15,16,23,24,28,30,32],
"clauseBinaryOccurrenceInCounterExampleList":[0,0,0,0,0,0,0,0],
"controlLocationIndices":[1,6,17,25],
"binaryAdjacentList":[[2,1],[2,11],[2,21],[2,27],[2,29],[3,1],[3,14],[3,22],[3,26],[4,5],[4,16],[4,24],[4,32],[7,6],[7,9],[8,6],[8,12],[10,9],[10,11],[10,20],[10,29],[11,15],[12,15],[13,12],[13,14],[13,21],[13,22],[13,26],[13,27],[14,15],[18,17],[19,17],[19,20],[21,23],[22,23],[26,28],[27,28],[29,30]],
"ternaryAdjacencyList":[[0,5,1],[6,15,1],[9,15,2],[1,16,6],[2,16,7],[3,16,8],[17,23,1],[18,23,2],[20,23,3],[1,24,17],[2,24,18],[3,24,19],[1,28,25],[1,30,25],[25,32,31]],
"unknownEdges":[],
"argumentIDList":[0,1,2,3,4,5],
"argumentNameList":["main_1_1:argument0","main_1_1:argument1","main_1_1_1_1:argument0","main_1_1_1_1:argument1","main_1_1_2_1:argument0","main_1_1_2_1:argument1"],
"predicateIndices":[1,6,17,25],
"predicateOccurrenceInClause":[7,2,2,3],
"predicateStrongConnectedComponent":[1,1,1,0],
"argumentEdges":[[2,1],[3,1],[7,6],[8,6],[18,17],[19,17]],
"guardASTEdges":[[4,5],[11,15],[12,15],[14,15],[4,16],[21,23],[22,23],[4,24],[26,28],[27,28],[29,30],[4,32]],
"ASTEdges":[],
"AST_1Edges":[[10,9],[2,11],[13,12],[3,14],[10,20],[2,21],[3,22],[13,26],[2,27],[10,29]],
"AST_2Edges":[[7,9],[10,11],[8,12],[13,14],[19,20],[13,21],[13,22],[3,26],[13,27],[2,29]],
"templateASTEdges":[],
"templateEdges":[],
"verifHintTplPredEdges":[],
"verifHintTplPredPosNegEdges":[],
"verifHintTplEqTermEdges":[],
"verifHintTplInEqTermEdges":[],
"verifHintTplInEqTermPosNegEdges":[],
"dataFlowASTEdges":[],
"controlFlowHyperEdges":[[0,5,1],[6,15,1],[1,16,6],[17,23,1],[1,24,17],[1,28,25],[1,30,25],[25,32,31]],
"dataFlowHyperEdges":[[9,15,2],[2,16,7],[3,16,8],[18,23,2],[20,23,3],[2,24,18],[3,24,19]],
"controlLocationEdgeForSCC":[],
"predicateTransitiveEdges":[],
"dummyFiled":[]
}