{
"nodeIds":[0,1,2,3,4,5,6,7,8,9,10,11,12,13,14,15,16,17,18,19,20,21,22,23,24,25,26,27,28,29,30,31,32,33,34,35,36,37,38,39,40,41,42,43,44,45,46,47,48,49,50,51,52,53,54,55,56,57,58,59,60,61,62,63,64,65,66,67,68,69,70,71,72,73,74,75,76,77,78,79,80,81,82,83,84,85,86,87,88,89,90,91,92,93,94,95,96,97,98,99,100,101,102,103,104,105,106,107,108,109,110,111,112,113,114,115,116,117,118,119,120,121,122,123,124,125,126,127,128,129,130,131,132,133,134,135,136,137,138,139,140,141,142,143,144,145,146,147,148,149,150,151,152,153,154,155,156,157,158,159,160,161,162,163,164,165,166,167,168,169,170,171,172,173,174,175,176,177,178,179,180,181,182,183,184],
"nodeSymbolList":["predicateName_0","predicateArgument_0","predicateArgument_1","predicateArgument_2","predicateArgument_3","predicateName_1","predicateArgument_4","predicateArgument_5","predicateArgument_6","predicateArgument_7","predicateName_2","predicateArgument_8","predicateArgument_9","predicateArgument_10","predicateArgument_11","predicateName_3","FALSE","clause_0",">=","symbolicConstant_0","symbolicConstant_1","=","1","symbolicConstant_2","=","symbolicConstant_3","=","symbolicConstant_4","clauseHead_0","clauseArgument_0","clauseArgument_1","clauseArgument_2","clauseArgument_3","clauseBody_0","clauseArgument_4","clauseArgument_5","clauseArgument_6","clauseArgument_7","clause_1",">=","symbolicConstant_5","symbolicConstant_6","=","symbolicConstant_7","0","=","symbolicConstant_8","symbolicConstant_9","clauseHead_1","clauseArgument_8","clauseArgument_9","clauseArgument_10","symbolicConstant_10","clauseArgument_11","clauseBody_1","clauseArgument_12","clauseArgument_13","clauseArgument_14","clauseArgument_15","clause_2","=","symbolicConstant_11","!","=","symbolicConstant_12","=","symbolicConstant_13","symbolicConstant_14","clauseHead_2","clauseArgument_16","clauseArgument_17","symbolicConstant_15","clauseArgument_18","clauseArgument_19","clauseBody_2","clauseArgument_20","clauseArgument_21","clauseArgument_22","clauseArgument_23","clause_3",">=","symbolicConstant_16","symbolicConstant_17","!","=","symbolicConstant_18","=","symbolicConstant_19","symbolicConstant_20","clauseHead_3","clauseArgument_24","clauseArgument_25","clauseArgument_26","symbolicConstant_21","clauseArgument_27","clauseBody_3","clauseArgument_28","clauseArgument_29","clauseArgument_30","clauseArgument_31","clause_4","=","symbolicConstant_22","!","=","symbolicConstant_23","symbolicConstant_24","clauseHead_4","clauseArgument_32","clauseArgument_33","symbolicConstant_25","clauseArgument_34","clauseArgument_35","symbolicConstant_26","clauseBody_4","clauseArgument_36","clauseArgument_37","clauseArgument_38","clauseArgument_39","clause_5",">=","symbolicConstant_27","symbolicConstant_28","!","=","symbolicConstant_29","=","symbolicConstant_30","=","symbolicConstant_31","clauseHead_5","clauseArgument_40","clauseArgument_41","clauseArgument_42","symbolicConstant_32","clauseArgument_43","clause_6",">=","symbolicConstant_33","symbolicConstant_34","=","symbolicConstant_35","=","symbolicConstant_36","=","symbolicConstant_37","clauseHead_6","clauseArgument_44","clauseArgument_45","clauseArgument_46","symbolicConstant_38","clauseArgument_47","clause_7",">=","symbolicConstant_39","symbolicConstant_40","!","clauseHead_7","clauseBody_5","clauseArgument_48","clauseArgument_49","clauseArgument_50","clauseArgument_51","clause_8",">=","symbolicConstant_41","symbolicConstant_42","+","symbolicConstant_43","symbolicConstant_44",">=","!","-","+",">=","clauseHead_8","clauseBody_6","clauseArgument_52","clauseArgument_53","clauseArgument_54","clauseArgument_55","clause_9","true","clauseHead_9","clauseBody_7"],
"falseIndices":[16],
"initialIndices":[],
"argumentIndices":[1,2,3,4,6,7,8,9,11,12,13,14],
"argumentBoundList":[[0,0],[0,0],[1,1],[1,1],[0,0],[0,0],[1,1],[1,1],[0,0],[0,0],[0,0],[1,1]],
"argumentBinaryOccurrenceList":[0,0,0,0,0,0,0,0,0,0,0,0],
"argumentOccurrence":[0,0,0,0,0,0,0,0,0,0,0,0],
"templateIndices":[],
"templateRelevanceLabel":[],
"templateCostLabel":[],
"clauseIndices":[17,38,59,79,100,119,136,152,163,181],
"guardIndices":[],
"clauseBinaryOccurrenceInCounterExampleList":[0,0,0,0,0,0,0,0,0,0],
"predictedLabel":[],
"controlLocationIndices":[],
"binaryAdjacentList":[[0,1],[0,2],[0,3],[0,4],[0,28],[0,68],[0,107],[1,29],[1,69],[1,108],[1,177],[2,30],[2,70],[2,109],[2,178],[3,31],[3,72],[3,111],[3,179],[4,32],[4,73],[4,112],[4,180],[5,6],[5,7],[5,8],[5,9],[5,48],[5,89],[6,34],[6,49],[6,75],[6,90],[6,115],[6,159],[7,35],[7,50],[7,76],[7,91],[7,116],[7,160],[8,36],[8,51],[8,77],[8,92],[8,117],[8,161],[9,37],[9,53],[9,78],[9,94],[9,118],[9,162],[10,11],[10,12],[10,13],[10,14],[10,130],[10,146],[11,55],[11,96],[11,131],[11,147],[12,56],[12,97],[12,132],[12,148],[13,57],[13,98],[13,133],[13,149],[14,58],[14,99],[14,135],[14,151],[15,157],[15,175],[16,183],[17,28],[18,17],[19,18],[19,26],[19,34],[20,18],[20,35],[21,17],[22,21],[22,24],[22,36],[22,37],[22,60],[22,63],[22,77],[22,84],[22,101],[22,124],[22,161],[22,162],[22,170],[23,21],[24,17],[25,24],[26,17],[27,26],[28,29],[28,30],[28,31],[28,32],[29,19],[30,20],[31,25],[32,23],[33,5],[33,17],[34,33],[35,33],[36,33],[37,33],[38,48],[39,38],[40,39],[40,57],[41,39],[41,56],[42,38],[43,42],[44,42],[44,126],[44,140],[44,142],[44,174],[45,38],[46,45],[47,45],[47,55],[48,49],[48,50],[48,51],[48,53],[49,47],[50,40],[51,52],[52,58],[53,43],[54,10],[54,38],[55,54],[56,54],[57,54],[58,54],[59,68],[60,62],[61,60],[61,78],[62,59],[63,59],[64,63],[65,59],[66,65],[67,65],[67,75],[68,69],[68,70],[68,72],[68,73],[69,67],[70,71],[71,76],[72,64],[73,61],[74,5],[74,59],[75,74],[76,74],[77,74],[78,74],[79,89],[80,83],[81,80],[81,98],[82,80],[82,97],[83,79],[84,79],[85,84],[86,79],[87,86],[88,86],[88,96],[89,90],[89,91],[89,92],[89,94],[90,88],[91,81],[92,93],[93,99],[94,85],[95,10],[95,79],[96,95],[97,95],[98,95],[99,95],[100,107],[101,103],[102,101],[102,117],[103,100],[104,100],[105,104],[106,104],[106,115],[107,108],[107,109],[107,111],[107,112],[108,106],[109,110],[110,116],[111,102],[112,113],[113,118],[114,5],[114,100],[115,114],[116,114],[117,114],[118,114],[119,130],[120,123],[121,120],[122,120],[122,128],[123,119],[124,119],[125,124],[126,119],[127,126],[128,119],[129,128],[130,131],[130,132],[130,133],[130,135],[131,129],[132,121],[133,134],[135,125],[136,146],[137,136],[138,137],[139,137],[139,144],[140,136],[141,140],[142,136],[143,142],[144,136],[145,144],[146,147],[146,148],[146,149],[146,151],[147,145],[148,138],[149,150],[151,141],[152,157],[153,156],[154,153],[154,159],[155,153],[155,160],[156,152],[158,5],[158,152],[159,158],[160,158],[161,158],[162,158],[163,175],[164,163],[165,164],[165,177],[166,164],[166,178],[167,170],[168,167],[168,172],[168,179],[169,167],[169,173],[169,180],[170,171],[171,163],[172,173],[173,174],[174,163],[176,0],[176,163],[177,176],[178,176],[179,176],[180,176],[181,183],[182,181],[184,15],[184,181]],
"ternaryAdjacencyList":[],
"unknownEdges":[],
"argumentIDList":[8,9,10,11,4,5,6,7,0,1,2,3],
"argumentNameList":["main_s9:argument0","main_s9:argument1","main_s9:argument2","main_s9:argument3","main_s8:argument0","main_s8:argument1","main_s8:argument2","main_s8:argument3","main_s7:argument0","main_s7:argument1","main_s7:argument2","main_s7:argument3"],
"predicateIndices":[0,5,10,15],
"predicateOccurrenceInClause":[4,6,4,3],
"predicateStrongConnectedComponent":[0,0,0,0],
"predicateArgumentEdges":[[0,1],[0,2],[0,3],[0,4],[5,6],[5,7],[5,8],[5,9],[10,11],[10,12],[10,13],[10,14]],
"predicateInstanceEdges":[[0,28],[33,5],[5,48],[54,10],[0,68],[74,5],[5,89],[95,10],[0,107],[114,5],[10,130],[10,146],[15,157],[158,5],[15,175],[176,0],[16,183],[184,15]],
"argumentInstanceEdges":[[1,29],[2,30],[3,31],[4,32],[6,34],[7,35],[8,36],[9,37],[6,49],[7,50],[8,51],[9,53],[11,55],[12,56],[13,57],[14,58],[1,69],[2,70],[3,72],[4,73],[6,75],[7,76],[8,77],[9,78],[6,90],[7,91],[8,92],[9,94],[11,96],[12,97],[13,98],[14,99],[1,108],[2,109],[3,111],[4,112],[6,115],[7,116],[8,117],[9,118],[11,131],[12,132],[13,133],[14,135],[11,147],[12,148],[13,149],[14,151],[6,159],[7,160],[8,161],[9,162],[1,177],[2,178],[3,179],[4,180]],
"controlHeadEdges":[[17,28],[38,48],[59,68],[79,89],[100,107],[119,130],[136,146],[152,157],[163,175],[181,183]],
"controlBodyEdges":[[33,17],[54,38],[74,59],[95,79],[114,100],[158,152],[176,163],[184,181]],
"controlEdges":[],
"controlArgumentEdges":[[28,29],[28,30],[28,31],[28,32],[34,33],[35,33],[36,33],[37,33],[48,49],[48,50],[48,51],[48,53],[55,54],[56,54],[57,54],[58,54],[68,69],[68,70],[68,72],[68,73],[75,74],[76,74],[77,74],[78,74],[89,90],[89,91],[89,92],[89,94],[96,95],[97,95],[98,95],[99,95],[107,108],[107,109],[107,111],[107,112],[115,114],[116,114],[117,114],[118,114],[130,131],[130,132],[130,133],[130,135],[146,147],[146,148],[146,149],[146,151],[159,158],[160,158],[161,158],[162,158],[177,176],[178,176],[179,176],[180,176]],
"subTermEdges":[[19,18],[20,18],[22,21],[23,21],[25,24],[22,24],[27,26],[19,26],[40,39],[41,39],[43,42],[44,42],[46,45],[47,45],[61,60],[22,60],[60,62],[64,63],[22,63],[66,65],[67,65],[81,80],[82,80],[80,83],[85,84],[22,84],[87,86],[88,86],[102,101],[22,101],[101,103],[105,104],[106,104],[121,120],[122,120],[120,123],[125,124],[22,124],[127,126],[44,126],[129,128],[122,128],[138,137],[139,137],[141,140],[44,140],[143,142],[44,142],[145,144],[139,144],[154,153],[155,153],[153,156],[165,164],[166,164],[168,167],[169,167],[167,170],[22,170],[170,171],[168,172],[169,173],[172,173],[44,174],[173,174]],
"guardEdges":[[18,17],[21,17],[24,17],[26,17],[39,38],[42,38],[45,38],[62,59],[63,59],[65,59],[83,79],[84,79],[86,79],[103,100],[104,100],[123,119],[124,119],[126,119],[128,119],[137,136],[140,136],[142,136],[144,136],[156,152],[164,163],[171,163],[174,163],[182,181]],
"dataEdges":[[29,19],[30,20],[31,25],[32,23],[19,34],[20,35],[22,36],[22,37],[49,47],[50,40],[51,52],[53,43],[47,55],[41,56],[40,57],[52,58],[69,67],[70,71],[72,64],[73,61],[67,75],[71,76],[22,77],[61,78],[90,88],[91,81],[92,93],[94,85],[88,96],[82,97],[81,98],[93,99],[108,106],[109,110],[111,102],[112,113],[106,115],[110,116],[102,117],[113,118],[131,129],[132,121],[133,134],[135,125],[147,145],[148,138],[149,150],[151,141],[154,159],[155,160],[22,161],[22,162],[165,177],[166,178],[168,179],[169,180]],
"predicateInstanceHeadEdges":[],
"predicateInstanceBodyEdges":[],
"controlArgumentHeadEdges":[],
"controlArgumentBodyEdges":[],
"guardConstantEdges":[],
"guardOperatorEdges":[],
"guardScEdges":[],
"dataConstantEdges":[],
"dataOperatorEdges":[],
"dataScEdges":[],
"subTermConstantOperatorEdges":[],
"subTermOperatorOperatorEdges":[],
"subTermScOperatorEdges":[],
"dummyFiled":[]
}