{
"nodeIds":[0,1,2,3,4,5,6,7,8,9,10,11,12,13,14,15,16,17,18,19,20,21,22,23,24,25,26,27,28,29,30,31,32,33,34,35,36,37,38,39,40,41,42,43,44,45,46,47,48,49,50,51,52,53,54,55,56,57,58,59,60,61,62,63,64,65,66,67,68,69,70,71,72,73,74,75,76,77,78,79,80,81,82,83,84,85,86],
"nodeSymbolList":["Initial","CONTROL_0","predicateArgument_0","predicateArgument_1","predicateArgument_2",">=","1",">=","10000",">=",">=","guard_0","CONTROL_1","true","guard_1","guard_2","guard_3","guard_4","guard_5","guard_6","guard_7","guard_8","guard_9","guard_10","guard_11","CONTROL_2","predicateArgument_3","predicateArgument_4","predicateArgument_5","+","+","-1",">=",">=","-","+","+","=","0","guard_12","guard_13","CONTROL_3","predicateArgument_6","predicateArgument_7","predicateArgument_8","+","-","+",">=","guard_14","-","-","+",">=",">=","guard_15","+","+","+",">=",">=","-","+","+","=","guard_16","CONTROL_4","predicateArgument_9","predicateArgument_10","predicateArgument_11","+","+","-","+",">=","guard_17","guard_18","-","-","+",">=","-","+",">=","guard_19","FALSE","guard_20"],
"falseIndices":[85],
"initialIndices":[0],
"argumentIndices":[2,3,4,26,27,28,42,43,44,67,68,69],
"argumentBoundList":[[1,0],[0,0],[0,1],[1,0],[0,0],[0,1],[1,1],[0,0],[1,1],[1,1],[0,0],[1,1]],
"argumentBinaryOccurrenceList":[0,0,0,0,0,0,0,0,0,0,0,0],
"argumentOccurrence":[0,0,0,0,0,0,0,0,0,0,0,0],
"templateIndices":[],
"templateRelevanceLabel":[],
"templateCostLabel":[],
"clauseIndices":[],
"guardIndices":[11,14,15,16,17,18,19,20,21,22,23,24,39,40,49,55,65,75,76,84,86],
"clauseBinaryOccurrenceInCounterExampleList":[0,0,0,0,0,0,0,0,0,0,0,0,0,0,0,0,0,0,0,0,0],
"controlLocationIndices":[1,12,25,41,66],
"binaryAdjacentList":[[2,1],[2,5],[2,10],[2,32],[2,34],[2,50],[2,54],[2,59],[2,61],[3,1],[3,9],[3,36],[3,45],[3,51],[3,63],[4,1],[4,7],[4,33],[4,54],[4,60],[5,11],[6,5],[6,32],[6,48],[6,57],[6,59],[6,70],[6,74],[6,80],[7,11],[8,7],[8,9],[8,10],[9,11],[10,11],[13,14],[13,15],[13,16],[13,17],[13,18],[13,19],[13,20],[13,21],[13,22],[13,23],[13,24],[13,40],[13,76],[13,86],[26,25],[26,29],[26,33],[26,35],[27,25],[27,29],[28,25],[29,30],[31,30],[31,45],[31,53],[31,58],[31,71],[31,83],[32,39],[33,39],[34,35],[35,36],[36,37],[37,39],[38,37],[38,64],[42,41],[42,46],[42,56],[42,60],[42,62],[42,72],[42,77],[42,82],[43,41],[43,56],[43,78],[44,41],[44,47],[44,58],[44,73],[44,81],[46,47],[47,48],[48,49],[50,52],[51,52],[52,53],[53,55],[54,55],[56,57],[59,65],[60,65],[61,62],[62,63],[63,64],[64,65],[67,66],[68,66],[68,70],[69,66],[69,71],[72,73],[73,74],[74,75],[77,79],[78,79],[79,80],[80,84],[81,82],[82,83],[83,84]],
"ternaryAdjacencyList":[[0,11,1],[0,14,12],[0,15,12],[0,16,12],[0,17,12],[0,18,12],[0,19,12],[0,20,12],[0,21,12],[0,22,12],[0,23,12],[0,24,12],[25,39,1],[30,39,2],[28,39,4],[1,40,25],[2,40,26],[3,40,27],[4,40,28],[1,49,41],[2,49,42],[45,49,43],[4,49,44],[1,55,12],[41,65,1],[57,65,2],[58,65,4],[66,75,41],[67,75,42],[70,75,43],[71,75,44],[41,76,66],[42,76,67],[43,76,68],[44,76,69],[41,84,12],[12,86,85]],
"unknownEdges":[],
"argumentIDList":[0,1,2,3,4,5,6,7,8,9,10,11],
"argumentNameList":["main_1_1:argument0","main_1_1:argument1","main_1_1:argument2","main_1_1_12_1:argument0","main_1_1_12_1:argument1","main_1_1_12_1:argument2","main_1_3:argument0","main_1_3:argument1","main_1_3:argument2","main_1_3_16_1:argument0","main_1_3_16_1:argument1","main_1_3_16_1:argument2"],
"predicateIndices":[1,12,25,41,66],
"predicateOccurrenceInClause":[6,14,2,5,2],
"predicateStrongConnectedComponent":[1,0,1,1,1],
"argumentEdges":[[2,1],[3,1],[4,1],[26,25],[27,25],[28,25],[42,41],[43,41],[44,41],[67,66],[68,66],[69,66]],
"guardASTEdges":[[5,11],[7,11],[9,11],[10,11],[13,14],[13,15],[13,16],[13,17],[13,18],[13,19],[13,20],[13,21],[13,22],[13,23],[13,24],[32,39],[33,39],[37,39],[13,40],[48,49],[53,55],[54,55],[59,65],[60,65],[64,65],[74,75],[13,76],[80,84],[83,84],[13,86]],
"ASTEdges":[],
"AST_1Edges":[[2,5],[8,7],[8,9],[8,10],[27,29],[31,30],[2,32],[26,33],[26,35],[3,36],[36,37],[31,45],[44,47],[47,48],[2,50],[50,52],[52,53],[2,54],[43,56],[6,57],[31,58],[2,59],[42,60],[42,62],[3,63],[63,64],[6,70],[31,71],[44,73],[73,74],[42,77],[77,79],[79,80],[42,82],[82,83]],
"AST_2Edges":[[6,5],[4,7],[3,9],[2,10],[26,29],[29,30],[6,32],[4,33],[2,34],[34,35],[35,36],[38,37],[3,45],[42,46],[46,47],[6,48],[3,51],[51,52],[31,53],[4,54],[42,56],[56,57],[44,58],[6,59],[4,60],[2,61],[61,62],[62,63],[38,64],[68,70],[69,71],[42,72],[72,73],[6,74],[43,78],[78,79],[6,80],[44,81],[81,82],[31,83]],
"templateASTEdges":[],
"templateEdges":[],
"verifHintTplPredEdges":[],
"verifHintTplPredPosNegEdges":[],
"verifHintTplEqTermEdges":[],
"verifHintTplInEqTermEdges":[],
"verifHintTplInEqTermPosNegEdges":[],
"dataFlowASTEdges":[],
"controlFlowHyperEdges":[[0,11,1],[0,14,12],[0,15,12],[0,16,12],[0,17,12],[0,18,12],[0,19,12],[0,20,12],[0,21,12],[0,22,12],[0,23,12],[0,24,12],[25,39,1],[1,40,25],[1,49,41],[1,55,12],[41,65,1],[66,75,41],[41,76,66],[41,84,12],[12,86,85]],
"dataFlowHyperEdges":[[30,39,2],[28,39,4],[2,40,26],[3,40,27],[4,40,28],[2,49,42],[45,49,43],[4,49,44],[57,65,2],[58,65,4],[67,75,42],[70,75,43],[71,75,44],[42,76,67],[43,76,68],[44,76,69]],
"controlLocationEdgeForSCC":[],
"predicateTransitiveEdges":[],
"dummyFiled":[]
}