{
"nodeIds":[0,1,2,3,4,5,6,7,8,9,10,11,12,13,14,15,16,17,18,19,20,21,22,23,24,25,26,27,28,29,30,31,32,33,34,35,36,37,38,39,40,41,42,43,44,45,46,47,48,49,50,51,52,53,54,55,56,57,58,59,60,61,62,63,64,65,66,67,68,69,70,71],
"nodeSymbolList":["Initial","CONTROL_0","predicateArgument_0","predicateArgument_1","predicateArgument_2","predicateArgument_3","CONTROL_1","predicateArgument_4","predicateArgument_5","predicateArgument_6","predicateArgument_7","+","-1","-","-","+","+","=","0",">=","guard_0","true","guard_1","CONTROL_2","predicateArgument_8","predicateArgument_9","predicateArgument_10","CONTROL_3","predicateArgument_11","predicateArgument_12","predicateArgument_13","+","-","-","+","+","=",">=","guard_2","guard_3","CONTROL_4","predicateArgument_14","predicateArgument_15","predicateArgument_16","predicateArgument_17",">=","=","guard_4","CONTROL_5","predicateArgument_18","predicateArgument_19","predicateArgument_20","predicateArgument_21","+","-","-","+","+","=",">=","guard_5","guard_6","=","guard_7",">=","=","guard_8","FALSE","=","!",">=","guard_9"],
"falseIndices":[67],
"initialIndices":[0],
"argumentIndices":[2,3,4,5,7,8,9,10,24,25,26,28,29,30,41,42,43,44,49,50,51,52],
"argumentBoundList":[[0,0],[0,0],[0,0],[0,0],[0,0],[0,0],[0,0],[0,0],[0,0],[0,0],[0,0],[0,0],[0,0],[0,0],[0,0],[0,0],[0,0],[0,0],[0,0],[0,0],[0,0],[0,0]],
"argumentBinaryOccurrenceList":[0,0,0,0,0,0,0,0,0,0,0,0,0,0,0,0,0,0,0,0,0,0],
"argumentOccurrence":[0,0,0,0,0,0,0,0,0,0,0,0,0,0,0,0,0,0,0,0,0,0],
"templateIndices":[],
"templateRelevanceLabel":[],
"templateCostLabel":[],
"clauseIndices":[],
"guardIndices":[20,22,38,39,47,60,61,63,66,71],
"clauseBinaryOccurrenceInCounterExampleList":[0,0,0,0,0,0,0,0,0,0],
"controlLocationIndices":[1,6,23,27,40,48],
"binaryAdjacentList":[[2,1],[2,13],[2,65],[3,1],[3,68],[4,1],[4,16],[5,1],[5,19],[5,65],[5,68],[5,70],[7,6],[8,6],[9,6],[9,14],[10,6],[10,11],[12,11],[12,31],[12,53],[13,15],[14,15],[15,16],[16,17],[17,20],[18,17],[18,19],[18,36],[18,37],[18,45],[18,58],[18,59],[18,64],[18,70],[19,20],[21,22],[21,39],[21,61],[24,23],[24,32],[24,62],[25,23],[25,35],[26,23],[26,37],[26,45],[26,62],[28,27],[29,27],[29,33],[30,27],[30,31],[32,34],[33,34],[34,35],[35,36],[36,38],[37,38],[41,40],[41,46],[42,40],[42,54],[43,40],[43,57],[44,40],[44,46],[44,59],[44,64],[45,47],[46,47],[49,48],[50,48],[51,48],[51,55],[52,48],[52,53],[54,56],[55,56],[56,57],[57,58],[58,60],[59,60],[62,63],[64,66],[65,66],[68,69],[69,71],[70,71]],
"ternaryAdjacencyList":[[6,20,1],[7,20,2],[8,20,3],[11,20,5],[1,22,6],[2,22,7],[3,22,8],[4,22,9],[5,22,10],[27,38,23],[28,38,24],[31,38,26],[23,39,27],[24,39,28],[25,39,29],[26,39,30],[23,47,40],[24,47,41],[25,47,42],[18,47,43],[48,60,40],[49,60,41],[50,60,42],[53,60,44],[40,61,48],[41,61,49],[42,61,50],[43,61,51],[44,61,52],[0,63,23],[18,63,25],[40,66,1],[43,66,3],[18,66,4],[41,66,5],[1,71,67]],
"unknownEdges":[],
"argumentIDList":[8,9,10,11,12,13,14,15,16,17,18,19,20,21,0,1,2,3,4,5,6,7],
"argumentNameList":["inv_main23:argument0","inv_main23:argument1","inv_main23:argument2","inv_main23:argument3","inv_main23_0_1:argument0","inv_main23_0_1:argument1","inv_main23_0_1:argument2","inv_main23_0_1:argument3","inv_main8:argument0","inv_main8:argument1","inv_main8:argument2","inv_main8_1_1:argument0","inv_main8_1_1:argument1","inv_main8_1_1:argument2","inv_main14:argument0","inv_main14:argument1","inv_main14:argument2","inv_main14:argument3","inv_main14_3_1:argument0","inv_main14_3_1:argument1","inv_main14_3_1:argument2","inv_main14_3_1:argument3"],
"predicateIndices":[1,6,23,27,40,48],
"predicateOccurrenceInClause":[4,2,4,2,4,2],
"predicateStrongConnectedComponent":[1,1,1,1,1,1],
"argumentEdges":[[2,1],[3,1],[4,1],[5,1],[7,6],[8,6],[9,6],[10,6],[24,23],[25,23],[26,23],[28,27],[29,27],[30,27],[41,40],[42,40],[43,40],[44,40],[49,48],[50,48],[51,48],[52,48]],
"guardASTEdges":[[17,20],[19,20],[21,22],[36,38],[37,38],[21,39],[45,47],[46,47],[58,60],[59,60],[21,61],[62,63],[64,66],[65,66],[69,71],[70,71]],
"ASTEdges":[],
"AST_1Edges":[[12,11],[2,13],[13,15],[4,16],[16,17],[5,19],[12,31],[24,32],[32,34],[25,35],[35,36],[26,37],[18,45],[44,46],[12,53],[42,54],[54,56],[43,57],[57,58],[44,59],[24,62],[18,64],[2,65],[3,68],[68,69],[18,70]],
"AST_2Edges":[[10,11],[9,14],[14,15],[15,16],[18,17],[18,19],[30,31],[29,33],[33,34],[34,35],[18,36],[18,37],[26,45],[41,46],[52,53],[51,55],[55,56],[56,57],[18,58],[18,59],[26,62],[44,64],[5,65],[5,68],[5,70]],
"templateASTEdges":[],
"templateEdges":[],
"verifHintTplPredEdges":[],
"verifHintTplPredPosNegEdges":[],
"verifHintTplEqTermEdges":[],
"verifHintTplInEqTermEdges":[],
"verifHintTplInEqTermPosNegEdges":[],
"dataFlowASTEdges":[],
"controlFlowHyperEdges":[[6,20,1],[1,22,6],[27,38,23],[23,39,27],[23,47,40],[48,60,40],[40,61,48],[0,63,23],[40,66,1],[1,71,67]],
"dataFlowHyperEdges":[[7,20,2],[8,20,3],[11,20,5],[2,22,7],[3,22,8],[4,22,9],[5,22,10],[28,38,24],[31,38,26],[24,39,28],[25,39,29],[26,39,30],[24,47,41],[25,47,42],[18,47,43],[49,60,41],[50,60,42],[53,60,44],[41,61,49],[42,61,50],[43,61,51],[44,61,52],[18,63,25],[43,66,3],[18,66,4],[41,66,5]],
"controlLocationEdgeForSCC":[],
"predicateTransitiveEdges":[],
"dummyFiled":[]
}