{
"nodeIds":[0,1,2,3,4,5,6,7,8,9,10,11,12,13,14,15,16,17,18,19,20,21,22,23,24,25,26,27,28,29,30,31,32,33,34,35,36,37,38,39,40,41],
"nodeSymbolList":["dummy","Initial","CONTROL_0","predicateArgument_0","predicateArgument_1","predicateArgument_2","-","+","=","7",">=","-2147483655",">=","91","guard_0","-","+","=",">=",">=","99","guard_1",">=",">=","2147483647","-","+","=","-7","guard_2",">=",">=","-","+","=","guard_3","FALSE","=","0","!",">=","guard_4"],
"falseIndices":[36],
"initialIndices":[1],
"argumentIndices":[3,4,5],
"argumentBoundList":[["None","None"],["None","None"],["None","None"]],
"argumentBinaryOccurrenceList":[0,0,0],
"argumentOccurrence":[0,0,0],
"templateIndices":[],
"templateRelevanceLabel":[],
"templateCostLabel":[],
"clauseIndices":[],
"guardIndices":[14,21,29,35,41],
"clauseBinaryOccurrenceInCounterExampleList":[0,0,0,0,1],
"predictedLabel":[],
"controlLocationIndices":[2],
"binaryAdjacentList":[[3,2],[3,7],[3,16],[3,22],[3,23],[3,25],[3,30],[3,31],[3,32],[3,40],[4,2],[4,6],[4,10],[4,12],[4,15],[4,18],[4,19],[4,26],[4,33],[4,40],[5,2],[5,37],[6,7],[7,8],[8,14],[9,8],[9,17],[10,14],[11,10],[11,18],[12,14],[13,12],[13,22],[15,16],[16,17],[17,21],[18,21],[19,21],[20,19],[20,30],[22,29],[23,29],[24,23],[24,31],[25,26],[26,27],[27,29],[28,27],[28,34],[30,35],[31,35],[32,33],[33,34],[34,35],[37,39],[38,37],[39,41],[40,41]],
"ternaryAdjacencyList":[[1,14,2],[1,21,2],[1,29,2],[1,35,2],[2,41,36]],
"unknownEdges":[],
"argumentIDList":[0,1,2],
"argumentNameList":["<Main: void main(JayArray_java_lang_String)>_Block19:argument0","<Main: void main(JayArray_java_lang_String)>_Block19:argument1","<Main: void main(JayArray_java_lang_String)>_Block19:argument2"],
"predicateIndices":[2],
"predicateOccurrenceInClause":[5],
"predicateStrongConnectedComponent":[0],
"argumentEdges":[[3,2],[4,2],[5,2]],
"guardASTEdges":[[8,14],[10,14],[12,14],[17,21],[18,21],[19,21],[22,29],[23,29],[27,29],[30,35],[31,35],[34,35],[39,41],[40,41]],
"ASTEdges":[],
"AST_1Edges":[[3,7],[7,8],[4,10],[13,12],[3,16],[16,17],[4,18],[20,19],[3,22],[24,23],[4,26],[26,27],[3,30],[24,31],[4,33],[33,34],[5,37],[37,39],[3,40]],
"AST_2Edges":[[4,6],[6,7],[9,8],[11,10],[4,12],[4,15],[15,16],[9,17],[11,18],[4,19],[13,22],[3,23],[3,25],[25,26],[28,27],[20,30],[3,31],[3,32],[32,33],[28,34],[38,37],[4,40]],
"templateASTEdges":[],
"templateEdges":[],
"verifHintTplPredEdges":[],
"verifHintTplPredPosNegEdges":[],
"verifHintTplEqTermEdges":[],
"verifHintTplInEqTermEdges":[],
"verifHintTplInEqTermPosNegEdges":[],
"dataFlowASTEdges":[],
"controlFlowHyperEdges":[[1,14,2],[1,21,2],[1,29,2],[1,35,2],[2,41,36]],
"dataFlowHyperEdges":[],
"controlLocationEdgeForSCC":[],
"predicateTransitiveEdges":[],
"dummyFiled":[]
}