{
"nodeIds":[0,1,2,3,4,5,6,7,8,9,10,11,12,13,14,15,16,17,18,19,20,21,22,23,24,25,26,27,28,29,30,31,32,33,34,35,36,37,38,39,40,41,42,43,44,45,46,47,48,49,50,51,52,53,54,55,56,57,58,59,60,61,62,63,64,65,66,67,68,69,70,71,72,73,74,75,76,77,78,79,80,81,82,83,84,85,86,87,88,89,90,91,92,93,94,95,96,97,98,99,100,101,102,103,104,105,106,107,108,109,110,111,112,113,114,115,116,117,118,119,120,121,122,123,124,125,126,127,128,129,130,131,132,133,134,135,136,137,138,139,140,141,142,143,144,145,146,147,148,149,150,151,152,153,154,155,156,157,158,159,160,161,162,163,164,165,166,167,168,169,170,171,172,173,174,175,176,177,178,179,180,181,182,183,184,185,186,187,188,189,190,191,192,193,194,195,196,197,198,199,200],
"nodeSymbolList":["predicateName_0","predicateName_1","predicateName_2","predicateName_3","predicateArgument_0","predicateArgument_1","predicateName_4","predicateArgument_2","predicateName_5","predicateName_6","predicateArgument_3","predicateArgument_4","FALSE","clause_0","true","clauseHead_0","clauseBody_0","clauseBody_1","clauseBody_2","clause_1","=","symbolicConstant_0","0","=","symbolicConstant_1","clauseHead_1","clauseArgument_0","clauseArgument_1","clauseBody_3","clauseArgument_2","clauseBody_4","clause_2","clauseHead_2","clauseBody_5","clauseBody_6","clauseBody_7","clause_3","=","symbolicConstant_2","1","=","symbolicConstant_3","clauseHead_3","clauseArgument_3","clauseArgument_4","clauseBody_8","clauseArgument_5","clauseBody_9","clause_4","=","symbolicConstant_4","-1","!","=","!","clauseHead_4","clauseBody_10","clauseBody_11","clauseArgument_6","+","clauseBody_12","clause_5","=","symbolicConstant_5","!","=","!","clauseHead_5","clauseBody_13","clauseBody_14","clauseArgument_7","+","clauseBody_15","clause_6","=","symbolicConstant_6","!","=","!","clauseHead_6","clauseArgument_8","clauseBody_16","clauseBody_17","clauseBody_18","clauseArgument_9","+","clause_7","clauseHead_7","clauseArgument_10","symbolicConstant_7","clauseArgument_11","symbolicConstant_8","clauseBody_19","clauseArgument_12","clauseArgument_13","clauseBody_20","clauseBody_21","clause_8","=","symbolicConstant_9","-2","!","=","!","clauseHead_8","clauseBody_22","clauseArgument_14","+","+","clauseBody_23","clauseArgument_15","clauseArgument_16","symbolicConstant_10","clause_9","=","symbolicConstant_11","!","=","!","clauseHead_9","clauseBody_24","clauseArgument_17","+","2","clauseBody_25","clauseArgument_18","+","clauseArgument_19","symbolicConstant_12","clause_10","=","symbolicConstant_13","!","=","!","clauseHead_10","clauseArgument_20","clauseBody_26","clauseArgument_21","+","clauseBody_27","clauseArgument_22","+","clauseArgument_23","symbolicConstant_14","clause_11","+","symbolicConstant_15","symbolicConstant_16","=","symbolicConstant_17","=","symbolicConstant_18","!","=","!","clauseHead_11","clauseArgument_24","clauseArgument_25","clauseBody_28","clauseArgument_26","+","clauseArgument_27","clauseBody_29","clauseArgument_28","clauseBody_30","clauseArgument_29","+","clauseArgument_30","clause_12",">=","symbolicConstant_19",">=","symbolicConstant_20","clauseHead_12","clause_13",">=","symbolicConstant_21",">=","symbolicConstant_22","clauseHead_13","clause_14",">=","symbolicConstant_23",">=","symbolicConstant_24","clauseHead_14","clauseArgument_31","symbolicConstant_25","clause_15",">=","symbolicConstant_26",">=","symbolicConstant_27",">=","symbolicConstant_28","clauseHead_15","clauseBody_31","clauseArgument_32","symbolicConstant_29","clauseArgument_33"],
"falseIndices":[12],
"initialIndices":[],
"argumentIndices":[4,5,7,10,11],
"argumentBoundList":[[1,0],[1,0],[0,0],[1,0],[1,0]],
"argumentBinaryOccurrenceList":[0,0,0,0,0],
"argumentOccurrence":[0,0,0,0,0],
"templateIndices":[],
"templateRelevanceLabel":[],
"templateCostLabel":[],
"clauseIndices":[13,19,31,36,48,61,73,86,97,113,129,145,169,175,181,189],
"guardIndices":[],
"clauseBinaryOccurrenceInCounterExampleList":[0,0,0,0,0,0,0,0,0,0,0,0,0,0,0,0],
"predictedLabel":[],
"controlLocationIndices":[],
"binaryAdjacentList":[[0,15],[1,55],[1,104],[1,174],[2,67],[2,119],[2,180],[3,4],[3,5],[3,25],[3,42],[3,156],[4,26],[4,43],[4,93],[4,157],[4,160],[4,198],[5,27],[5,44],[5,94],[5,158],[5,162],[5,200],[6,7],[6,79],[6,135],[6,186],[7,29],[7,46],[7,58],[7,70],[7,80],[7,84],[7,106],[7,121],[7,136],[7,138],[7,164],[7,187],[8,32],[9,10],[9,11],[9,87],[10,88],[10,110],[10,125],[10,141],[10,166],[11,90],[11,111],[11,127],[11,143],[11,168],[12,196],[13,15],[14,13],[14,31],[14,86],[16,1],[16,13],[17,1],[17,13],[18,2],[18,13],[19,25],[20,19],[21,20],[22,20],[22,23],[22,29],[22,53],[22,65],[22,77],[22,154],[22,170],[22,172],[22,176],[22,178],[22,182],[22,184],[22,190],[22,194],[23,19],[24,23],[25,26],[25,27],[26,24],[27,21],[28,6],[28,19],[29,28],[30,0],[30,19],[31,32],[33,1],[33,31],[34,2],[34,31],[35,2],[35,31],[36,42],[37,36],[38,37],[39,37],[39,40],[39,46],[39,59],[39,71],[39,85],[39,107],[39,108],[39,126],[39,142],[39,151],[39,167],[40,36],[41,40],[42,43],[42,44],[43,41],[44,38],[45,6],[45,36],[46,45],[47,8],[47,36],[48,55],[49,52],[50,49],[50,53],[50,59],[51,49],[51,62],[51,74],[51,102],[51,117],[51,133],[51,192],[52,48],[53,54],[54,48],[56,2],[56,48],[57,6],[57,48],[58,57],[59,58],[60,1],[60,48],[61,67],[62,64],[63,62],[63,65],[63,71],[64,61],[65,66],[66,61],[68,1],[68,61],[69,6],[69,61],[70,69],[71,70],[72,2],[72,61],[73,79],[74,76],[75,74],[75,77],[75,85],[76,73],[77,78],[78,73],[79,80],[80,75],[81,1],[81,73],[82,2],[82,73],[83,6],[83,73],[84,83],[85,84],[86,87],[87,88],[87,90],[88,89],[89,93],[90,91],[91,94],[92,3],[92,86],[93,92],[94,92],[95,1],[95,86],[96,2],[96,86],[97,104],[98,101],[99,98],[99,102],[99,107],[100,98],[100,114],[100,130],[100,161],[101,97],[102,103],[103,97],[105,6],[105,97],[106,105],[107,108],[107,110],[108,106],[109,9],[109,97],[110,109],[111,109],[112,111],[113,119],[114,116],[115,114],[115,117],[115,122],[115,126],[116,113],[117,118],[118,113],[120,6],[120,113],[121,120],[122,121],[123,122],[123,139],[124,9],[124,113],[125,124],[126,125],[127,124],[128,127],[129,135],[130,132],[131,130],[131,133],[131,139],[131,142],[132,129],[133,134],[134,129],[135,136],[136,131],[137,6],[137,129],[138,137],[139,138],[140,9],[140,129],[141,140],[142,141],[143,140],[144,143],[145,156],[146,149],[147,146],[147,162],[148,146],[148,168],[149,145],[150,149],[151,153],[152,151],[152,154],[152,161],[152,164],[153,145],[154,155],[155,145],[156,157],[156,158],[157,152],[158,150],[159,3],[159,145],[160,159],[161,160],[161,167],[162,159],[163,6],[163,145],[164,163],[165,9],[165,145],[166,165],[167,166],[168,165],[169,174],[170,169],[171,170],[172,169],[173,172],[175,180],[176,175],[177,176],[178,175],[179,178],[181,186],[182,181],[183,182],[184,181],[185,184],[186,187],[187,188],[189,196],[190,189],[191,190],[192,189],[193,192],[193,200],[194,189],[195,194],[197,3],[197,189],[198,197],[199,198],[200,197]],
"ternaryAdjacencyList":[],
"unknownEdges":[],
"argumentIDList":[1,2,0,3,4],
"argumentNameList":["P3:argument0","P3:argument1","P2:argument0","P3_P0_P1:argument0","P3_P0_P1:argument1"],
"predicateIndices":[0,1,2,3,6,8,9],
"predicateOccurrenceInClause":[2,10,10,6,12,2,5],
"predicateStrongConnectedComponent":[1,1,1,1,1,1,1],
"predicateArgumentEdges":[[3,4],[3,5],[6,7],[9,10],[9,11]],
"predicateInstanceEdges":[[0,15],[16,1],[17,1],[18,2],[3,25],[28,6],[30,0],[8,32],[33,1],[34,2],[35,2],[3,42],[45,6],[47,8],[1,55],[56,2],[57,6],[60,1],[2,67],[68,1],[69,6],[72,2],[6,79],[81,1],[82,2],[83,6],[9,87],[92,3],[95,1],[96,2],[1,104],[105,6],[109,9],[2,119],[120,6],[124,9],[6,135],[137,6],[140,9],[3,156],[159,3],[163,6],[165,9],[1,174],[2,180],[6,186],[12,196],[197,3]],
"argumentInstanceEdges":[[4,26],[5,27],[7,29],[4,43],[5,44],[7,46],[7,58],[7,70],[7,80],[7,84],[10,88],[11,90],[4,93],[5,94],[7,106],[10,110],[11,111],[7,121],[10,125],[11,127],[7,136],[7,138],[10,141],[11,143],[4,157],[5,158],[4,160],[5,162],[7,164],[10,166],[11,168],[7,187],[4,198],[5,200]],
"controlHeadEdges":[[13,15],[19,25],[31,32],[36,42],[48,55],[61,67],[73,79],[86,87],[97,104],[113,119],[129,135],[145,156],[169,174],[175,180],[181,186],[189,196]],
"controlBodyEdges":[[16,13],[17,13],[18,13],[28,19],[30,19],[33,31],[34,31],[35,31],[45,36],[47,36],[56,48],[57,48],[60,48],[68,61],[69,61],[72,61],[81,73],[82,73],[83,73],[92,86],[95,86],[96,86],[105,97],[109,97],[120,113],[124,113],[137,129],[140,129],[159,145],[163,145],[165,145],[197,189]],
"controlEdges":[],
"controlArgumentEdges":[[25,26],[25,27],[29,28],[42,43],[42,44],[46,45],[58,57],[70,69],[79,80],[84,83],[87,88],[87,90],[93,92],[94,92],[106,105],[110,109],[111,109],[121,120],[125,124],[127,124],[135,136],[138,137],[141,140],[143,140],[156,157],[156,158],[160,159],[162,159],[164,163],[166,165],[168,165],[186,187],[198,197],[200,197]],
"subTermEdges":[[21,20],[22,20],[24,23],[22,23],[38,37],[39,37],[41,40],[39,40],[50,49],[51,49],[49,52],[50,53],[22,53],[53,54],[50,59],[39,59],[63,62],[51,62],[62,64],[63,65],[22,65],[65,66],[63,71],[39,71],[75,74],[51,74],[74,76],[75,77],[22,77],[77,78],[75,85],[39,85],[99,98],[100,98],[98,101],[99,102],[51,102],[102,103],[99,107],[39,107],[107,108],[39,108],[115,114],[100,114],[114,116],[115,117],[51,117],[117,118],[115,122],[123,122],[115,126],[39,126],[131,130],[100,130],[130,132],[131,133],[51,133],[133,134],[131,139],[123,139],[131,142],[39,142],[147,146],[148,146],[146,149],[150,149],[152,151],[39,151],[151,153],[152,154],[22,154],[154,155],[152,161],[100,161],[161,167],[39,167],[171,170],[22,170],[173,172],[22,172],[177,176],[22,176],[179,178],[22,178],[183,182],[22,182],[185,184],[22,184],[191,190],[22,190],[51,192],[193,192],[195,194],[22,194]],
"guardEdges":[[14,13],[20,19],[23,19],[14,31],[37,36],[40,36],[52,48],[54,48],[64,61],[66,61],[76,73],[78,73],[14,86],[101,97],[103,97],[116,113],[118,113],[132,129],[134,129],[149,145],[153,145],[155,145],[170,169],[172,169],[176,175],[178,175],[182,181],[184,181],[190,189],[192,189],[194,189]],
"dataEdges":[[26,24],[27,21],[22,29],[43,41],[44,38],[39,46],[59,58],[71,70],[80,75],[85,84],[88,89],[90,91],[89,93],[91,94],[108,106],[107,110],[112,111],[122,121],[126,125],[128,127],[136,131],[139,138],[142,141],[144,143],[157,152],[158,150],[161,160],[147,162],[152,164],[167,166],[148,168],[187,188],[199,198],[193,200]],
"predicateInstanceHeadEdges":[],
"predicateInstanceBodyEdges":[],
"controlArgumentHeadEdges":[],
"controlArgumentBodyEdges":[],
"guardConstantEdges":[],
"guardOperatorEdges":[],
"guardScEdges":[],
"dataConstantEdges":[],
"dataOperatorEdges":[],
"dataScEdges":[],
"subTermConstantOperatorEdges":[],
"subTermOperatorOperatorEdges":[],
"subTermScOperatorEdges":[],
"dummyFiled":[]
}