{
"nodeIds":[0,1,2,3,4,5,6,7,8,9,10,11],
"nodeSymbolList":["Initial","CONTROL_0","predicateArgument_0","false","guard_0",">=","2","guard_1","FALSE","=","0","guard_2"],
"falseIndices":[8],
"initialIndices":[0],
"argumentIndices":[2],
"argumentBoundList":[[1,0]],
"argumentBinaryOccurrenceList":[0],
"argumentOccurrence":[0],
"templateIndices":[],
"templateRelevanceLabel":[],
"templateCostLabel":[],
"clauseIndices":[],
"guardIndices":[4,7,11],
"clauseBinaryOccurrenceInCounterExampleList":[0,0,0],
"controlLocationIndices":[1],
"binaryAdjacentList":[[2,1],[2,5],[2,9],[3,4],[5,7],[6,5],[9,11],[10,9]],
"ternaryAdjacencyList":[[0,4,1],[0,7,1],[1,11,8]],
"unknownEdges":[],
"argumentIDList":[0],
"argumentNameList":["predh26_3:argument0"],
"predicateIndices":[1],
"predicateOccurrenceInClause":[3],
"predicateStrongConnectedComponent":[0],
"argumentEdges":[[2,1]],
"guardASTEdges":[[3,4],[5,7],[9,11]],
"ASTEdges":[],
"AST_1Edges":[[2,5],[2,9]],
"AST_2Edges":[[6,5],[10,9]],
"templateASTEdges":[],
"templateEdges":[],
"verifHintTplPredEdges":[],
"verifHintTplPredPosNegEdges":[],
"verifHintTplEqTermEdges":[],
"verifHintTplInEqTermEdges":[],
"verifHintTplInEqTermPosNegEdges":[],
"dataFlowASTEdges":[],
"controlFlowHyperEdges":[[0,4,1],[0,7,1],[1,11,8]],
"dataFlowHyperEdges":[],
"controlLocationEdgeForSCC":[],
"predicateTransitiveEdges":[],
"dummyFiled":[]
}