{
"nodeIds":[0,1,2,3,4,5,6,7,8,9,10,11,12,13,14,15,16,17,18,19,20,21,22,23,24,25],
"nodeSymbolList":["Initial","CONTROL_0","true","guard_0","CONTROL_1","guard_1","CONTROL_2","guard_2","guard_3","CONTROL_3","guard_4","guard_5","CONTROL_4","guard_6","guard_7","CONTROL_5","guard_8","guard_9","guard_10","guard_11","guard_12","guard_13","guard_14","guard_15","FALSE","guard_16"],
"falseIndices":[24],
"initialIndices":[0],
"argumentIndices":[],
"argumentBoundList":[],
"argumentBinaryOccurrenceList":[],
"argumentOccurrence":[],
"templateIndices":[],
"templateRelevanceLabel":[],
"templateCostLabel":[],
"clauseIndices":[],
"guardIndices":[3,5,7,8,10,11,13,14,16,17,18,19,20,21,22,23,25],
"clauseBinaryOccurrenceInCounterExampleList":[0,0,0,0,0,0,0,0,0,0,0,0,0,0,0,0,0],
"controlLocationIndices":[1,4,6,9,12,15],
"binaryAdjacentList":[[2,3],[2,5],[2,7],[2,8],[2,10],[2,11],[2,13],[2,14],[2,16],[2,17],[2,18],[2,19],[2,20],[2,21],[2,22],[2,23],[2,25]],
"ternaryAdjacencyList":[[0,3,1],[0,5,4],[6,7,1],[1,8,6],[9,10,1],[1,11,9],[12,13,1],[1,14,12],[15,16,1],[1,17,15],[1,18,4],[1,19,4],[1,20,4],[1,21,4],[1,22,4],[1,23,4],[4,25,24]],
"unknownEdges":[],
"argumentIDList":[],
"argumentNameList":[],
"predicateIndices":[1,4,6,9,12,15],
"predicateOccurrenceInClause":[15,8,2,2,2,2],
"predicateStrongConnectedComponent":[1,0,1,1,1,1],
"argumentEdges":[],
"guardASTEdges":[[2,3],[2,5],[2,7],[2,8],[2,10],[2,11],[2,13],[2,14],[2,16],[2,17],[2,18],[2,19],[2,20],[2,21],[2,22],[2,23],[2,25]],
"ASTEdges":[],
"AST_1Edges":[],
"AST_2Edges":[],
"templateASTEdges":[],
"templateEdges":[],
"verifHintTplPredEdges":[],
"verifHintTplPredPosNegEdges":[],
"verifHintTplEqTermEdges":[],
"verifHintTplInEqTermEdges":[],
"verifHintTplInEqTermPosNegEdges":[],
"dataFlowASTEdges":[],
"controlFlowHyperEdges":[[0,3,1],[0,5,4],[6,7,1],[1,8,6],[9,10,1],[1,11,9],[12,13,1],[1,14,12],[15,16,1],[1,17,15],[1,18,4],[1,19,4],[1,20,4],[1,21,4],[1,22,4],[1,23,4],[4,25,24]],
"dataFlowHyperEdges":[],
"controlLocationEdgeForSCC":[],
"predicateTransitiveEdges":[],
"dummyFiled":[]
}