{
"nodeIds":[0,1,2,3,4,5,6,7,8,9,10,11,12,13,14,15,16,17,18,19,20,21,22,23,24,25,26,27,28,29,30,31,32,33,34,35,36,37,38,39,40,41,42,43,44,45,46,47,48],
"nodeSymbolList":["dummy","Initial","CONTROL_0","predicateArgument_0","predicateArgument_1","0","true","guard_0","CONTROL_1","predicateArgument_2","predicateArgument_3","false","guard_1","=","guard_2","CONTROL_2","predicateArgument_4","predicateArgument_5","guard_3","-1","=","=","guard_4","CONTROL_3","predicateArgument_6","predicateArgument_7","+","1","+","=","6","!",">=","=","guard_5","=","guard_6","CONTROL_4","predicateArgument_8","predicateArgument_9","=","5","=","guard_7","=","=","guard_8","FALSE","guard_9"],
"falseIndices":[47],
"initialIndices":[1],
"argumentIndices":[3,4,9,10,16,17,24,25,38,39],
"argumentBoundList":[["None","None"],["None","None"],["None","None"],["None","None"],["None","None"],["None","None"],["None","None"],["None","None"],["None","None"],["None","None"]],
"argumentBinaryOccurrenceList":[0,0,0,0,0,0,0,0,0,0],
"argumentOccurrence":[0,0,0,0,0,0,0,0,0,0],
"templateIndices":[],
"templateRelevanceLabel":[],
"templateCostLabel":[],
"clauseIndices":[],
"guardIndices":[7,12,14,18,22,34,36,43,46,48],
"clauseBinaryOccurrenceInCounterExampleList":[1,0,0,0,0,0,0,0,0,1],
"predictedLabel":[],
"controlLocationIndices":[2,8,15,23,37],
"binaryAdjacentList":[[2,2],[3,2],[3,20],[3,33],[3,44],[4,2],[4,21],[4,29],[4,32],[4,33],[4,45],[6,7],[6,48],[8,8],[9,8],[9,13],[10,8],[10,13],[11,12],[11,18],[13,14],[15,15],[16,15],[17,15],[19,20],[19,21],[20,22],[21,22],[23,23],[24,23],[24,26],[24,35],[25,23],[25,28],[25,35],[27,26],[27,28],[27,32],[29,31],[30,29],[31,34],[32,34],[33,34],[35,36],[37,37],[38,37],[38,40],[39,37],[39,42],[40,43],[41,40],[41,42],[41,44],[41,45],[42,43],[44,46],[45,46]],
"ternaryAdjacencyList":[[1,7,2],[5,7,3],[5,7,4],[8,12,2],[2,14,8],[3,14,9],[4,14,9],[15,18,2],[2,22,15],[19,22,16],[19,22,17],[23,34,2],[26,34,4],[28,34,4],[2,36,23],[3,36,24],[4,36,24],[37,43,2],[5,43,3],[5,43,4],[2,46,37],[41,46,38],[41,46,39],[2,48,47]],
"unknownEdges":[],
"argumentIDList":[0,1,2,3,4,5,6,7,8,9],
"argumentNameList":["state:argument0","state:argument1","state_1_1:argument0","state_1_1:argument1","state_2_1:argument0","state_2_1:argument1","state_3_1:argument0","state_3_1:argument1","state_4_1:argument0","state_4_1:argument1"],
"predicateIndices":[2,8,15,23,37],
"predicateOccurrenceInClause":[10,2,2,2,2],
"predicateStrongConnectedComponent":[1,1,1,1,1],
"argumentEdges":[[3,2],[4,2],[9,8],[10,8],[16,15],[17,15],[24,23],[25,23],[38,37],[39,37]],
"guardASTEdges":[[6,7],[11,12],[13,14],[11,18],[20,22],[21,22],[31,34],[32,34],[33,34],[35,36],[40,43],[42,43],[44,46],[45,46],[6,48]],
"ASTEdges":[],
"AST_1Edges":[[10,13],[3,20],[4,21],[27,26],[27,28],[4,29],[29,31],[4,32],[3,33],[25,35],[38,40],[39,42],[3,44],[4,45]],
"AST_2Edges":[[9,13],[19,20],[19,21],[24,26],[25,28],[30,29],[27,32],[4,33],[24,35],[41,40],[41,42],[41,44],[41,45]],
"templateASTEdges":[],
"templateEdges":[],
"verifHintTplPredEdges":[],
"verifHintTplPredPosNegEdges":[],
"verifHintTplEqTermEdges":[],
"verifHintTplInEqTermEdges":[],
"verifHintTplInEqTermPosNegEdges":[],
"dataFlowASTEdges":[],
"controlFlowHyperEdges":[[1,7,2],[8,12,2],[2,14,8],[15,18,2],[2,22,15],[23,34,2],[2,36,23],[37,43,2],[2,46,37],[2,48,47]],
"dataFlowHyperEdges":[[5,7,3],[5,7,4],[3,14,9],[4,14,9],[19,22,16],[19,22,17],[26,34,4],[28,34,4],[3,36,24],[4,36,24],[5,43,3],[5,43,4],[41,46,38],[41,46,39]],
"controlLocationEdgeForSCC":[],
"predicateTransitiveEdges":[[2,2],[15,15],[8,8],[37,37],[23,23]],
"dummyFiled":[]
}